name,tag,root,declaration_shape,declared_use_role,transition_field_role,independent_literal_zero,resolved_file_value,unit,prior_status,empirical_status
actin_chem.capping_conc,EXAMPLE,actin_chem.capping_conc,other_valued_input,other_declared_input,,False,1.0,uM,target_without_band,not_adjudicated
actin_chem.capping_formin_k_off,EXAMPLE,actin_chem.capping_formin_k_off,other_valued_input,other_declared_input,,False,0.00202,1/s,target_without_band,not_adjudicated
actin_chem.capping_formin_k_on,EXAMPLE,actin_chem.capping_formin_k_on,other_valued_input,other_declared_input,,False,0.21,1/(uM.s),target_without_band,not_adjudicated
actin_chem.capping_k_off,EXAMPLE,actin_chem.capping_k_off,other_valued_input,other_declared_input,,False,0.0004,1/s,target_without_band,not_adjudicated
actin_chem.capping_k_on,EXAMPLE,actin_chem.capping_k_on,other_valued_input,other_declared_input,,False,3.5,1/(uM.s),target_without_band,not_adjudicated
actin_chem.cofilin_conc,EXAMPLE,actin_chem.cofilin_conc,other_valued_input,other_declared_input,,False,20.0,uM,declared_band_unverified,not_adjudicated
actin_chem.cofilin_decorated_fraction,EXAMPLE,actin_chem.cofilin_decorated_fraction,other_valued_input,other_declared_input,,False,0.05,1,target_without_band,not_adjudicated
actin_chem.cofilin_severing_rate,EXAMPLE,actin_chem.cofilin_severing_rate,other_valued_input,other_declared_input,,False,0.01,1/(um.s),target_without_band,not_adjudicated
actin_chem.end_segment_band_hi,EXAMPLE,actin_chem.end_segment_band_hi,other_valued_input,other_declared_input,,False,2.0,1,target_without_band,not_adjudicated
actin_chem.end_segment_band_lo,EXAMPLE,actin_chem.end_segment_band_lo,other_valued_input,other_declared_input,,False,0.5,1,target_without_band,not_adjudicated
actin_chem.g_actin_exchange,EXAMPLE,actin_chem.g_actin_exchange,other_valued_input,other_declared_input,,False,0.009,1/s,target_without_band,not_adjudicated
actin_chem.g_actin_free,EXAMPLE,actin_chem.g_actin_free,other_valued_input,other_declared_input,,False,0.5,uM,declared_band_unverified,not_adjudicated
actin_chem.g_actin_pi_release,EXAMPLE,actin_chem.g_actin_pi_release,other_valued_input,other_declared_input,,False,10000.0,1/s,target_without_band,not_adjudicated
actin_chem.g_actin_total,EXAMPLE,actin_chem.g_actin_total,other_valued_input,other_declared_input,,False,100.0,uM,target_without_band,not_adjudicated
actin_chem.k_hydrolysis,EXAMPLE,actin_chem.k_hydrolysis,other_valued_input,other_declared_input,,False,0.3,1/s,target_without_band,not_adjudicated
actin_chem.k_off_barbed_adp,SOURCED,actin_chem.k_off_barbed_adp,other_valued_input,other_declared_input,,False,7.2,1/s,sourced_without_spread,not_adjudicated
actin_chem.k_off_barbed_adppi,EXAMPLE,actin_chem.k_off_barbed_adppi,other_valued_input,other_declared_input,,False,0.2,1/s,target_without_band,not_adjudicated
actin_chem.k_off_barbed_atp,SOURCED,actin_chem.k_off_barbed_atp,other_valued_input,other_declared_input,,False,1.4,1/s,sourced_without_spread,not_adjudicated
actin_chem.k_off_pointed_adp,SOURCED,actin_chem.k_off_pointed_adp,other_valued_input,other_declared_input,,False,0.27,1/s,sourced_without_spread,not_adjudicated
actin_chem.k_off_pointed_adppi,EXAMPLE,actin_chem.k_off_pointed_adppi,other_valued_input,other_declared_input,,False,0.02,1/s,target_without_band,not_adjudicated
actin_chem.k_off_pointed_atp,SOURCED,actin_chem.k_off_pointed_atp,other_valued_input,other_declared_input,,False,0.8,1/s,sourced_without_spread,not_adjudicated
actin_chem.k_on_barbed_adp,SOURCED,actin_chem.k_on_barbed_adp,other_valued_input,other_declared_input,,False,3.8,1/(uM.s),sourced_without_spread,not_adjudicated
actin_chem.k_on_barbed_adppi,EXAMPLE,actin_chem.k_on_barbed_adppi,other_valued_input,other_declared_input,,False,3.4,1/(uM.s),target_without_band,not_adjudicated
actin_chem.k_on_barbed_atp,SWEPT,actin_chem.k_on_barbed_atp,other_valued_input,other_declared_input,,False,11.6,1/(uM.s),declared_range_unverified,not_adjudicated
actin_chem.k_on_pointed_adp,SOURCED,actin_chem.k_on_pointed_adp,other_valued_input,other_declared_input,,False,0.16,1/(uM.s),sourced_without_spread,not_adjudicated
actin_chem.k_on_pointed_adppi,EXAMPLE,actin_chem.k_on_pointed_adppi,other_valued_input,other_declared_input,,False,0.11,1/(uM.s),target_without_band,not_adjudicated
actin_chem.k_on_pointed_atp,SOURCED,actin_chem.k_on_pointed_atp,other_valued_input,other_declared_input,,False,1.3,1/(uM.s),sourced_without_spread,not_adjudicated
actin_chem.k_pi_release,EXAMPLE,actin_chem.k_pi_release,other_valued_input,other_declared_input,,False,0.003,1/s,declared_band_unverified,not_adjudicated
actin_chem.k_pi_release_barbed,EXAMPLE,actin_chem.k_pi_release_barbed,other_valued_input,other_declared_input,,False,1.8,1/s,target_without_band,not_adjudicated
actin_chem.k_pi_release_pointed,EXAMPLE,actin_chem.k_pi_release_pointed,other_valued_input,other_declared_input,,False,2.0,1/s,target_without_band,not_adjudicated
actin_chem.monomer_rise,EXAMPLE,actin_chem.monomer_rise,other_valued_input,other_declared_input,,False,0.0027,um,target_without_band,not_adjudicated
actin_chem.profilin_adp_kd,EXAMPLE,actin_chem.profilin_adp_kd,other_valued_input,other_declared_input,,False,0.17,uM,target_without_band,not_adjudicated
actin_chem.profilin_adppi_kd,EXAMPLE,actin_chem.profilin_kd,bound_alias,bound_alias,,False,0.1,uM,bound_not_independent,not_adjudicated
actin_chem.profilin_conc,EXAMPLE,actin_chem.profilin_conc,other_valued_input,other_declared_input,,False,50.0,uM,declared_band_unverified,not_adjudicated
actin_chem.profilin_exchange,EXAMPLE,actin_chem.profilin_exchange,other_valued_input,other_declared_input,,False,1.4,1/s,target_without_band,not_adjudicated
actin_chem.profilin_k_off_barbed_adp,EXAMPLE,actin_chem.profilin_k_off_barbed_adp,other_valued_input,other_declared_input,,False,12.2,1/s,target_without_band,not_adjudicated
actin_chem.profilin_k_off_barbed_adppi,EXAMPLE,actin_chem.profilin_k_off_barbed_adppi,other_valued_input,other_declared_input,,False,8.6,1/s,target_without_band,not_adjudicated
actin_chem.profilin_k_off_barbed_atp,EXAMPLE,actin_chem.profilin_k_off_barbed_atp,other_valued_input,other_declared_input,,False,52.4,1/s,target_without_band,not_adjudicated
actin_chem.profilin_k_on,EXAMPLE,actin_chem.profilin_k_on,other_valued_input,other_declared_input,,False,40.0,1/(uM.s),target_without_band,not_adjudicated
actin_chem.profilin_k_on_barbed_adp,EXAMPLE,actin_chem.profilin_k_on_barbed_adp,other_valued_input,other_declared_input,,False,0.3,1/(uM.s),target_without_band,not_adjudicated
actin_chem.profilin_k_on_barbed_adppi,EXAMPLE,actin_chem.profilin_k_on_barbed_adppi,other_valued_input,other_declared_input,,False,4.1,1/(uM.s),target_without_band,not_adjudicated
actin_chem.profilin_k_on_barbed_atp,EXAMPLE,actin_chem.profilin_k_on_barbed_atp,other_valued_input,other_declared_input,,False,11.4,1/(uM.s),target_without_band,not_adjudicated
actin_chem.profilin_kd,EXAMPLE,actin_chem.profilin_kd,other_valued_input,other_declared_input,,False,0.1,uM,target_without_band,not_adjudicated
actin_chem.profilin_tip_k_off,EXAMPLE,actin_chem.profilin_tip_k_off,other_valued_input,other_declared_input,,False,495.0,1/s,target_without_band,not_adjudicated
actin_chem.profilin_tip_kd_adp,EXAMPLE,actin_chem.profilin_tip_kd_adp,other_valued_input,other_declared_input,,False,0.9,uM,target_without_band,not_adjudicated
actin_chem.profilin_tip_kd_adppi,EXAMPLE,actin_chem.profilin_tip_kd_adppi,other_valued_input,other_declared_input,,False,10.2,uM,target_without_band,not_adjudicated
actin_chem.profilin_tip_kd_atp,EXAMPLE,actin_chem.profilin_tip_kd_atp,other_valued_input,other_declared_input,,False,226.0,uM,target_without_band,not_adjudicated
actin_chem.severing_reserve_fraction,EXAMPLE,actin_chem.severing_reserve_fraction,other_valued_input,other_declared_input,,False,0.5,1,target_without_band,not_adjudicated
actin_chem.thymosin_adp_kd,EXAMPLE,actin_chem.thymosin_adp_kd,other_valued_input,other_declared_input,,False,100.0,uM,target_without_band,not_adjudicated
actin_chem.thymosin_adppi_kd,EXAMPLE,actin_chem.thymosin_kd,bound_alias,bound_alias,,False,2.0,uM,bound_not_independent,not_adjudicated
actin_chem.thymosin_conc,EXAMPLE,actin_chem.thymosin_conc,other_valued_input,other_declared_input,,False,200.0,uM,declared_band_unverified,not_adjudicated
actin_chem.thymosin_k_on,EXAMPLE,actin_chem.thymosin_k_on,other_valued_input,other_declared_input,,False,1.7,1/(uM.s),target_without_band,not_adjudicated
actin_chem.thymosin_kd,EXAMPLE,actin_chem.thymosin_kd,other_valued_input,other_declared_input,,False,2.0,uM,target_without_band,not_adjudicated
actin_chem.unit_chemistry_enabled,EXAMPLE,actin_chem.unit_chemistry_enabled,other_valued_input,other_declared_input,,True,0,1,target_without_band,not_adjudicated
arp23.branch_angle,EXAMPLE,arp23.branch_angle,other_valued_input,other_declared_input,,False,70.0,deg,target_without_band,not_adjudicated
arp23.conc,EXAMPLE,arp23.conc,other_valued_input,other_declared_input,,False,2.0,uM,declared_band_unverified,not_adjudicated
arp23.debranch_rate,EXAMPLE,arp23.debranch_rate,other_valued_input,other_declared_input,,False,0.003,1/s,declared_band_unverified,not_adjudicated
arp23.k,EXAMPLE,arp23.k,other_valued_input,other_declared_input,,False,4600.0,pN/um,declared_band_unverified,not_adjudicated
arp23.k_theta,EXAMPLE,arp23.k_theta,other_valued_input,other_declared_input,,False,0.02,pN*um/rad^2,declared_band_unverified,not_adjudicated
arp23.nucleation_rate,EXAMPLE,arp23.nucleation_rate,other_valued_input,other_declared_input,,False,0.037,1/s,declared_band_unverified,not_adjudicated
arp23.nucleation_reserve_fraction,EXAMPLE,arp23.nucleation_reserve_fraction,other_valued_input,other_declared_input,,True,0.0,1,target_without_band,not_adjudicated
arp23_branch.debranch.f_char,EXAMPLE,arp23_branch.debranch.f_char,valued_transition_field,other_declared_input,load_force_declaration,True,0.0,pN,target_without_band,not_adjudicated
arp23_branch.debranch.rate,EXAMPLE,arp23.debranch_rate,bound_alias,bound_alias,rate_or_rate_input_alias,False,0.003,1/s,bound_not_independent,not_adjudicated
arp23_branch.debranch.rate_2,EXAMPLE,arp23_branch.debranch.rate_2,valued_transition_field,other_declared_input,second_exponential_slot,True,0.0,1/s,target_without_band,not_adjudicated
arp23_branch.debranch.sign,EXAMPLE,arp23_branch.debranch.sign,valued_transition_field,other_declared_input,load_direction_declaration,True,0.0,1,target_without_band,not_adjudicated
arp23_branch.debranch.stroke_dir,EXAMPLE,arp23_branch.debranch.stroke_dir,valued_transition_field,other_declared_input,displacement_direction_declaration,True,0.0,1,target_without_band,not_adjudicated
arp23_branch.debranch.stroke_len,EXAMPLE,arp23_branch.debranch.stroke_len,valued_transition_field,other_declared_input,displacement_declaration,True,0.0,um,target_without_band,not_adjudicated
arp23_branch.debranch.x_beta,EXAMPLE,arp23_branch.debranch.x_beta,valued_transition_field,other_declared_input,load_length_declaration,True,0.0,um,target_without_band,not_adjudicated
arp23_branch.debranch.x_beta_2,EXAMPLE,arp23_branch.debranch.x_beta_2,valued_transition_field,other_declared_input,second_exponential_slot,True,0.0,um,target_without_band,not_adjudicated
bundler_microvillus.attach.f_char,EXAMPLE,bundler_microvillus.attach.f_char,valued_transition_field,other_declared_input,load_force_declaration,True,0.0,pN,target_without_band,not_adjudicated
bundler_microvillus.attach.rate,EXAMPLE,microvillus_bundler.k_on,bound_alias,bound_alias,rate_or_rate_input_alias,False,1.0,1/s,bound_not_independent,not_adjudicated
bundler_microvillus.attach.rate_2,EXAMPLE,bundler_microvillus.attach.rate_2,valued_transition_field,other_declared_input,second_exponential_slot,True,0.0,1/s,target_without_band,not_adjudicated
bundler_microvillus.attach.sign,EXAMPLE,bundler_microvillus.attach.sign,valued_transition_field,other_declared_input,load_direction_declaration,True,0.0,1,target_without_band,not_adjudicated
bundler_microvillus.attach.stroke_dir,EXAMPLE,bundler_microvillus.attach.stroke_dir,valued_transition_field,other_declared_input,displacement_direction_declaration,True,0.0,1,target_without_band,not_adjudicated
bundler_microvillus.attach.stroke_len,EXAMPLE,bundler_microvillus.attach.stroke_len,valued_transition_field,other_declared_input,displacement_declaration,True,0.0,um,target_without_band,not_adjudicated
bundler_microvillus.attach.x_beta,EXAMPLE,bundler_microvillus.attach.x_beta,valued_transition_field,other_declared_input,load_length_declaration,True,0.0,um,target_without_band,not_adjudicated
bundler_microvillus.attach.x_beta_2,EXAMPLE,bundler_microvillus.attach.x_beta_2,valued_transition_field,other_declared_input,second_exponential_slot,True,0.0,um,target_without_band,not_adjudicated
bundler_microvillus.detach.f_char,EXAMPLE,bundler_microvillus.detach.f_char,valued_transition_field,other_declared_input,load_force_declaration,True,0.0,pN,target_without_band,not_adjudicated
bundler_microvillus.detach.rate,EXAMPLE,microvillus_bundler.k_off0,bound_alias,bound_alias,rate_or_rate_input_alias,False,0.1,1/s,bound_not_independent,not_adjudicated
bundler_microvillus.detach.rate_2,EXAMPLE,bundler_microvillus.detach.rate_2,valued_transition_field,other_declared_input,second_exponential_slot,True,0.0,1/s,target_without_band,not_adjudicated
bundler_microvillus.detach.sign,EXAMPLE,bundler_microvillus.detach.sign,valued_transition_field,other_declared_input,load_direction_declaration,False,1.0,1,target_without_band,not_adjudicated
bundler_microvillus.detach.stroke_dir,EXAMPLE,bundler_microvillus.detach.stroke_dir,valued_transition_field,other_declared_input,displacement_direction_declaration,True,0.0,1,target_without_band,not_adjudicated
bundler_microvillus.detach.stroke_len,EXAMPLE,bundler_microvillus.detach.stroke_len,valued_transition_field,other_declared_input,displacement_declaration,True,0.0,um,target_without_band,not_adjudicated
bundler_microvillus.detach.x_beta,EXAMPLE,microvillus_bundler.x_beta,bound_alias,bound_alias,load_length_declaration,False,0.0004,um,bound_not_independent,not_adjudicated
bundler_microvillus.detach.x_beta_2,EXAMPLE,bundler_microvillus.detach.x_beta_2,valued_transition_field,other_declared_input,second_exponential_slot,True,0.0,um,target_without_band,not_adjudicated
cargo.density,EXAMPLE,cargo.density,other_valued_input,other_declared_input,,False,1.0,pg/um^3,target_without_band,not_adjudicated
cargo.radius,EXAMPLE,cargo.radius,other_valued_input,other_declared_input,,False,0.06,um,target_without_band,not_adjudicated
cell.nc_ratio,SOURCED,cell.nc_ratio,other_valued_input,other_declared_input,,False,0.68,1,declared_spread_unverified,not_adjudicated
cell.radius,SOURCED,cell.radius,other_valued_input,other_declared_input,,False,7.5,um,sourced_without_spread,not_adjudicated
cell.seed,EXAMPLE,cell.seed,other_valued_input,replicate,,True,0,1,replicate_not_sampling_axis,not_adjudicated
cell.temperature,SOURCED,cell.temperature,other_valued_input,other_declared_input,,False,310.0,K,sourced_without_spread,not_adjudicated
chem.adp_conc,EXAMPLE,chem.adp_conc,other_valued_input,other_declared_input,,False,100.0,uM,declared_band_unverified,not_adjudicated
chem.atp_conc,EXAMPLE,chem.atp_conc,other_valued_input,other_declared_input,,False,3000.0,uM,declared_band_unverified,not_adjudicated
chem.debye_length,EXAMPLE,chem.debye_length,other_valued_input,other_declared_input,,False,0.0008,um,target_without_band,not_adjudicated
chem.delta_g_atp,EXAMPLE,chem.delta_g_atp,other_valued_input,other_declared_input,,False,0.0856,pN.um,target_without_band,not_adjudicated
chem.ionic_strength,EXAMPLE,chem.ionic_strength,other_valued_input,other_declared_input,,False,150.0,mM,target_without_band,not_adjudicated
chem.mg_free,EXAMPLE,chem.mg_free,other_valued_input,other_declared_input,,False,500.0,uM,target_without_band,not_adjudicated
chem.mgatp_kd,EXAMPLE,chem.mgatp_kd,other_valued_input,other_declared_input,,False,100.0,uM,target_without_band,not_adjudicated
chem.ph,EXAMPLE,chem.ph,other_valued_input,other_declared_input,,False,7.2,1,target_without_band,not_adjudicated
chem.pi_conc,EXAMPLE,chem.pi_conc,other_valued_input,other_declared_input,,False,1000.0,uM,declared_band_unverified,not_adjudicated
chem.solvent_permittivity,EXAMPLE,chem.solvent_permittivity,other_valued_input,other_declared_input,,False,73.2,1,declared_band_unverified,not_adjudicated
chromatin.crosslink_fraction,SOURCED,chromatin.crosslink_fraction,other_valued_input,other_declared_input,,False,0.2,1,sourced_without_spread,not_adjudicated
chromatin.density,EXAMPLE,chromatin.density,other_valued_input,other_declared_input,,False,0.2,pg/um^3,target_without_band,not_adjudicated
chromatin.k_backbone,SOURCED,chromatin.k_backbone,other_valued_input,other_declared_input,,False,1600.0,pN/um,sourced_without_spread,not_adjudicated
chromatin.n_subunits,EXAMPLE,chromatin.n_subunits,other_valued_input,other_declared_input,,False,552,1,target_without_band,not_adjudicated
chromatin.seg,EXAMPLE,resolution.spacing,bound_alias,bound_alias,,False,0.05,um,bound_not_independent,not_adjudicated
chromatin.shell_links,SOURCED,chromatin.shell_links,other_valued_input,other_declared_input,,False,40,1,sourced_without_spread,not_adjudicated
chromatin.subunit,SOURCED,chromatin.subunit,other_valued_input,other_declared_input,,False,0.6,um,sourced_without_spread,not_adjudicated
chromatin_crosslink.k,EXAMPLE,chromatin.k_backbone,bound_alias,bound_alias,,False,1600.0,pN/um,bound_not_independent,not_adjudicated
chromatin_lamina.k,EXAMPLE,chromatin.k_backbone,bound_alias,bound_alias,,False,1600.0,pN/um,bound_not_independent,not_adjudicated
clutch.count_per_fa,EXAMPLE,clutch.count_per_fa,other_valued_input,other_declared_input,,False,75,1,target_without_band,not_adjudicated
clutch.f_bond,EXAMPLE,clutch.f_bond,other_valued_input,other_declared_input,,False,2.0,pN,target_without_band,not_adjudicated
clutch.k,SOURCED,clutch.k,other_valued_input,other_declared_input,,False,800.0,pN/um,sourced_without_spread,not_adjudicated
clutch.k_off0,EXAMPLE,clutch.k_off0,other_valued_input,other_declared_input,,False,0.1,1/s,target_without_band,not_adjudicated
clutch.k_on,EXAMPLE,clutch.k_on,other_valued_input,other_declared_input,,False,0.3,1/s,target_without_band,not_adjudicated
cortex.areal_density,SOURCED,cortex.areal_density,other_valued_input,other_declared_input,,False,100.0,1/um^2,sourced_without_spread,not_adjudicated
cortex.arp23_fraction,EXAMPLE,cortex.arp23_fraction,other_valued_input,other_declared_input,,False,0.5,1,target_without_band,not_adjudicated
cortex.contour,EXAMPLE,cortex.contour,other_valued_input,other_declared_input,,False,3.0,um,target_without_band,not_adjudicated
cortex.dormant_fraction,EXAMPLE,cortex.dormant_fraction,other_valued_input,other_declared_input,,False,0.1,1,target_without_band,not_adjudicated
cortex.polarity_mix,EXAMPLE,cortex.polarity_mix,other_valued_input,other_declared_input,,False,0.5,1,target_without_band,not_adjudicated
cortex.proximal_fraction,EXAMPLE,cortex.proximal_fraction,other_valued_input,other_declared_input,,False,0.8,1,target_without_band,not_adjudicated
cortex.seg,SOURCED,resolution.spacing,bound_alias,bound_alias,,False,0.05,um,bound_not_independent,not_adjudicated
cortex.thickness,SOURCED,cortex.thickness,other_valued_input,other_declared_input,,False,0.2,um,sourced_without_spread,not_adjudicated
cortex.turnover_rate,EXAMPLE,cortex.turnover_rate,other_valued_input,observer_comparison,,False,0.03,1/s,target_without_band,not_adjudicated
crossbridge.attach.f_char,EXAMPLE,crossbridge.attach.f_char,valued_transition_field,other_declared_input,load_force_declaration,True,0.0,pN,target_without_band,not_adjudicated
crossbridge.attach.rate,EXAMPLE,crossbridge.k_on,bound_alias,bound_alias,rate_or_rate_input_alias,False,0.3,1/s,bound_not_independent,not_adjudicated
crossbridge.attach.rate_2,EXAMPLE,crossbridge.attach.rate_2,valued_transition_field,other_declared_input,second_exponential_slot,True,0.0,1/s,target_without_band,not_adjudicated
crossbridge.attach.sign,EXAMPLE,crossbridge.attach.sign,valued_transition_field,other_declared_input,load_direction_declaration,False,1,1,target_without_band,not_adjudicated
crossbridge.attach.stroke_dir,EXAMPLE,crossbridge.attach.stroke_dir,valued_transition_field,other_declared_input,displacement_direction_declaration,True,0,1,target_without_band,not_adjudicated
crossbridge.attach.stroke_len,EXAMPLE,crossbridge.attach.stroke_len,valued_transition_field,other_declared_input,displacement_declaration,True,0.0,um,target_without_band,not_adjudicated
crossbridge.attach.x_beta,EXAMPLE,crossbridge.attach.x_beta,valued_transition_field,other_declared_input,load_length_declaration,True,0.0,um,target_without_band,not_adjudicated
crossbridge.attach.x_beta_2,EXAMPLE,crossbridge.attach.x_beta_2,valued_transition_field,other_declared_input,second_exponential_slot,True,0.0,um,target_without_band,not_adjudicated
crossbridge.cycle_states,EXAMPLE,crossbridge.cycle_states,other_valued_input,other_declared_input,,False,3,1,target_without_band,not_adjudicated
crossbridge.detach_bound.f_char,EXAMPLE,crossbridge.detach_bound.f_char,valued_transition_field,other_declared_input,load_force_declaration,True,0.0,pN,target_without_band,not_adjudicated
crossbridge.detach_bound.rate,EXAMPLE,crossbridge.k_off0,bound_alias,bound_alias,rate_or_rate_input_alias,False,0.35,1/s,bound_not_independent,not_adjudicated
crossbridge.detach_bound.rate_2,EXAMPLE,crossbridge.detach_bound.rate_2,valued_transition_field,other_declared_input,second_exponential_slot,True,0.0,1/s,target_without_band,not_adjudicated
crossbridge.detach_bound.sign,EXAMPLE,crossbridge.detach_bound.sign,valued_transition_field,other_declared_input,load_direction_declaration,False,1,1,target_without_band,not_adjudicated
crossbridge.detach_bound.stroke_dir,EXAMPLE,crossbridge.detach_bound.stroke_dir,valued_transition_field,other_declared_input,displacement_direction_declaration,True,0,1,target_without_band,not_adjudicated
crossbridge.detach_bound.stroke_len,EXAMPLE,crossbridge.detach_bound.stroke_len,valued_transition_field,other_declared_input,displacement_declaration,True,0.0,um,target_without_band,not_adjudicated
crossbridge.detach_bound.x_beta,EXAMPLE,crossbridge.x_beta,bound_alias,bound_alias,load_length_declaration,False,0.0006,um,bound_not_independent,not_adjudicated
crossbridge.detach_bound.x_beta_2,EXAMPLE,crossbridge.detach_bound.x_beta_2,valued_transition_field,other_declared_input,second_exponential_slot,True,0.0,um,target_without_band,not_adjudicated
crossbridge.detach_stroked.f_char,EXAMPLE,crossbridge.detach_stroked.f_char,valued_transition_field,other_declared_input,load_force_declaration,True,0.0,pN,target_without_band,not_adjudicated
crossbridge.detach_stroked.rate,EXAMPLE,crossbridge.k_adp_release,bound_alias,bound_alias,rate_or_rate_input_alias,False,2.7,1/s,bound_not_independent,not_adjudicated
crossbridge.detach_stroked.rate_2,EXAMPLE,crossbridge.detach_stroked.rate_2,valued_transition_field,other_declared_input,second_exponential_slot,True,0.0,1/s,target_without_band,not_adjudicated
crossbridge.detach_stroked.sign,EXAMPLE,crossbridge.detach_stroked.sign,valued_transition_field,other_declared_input,load_direction_declaration,False,-1,1,target_without_band,not_adjudicated
crossbridge.detach_stroked.stroke_dir,EXAMPLE,crossbridge.detach_stroked.stroke_dir,valued_transition_field,other_declared_input,displacement_direction_declaration,True,0,1,target_without_band,not_adjudicated
crossbridge.detach_stroked.stroke_len,EXAMPLE,crossbridge.detach_stroked.stroke_len,valued_transition_field,other_declared_input,displacement_declaration,True,0.0,um,target_without_band,not_adjudicated
crossbridge.detach_stroked.x_beta,EXAMPLE,crossbridge.x_adp,bound_alias,bound_alias,load_length_declaration,False,0.0034,um,bound_not_independent,not_adjudicated
crossbridge.detach_stroked.x_beta_2,EXAMPLE,crossbridge.detach_stroked.x_beta_2,valued_transition_field,other_declared_input,second_exponential_slot,True,0.0,um,target_without_band,not_adjudicated
crossbridge.f_stall,SWEPT,crossbridge.f_stall,other_valued_input,other_declared_input,,False,2.0,pN,declared_range_unverified,not_adjudicated
crossbridge.iib.f_stall,EXAMPLE,crossbridge.iib.f_stall,other_valued_input,other_declared_input,,False,2.0,pN,target_without_band,not_adjudicated
crossbridge.iib.k_adp_release,SOURCED,crossbridge.iib.k_adp_release,other_valued_input,other_declared_input,,False,0.38,1/s,declared_spread_unverified,not_adjudicated
crossbridge.iib.k_off0,EXAMPLE,crossbridge.iib.k_off0,other_valued_input,other_declared_input,,False,0.35,1/s,target_without_band,not_adjudicated
crossbridge.iib.k_on,EXAMPLE,crossbridge.iib.k_on,other_valued_input,other_declared_input,,False,0.3,1/s,target_without_band,not_adjudicated
crossbridge.iib.k_stroke,EXAMPLE,crossbridge.iib.k_stroke,other_valued_input,other_declared_input,,False,22.0,1/s,target_without_band,not_adjudicated
crossbridge.iib.x_adp,SOURCED,crossbridge.iib.x_adp,other_valued_input,other_declared_input,,False,0.0053,um,declared_spread_unverified,not_adjudicated
crossbridge.k,SWEPT,crossbridge.k,other_valued_input,other_declared_input,,False,700.0,pN/um,declared_range_unverified,not_adjudicated
crossbridge.k_adp_release,SOURCED,crossbridge.k_adp_release,other_valued_input,other_declared_input,,False,2.7,1/s,declared_spread_unverified,not_adjudicated
crossbridge.k_adp_release_free,EXAMPLE,crossbridge.k_adp_release_free,other_valued_input,other_declared_input,,False,100.0,1/s,target_without_band,not_adjudicated
crossbridge.k_atp_apparent,EXAMPLE,crossbridge.k_atp_apparent,other_valued_input,other_declared_input,,False,0.5,1/(uM.s),target_without_band,not_adjudicated
crossbridge.k_atp_bind,EXAMPLE,crossbridge.k_atp_bind,other_valued_input,other_declared_input,,False,1.0,1/(uM.s),target_without_band,not_adjudicated
crossbridge.k_atp_bind_free,EXAMPLE,crossbridge.k_atp_bind_free,other_valued_input,other_declared_input,,False,1.0,1/(uM.s),target_without_band,not_adjudicated
crossbridge.k_atp_isomerize,EXAMPLE,crossbridge.k_atp_isomerize,other_valued_input,other_declared_input,,False,1000.0,1/s,target_without_band,not_adjudicated
crossbridge.k_hydrolysis,EXAMPLE,crossbridge.k_hydrolysis,other_valued_input,other_declared_input,,False,20.0,1/s,declared_band_unverified,not_adjudicated
crossbridge.k_off0,SWEPT,crossbridge.k_off0,other_valued_input,other_declared_input,,False,0.35,1/s,declared_range_unverified,not_adjudicated
crossbridge.k_on,SWEPT,crossbridge.k_on,other_valued_input,other_declared_input,,False,0.3,1/s,declared_range_unverified,not_adjudicated
crossbridge.k_pi_release,EXAMPLE,crossbridge.k_pi_release,other_valued_input,other_declared_input,,False,50.0,1/s,target_without_band,not_adjudicated
crossbridge.k_stroke,SWEPT,crossbridge.k_stroke,other_valued_input,other_declared_input,,False,22.0,1/s,declared_range_unverified,not_adjudicated
crossbridge.power_stroke.f_char,EXAMPLE,crossbridge.f_stall,bound_alias,bound_alias,load_force_declaration,False,2.0,pN,bound_not_independent,not_adjudicated
crossbridge.power_stroke.rate,EXAMPLE,crossbridge.k_stroke,bound_alias,bound_alias,rate_or_rate_input_alias,False,22.0,1/s,bound_not_independent,not_adjudicated
crossbridge.power_stroke.rate_2,EXAMPLE,crossbridge.power_stroke.rate_2,valued_transition_field,other_declared_input,second_exponential_slot,True,0.0,1/s,target_without_band,not_adjudicated
crossbridge.power_stroke.sign,EXAMPLE,crossbridge.power_stroke.sign,valued_transition_field,other_declared_input,load_direction_declaration,False,-1,1,target_without_band,not_adjudicated
crossbridge.power_stroke.stroke_dir,EXAMPLE,crossbridge.power_stroke.stroke_dir,valued_transition_field,other_declared_input,displacement_direction_declaration,False,-1,1,target_without_band,not_adjudicated
crossbridge.power_stroke.stroke_len,EXAMPLE,crossbridge.stroke,bound_alias,bound_alias,displacement_declaration,False,0.0055,um,bound_not_independent,not_adjudicated
crossbridge.power_stroke.x_beta,EXAMPLE,crossbridge.power_stroke.x_beta,valued_transition_field,other_declared_input,load_length_declaration,True,0.0,um,target_without_band,not_adjudicated
crossbridge.power_stroke.x_beta_2,EXAMPLE,crossbridge.power_stroke.x_beta_2,valued_transition_field,other_declared_input,second_exponential_slot,True,0.0,um,target_without_band,not_adjudicated
crossbridge.reach,EXAMPLE,crossbridge.reach,other_valued_input,other_declared_input,,False,0.05,um,target_without_band,not_adjudicated
crossbridge.stroke,SOURCED,crossbridge.stroke,other_valued_input,other_declared_input,,False,0.0055,um,sourced_without_spread,not_adjudicated
crossbridge.stroke_sign,EXAMPLE,crossbridge.stroke_sign,other_valued_input,other_declared_input,,False,1.0,1,target_without_band,not_adjudicated
crossbridge.x_adp,SOURCED,crossbridge.x_adp,other_valued_input,other_declared_input,,False,0.0034,um,declared_spread_unverified,not_adjudicated
crossbridge.x_beta,SOURCED,crossbridge.x_beta,other_valued_input,other_declared_input,,False,0.0006,um,sourced_without_spread,not_adjudicated
crosslink.arm_reach,EXAMPLE,crosslink.arm_reach,other_valued_input,other_declared_input,,False,0.03,um,declared_band_unverified,not_adjudicated
crosslink.attach.f_char,EXAMPLE,crosslink.attach.f_char,valued_transition_field,other_declared_input,load_force_declaration,True,0.0,pN,target_without_band,not_adjudicated
crosslink.attach.rate,EXAMPLE,crosslink.k_on,bound_alias,bound_alias,rate_or_rate_input_alias,False,10.0,1/s,bound_not_independent,not_adjudicated
crosslink.attach.rate_2,EXAMPLE,crosslink.attach.rate_2,valued_transition_field,other_declared_input,second_exponential_slot,True,0.0,1/s,target_without_band,not_adjudicated
crosslink.attach.sign,EXAMPLE,crosslink.attach.sign,valued_transition_field,other_declared_input,load_direction_declaration,False,1,1,target_without_band,not_adjudicated
crosslink.attach.stroke_dir,EXAMPLE,crosslink.attach.stroke_dir,valued_transition_field,other_declared_input,displacement_direction_declaration,True,0,1,target_without_band,not_adjudicated
crosslink.attach.stroke_len,EXAMPLE,crosslink.attach.stroke_len,valued_transition_field,other_declared_input,displacement_declaration,True,0.0,um,target_without_band,not_adjudicated
crosslink.attach.x_beta,EXAMPLE,crosslink.attach.x_beta,valued_transition_field,other_declared_input,load_length_declaration,True,0.0,um,target_without_band,not_adjudicated
crosslink.attach.x_beta_2,EXAMPLE,crosslink.attach.x_beta_2,valued_transition_field,other_declared_input,second_exponential_slot,True,0.0,um,target_without_band,not_adjudicated
crosslink.conc,EXAMPLE,crosslink.conc,other_valued_input,other_declared_input,,False,5.0,uM,declared_band_unverified,not_adjudicated
crosslink.detach.f_char,EXAMPLE,crosslink.detach.f_char,valued_transition_field,other_declared_input,load_force_declaration,True,0.0,pN,target_without_band,not_adjudicated
crosslink.detach.rate,EXAMPLE,crosslink.k_off0,bound_alias,bound_alias,rate_or_rate_input_alias,False,0.066,1/s,bound_not_independent,not_adjudicated
crosslink.detach.rate_2,EXAMPLE,crosslink.detach.rate_2,valued_transition_field,other_declared_input,second_exponential_slot,True,0.0,1/s,target_without_band,not_adjudicated
crosslink.detach.sign,EXAMPLE,crosslink.detach.sign,valued_transition_field,other_declared_input,load_direction_declaration,False,1,1,target_without_band,not_adjudicated
crosslink.detach.stroke_dir,EXAMPLE,crosslink.detach.stroke_dir,valued_transition_field,other_declared_input,displacement_direction_declaration,True,0,1,target_without_band,not_adjudicated
crosslink.detach.stroke_len,EXAMPLE,crosslink.detach.stroke_len,valued_transition_field,other_declared_input,displacement_declaration,True,0.0,um,target_without_band,not_adjudicated
crosslink.detach.x_beta,EXAMPLE,crosslink.x_beta,bound_alias,bound_alias,load_length_declaration,False,0.000275,um,bound_not_independent,not_adjudicated
crosslink.detach.x_beta_2,EXAMPLE,crosslink.detach.x_beta_2,valued_transition_field,other_declared_input,second_exponential_slot,True,0.0,um,target_without_band,not_adjudicated
crosslink.k,EXAMPLE,crosslink.k,other_valued_input,other_declared_input,,False,4600.0,pN/um,declared_band_unverified,not_adjudicated
crosslink.k_off0,SOURCED,crosslink.k_off0,other_valued_input,other_declared_input,,False,0.066,1/s,sourced_without_spread,not_adjudicated
crosslink.k_on,EXAMPLE,crosslink.k_on,other_valued_input,other_declared_input,,False,10.0,1/s,target_without_band,not_adjudicated
crosslink.length,EXAMPLE,crosslink.length,other_valued_input,other_declared_input,,False,0.035,um,target_without_band,not_adjudicated
crosslink.molecular_model,EXAMPLE,crosslink.molecular_model,other_valued_input,other_declared_input,,True,0,1,target_without_band,not_adjudicated
crosslink.molecular_weight,EXAMPLE,crosslink.molecular_weight,other_valued_input,other_declared_input,,False,206000,Da,declared_band_unverified,not_adjudicated
crosslink.radius,EXAMPLE,crosslink.radius,other_valued_input,other_declared_input,,False,0.005,um,declared_band_unverified,not_adjudicated
crosslink.reach,EXAMPLE,crosslink.reach,other_valued_input,other_declared_input,,False,0.06,um,target_without_band,not_adjudicated
crosslink.x_beta,SOURCED,crosslink.x_beta,other_valued_input,other_declared_input,,False,0.000275,um,sourced_without_spread,not_adjudicated
cytoplasm_actin.contour,EXAMPLE,cytoplasm_actin.contour,other_valued_input,other_declared_input,,False,2.0,um,declared_band_unverified,not_adjudicated
cytoplasm_actin.dormant_fraction,EXAMPLE,cytoplasm_actin.dormant_fraction,other_valued_input,other_declared_input,,False,0.1,1,target_without_band,not_adjudicated
cytoplasm_actin.f_actin_conc,SWEPT,cytoplasm_actin.f_actin_conc,other_valued_input,other_declared_input,,False,50.0,uM,declared_range_unverified,not_adjudicated
cytoplasm_actin.gap,EXAMPLE,if.gap,bound_alias,bound_alias,,False,0.15,um,bound_not_independent,not_adjudicated
cytoplasm_actin.polarity_mix,EXAMPLE,cytoplasm_actin.polarity_mix,other_valued_input,other_declared_input,,False,0.5,1,target_without_band,not_adjudicated
cytoplasm_actin.seg,EXAMPLE,resolution.spacing,bound_alias,bound_alias,,False,0.05,um,bound_not_independent,not_adjudicated
dynein.attach.f_char,EXAMPLE,dynein.attach.f_char,valued_transition_field,other_declared_input,load_force_declaration,True,0.0,pN,target_without_band,not_adjudicated
dynein.attach.rate,EXAMPLE,dynein.k_on,bound_alias,bound_alias,rate_or_rate_input_alias,False,1.0,1/s,bound_not_independent,not_adjudicated
dynein.attach.rate_2,EXAMPLE,dynein.attach.rate_2,valued_transition_field,other_declared_input,second_exponential_slot,True,0.0,1/s,target_without_band,not_adjudicated
dynein.attach.sign,EXAMPLE,dynein.attach.sign,valued_transition_field,other_declared_input,load_direction_declaration,True,0,1,target_without_band,not_adjudicated
dynein.attach.stroke_dir,EXAMPLE,dynein.attach.stroke_dir,valued_transition_field,other_declared_input,displacement_direction_declaration,True,0,1,target_without_band,not_adjudicated
dynein.attach.stroke_len,EXAMPLE,dynein.attach.stroke_len,valued_transition_field,other_declared_input,displacement_declaration,True,0.0,um,target_without_band,not_adjudicated
dynein.attach.x_beta,EXAMPLE,dynein.attach.x_beta,valued_transition_field,other_declared_input,load_length_declaration,True,0.0,um,target_without_band,not_adjudicated
dynein.attach.x_beta_2,EXAMPLE,dynein.attach.x_beta_2,valued_transition_field,other_declared_input,second_exponential_slot,True,0.0,um,target_without_band,not_adjudicated
dynein.count,EXAMPLE,dynein.count,other_valued_input,other_declared_input,,False,1000,1,target_without_band,not_adjudicated
dynein.detach_primed.f_char,EXAMPLE,dynein.stall_force,bound_alias,bound_alias,load_force_declaration,False,7.0,pN,bound_not_independent,not_adjudicated
dynein.detach_primed.rate,EXAMPLE,dynein.k_off0,bound_alias,bound_alias,rate_or_rate_input_alias,False,1.0,1/s,bound_not_independent,not_adjudicated
dynein.detach_primed.rate_2,EXAMPLE,dynein.detach_primed.rate_2,valued_transition_field,other_declared_input,second_exponential_slot,True,0.0,1/s,target_without_band,not_adjudicated
dynein.detach_primed.sign,EXAMPLE,dynein.detach_primed.sign,valued_transition_field,other_declared_input,load_direction_declaration,False,1,1,target_without_band,not_adjudicated
dynein.detach_primed.stroke_dir,EXAMPLE,dynein.detach_primed.stroke_dir,valued_transition_field,other_declared_input,displacement_direction_declaration,True,0,1,target_without_band,not_adjudicated
dynein.detach_primed.stroke_len,EXAMPLE,dynein.detach_primed.stroke_len,valued_transition_field,other_declared_input,displacement_declaration,True,0.0,um,target_without_band,not_adjudicated
dynein.detach_primed.x_beta,EXAMPLE,dynein.detach_primed.x_beta,valued_transition_field,other_declared_input,load_length_declaration,True,0.0,um,target_without_band,not_adjudicated
dynein.detach_primed.x_beta_2,EXAMPLE,dynein.detach_primed.x_beta_2,valued_transition_field,other_declared_input,second_exponential_slot,True,0.0,um,target_without_band,not_adjudicated
dynein.detach_stepped.f_char,EXAMPLE,dynein.stall_force,bound_alias,bound_alias,load_force_declaration,False,7.0,pN,bound_not_independent,not_adjudicated
dynein.detach_stepped.rate,EXAMPLE,dynein.k_off0,bound_alias,bound_alias,rate_or_rate_input_alias,False,1.0,1/s,bound_not_independent,not_adjudicated
dynein.detach_stepped.rate_2,EXAMPLE,dynein.detach_stepped.rate_2,valued_transition_field,other_declared_input,second_exponential_slot,True,0.0,1/s,target_without_band,not_adjudicated
dynein.detach_stepped.sign,EXAMPLE,dynein.detach_stepped.sign,valued_transition_field,other_declared_input,load_direction_declaration,False,1,1,target_without_band,not_adjudicated
dynein.detach_stepped.stroke_dir,EXAMPLE,dynein.detach_stepped.stroke_dir,valued_transition_field,other_declared_input,displacement_direction_declaration,True,0,1,target_without_band,not_adjudicated
dynein.detach_stepped.stroke_len,EXAMPLE,dynein.detach_stepped.stroke_len,valued_transition_field,other_declared_input,displacement_declaration,True,0.0,um,target_without_band,not_adjudicated
dynein.detach_stepped.x_beta,EXAMPLE,dynein.detach_stepped.x_beta,valued_transition_field,other_declared_input,load_length_declaration,True,0.0,um,target_without_band,not_adjudicated
dynein.detach_stepped.x_beta_2,EXAMPLE,dynein.detach_stepped.x_beta_2,valued_transition_field,other_declared_input,second_exponential_slot,True,0.0,um,target_without_band,not_adjudicated
dynein.k,EXAMPLE,dynein.k,other_valued_input,other_declared_input,,False,300.0,pN/um,target_without_band,not_adjudicated
dynein.k_off0,EXAMPLE,dynein.k_off0,other_valued_input,other_declared_input,,False,1.0,1/s,target_without_band,not_adjudicated
dynein.k_on,EXAMPLE,dynein.k_on,other_valued_input,other_declared_input,,False,1.0,1/s,target_without_band,not_adjudicated
dynein.primed_fraction,EXAMPLE,dynein.primed_fraction,other_valued_input,other_declared_input,,False,0.5,1,target_without_band,not_adjudicated
dynein.reach,EXAMPLE,dynein.reach,other_valued_input,other_declared_input,,False,0.05,um,target_without_band,not_adjudicated
dynein.reprime.f_char,EXAMPLE,dynein.reprime.f_char,valued_transition_field,other_declared_input,load_force_declaration,True,0.0,pN,target_without_band,not_adjudicated
dynein.reprime.rate,EXAMPLE,dynein.velocity,bound_alias,bound_alias,rate_or_rate_input_alias,False,1.0,um/s,bound_not_independent,not_adjudicated
dynein.reprime.rate_2,EXAMPLE,dynein.reprime.rate_2,valued_transition_field,other_declared_input,second_exponential_slot,True,0.0,1/s,target_without_band,not_adjudicated
dynein.reprime.sign,EXAMPLE,dynein.reprime.sign,valued_transition_field,other_declared_input,load_direction_declaration,True,0,1,target_without_band,not_adjudicated
dynein.reprime.stroke_dir,EXAMPLE,dynein.reprime.stroke_dir,valued_transition_field,other_declared_input,displacement_direction_declaration,True,0,1,target_without_band,not_adjudicated
dynein.reprime.stroke_len,EXAMPLE,dynein.reprime.stroke_len,valued_transition_field,other_declared_input,displacement_declaration,True,0.0,um,target_without_band,not_adjudicated
dynein.reprime.x_beta,EXAMPLE,dynein.reprime.x_beta,valued_transition_field,other_declared_input,load_length_declaration,True,0.0,um,target_without_band,not_adjudicated
dynein.reprime.x_beta_2,EXAMPLE,dynein.reprime.x_beta_2,valued_transition_field,other_declared_input,second_exponential_slot,True,0.0,um,target_without_band,not_adjudicated
dynein.run_length,EXAMPLE,dynein.run_length,other_valued_input,other_declared_input,,False,1.0,um,target_without_band,not_adjudicated
dynein.stall_force,EXAMPLE,dynein.stall_force,other_valued_input,other_declared_input,,False,7.0,pN,target_without_band,not_adjudicated
dynein.step,EXAMPLE,dynein.step,other_valued_input,other_declared_input,,False,0.008,um,target_without_band,not_adjudicated
dynein.velocity,EXAMPLE,dynein.velocity,other_valued_input,other_declared_input,,False,1.0,um/s,target_without_band,not_adjudicated
dynein.walk.f_char,EXAMPLE,dynein.stall_force,bound_alias,bound_alias,load_force_declaration,False,7.0,pN,bound_not_independent,not_adjudicated
dynein.walk.rate,EXAMPLE,dynein.velocity,bound_alias,bound_alias,rate_or_rate_input_alias,False,1.0,um/s,bound_not_independent,not_adjudicated
dynein.walk.rate_2,EXAMPLE,dynein.walk.rate_2,valued_transition_field,other_declared_input,second_exponential_slot,True,0.0,1/s,target_without_band,not_adjudicated
dynein.walk.sign,EXAMPLE,dynein.walk.sign,valued_transition_field,other_declared_input,load_direction_declaration,False,-1,1,target_without_band,not_adjudicated
dynein.walk.stroke_dir,EXAMPLE,dynein.walk.stroke_dir,valued_transition_field,other_declared_input,displacement_direction_declaration,False,-1,1,target_without_band,not_adjudicated
dynein.walk.stroke_len,EXAMPLE,dynein.step,bound_alias,bound_alias,displacement_declaration,False,0.008,um,bound_not_independent,not_adjudicated
dynein.walk.x_beta,EXAMPLE,dynein.walk.x_beta,valued_transition_field,other_declared_input,load_length_declaration,True,0.0,um,target_without_band,not_adjudicated
dynein.walk.x_beta_2,EXAMPLE,dynein.walk.x_beta_2,valued_transition_field,other_declared_input,second_exponential_slot,True,0.0,um,target_without_band,not_adjudicated
dynein_cargo.attach.f_char,EXAMPLE,dynein_cargo.attach.f_char,valued_transition_field,other_declared_input,load_force_declaration,True,0.0,pN,target_without_band,not_adjudicated
dynein_cargo.attach.rate,EXAMPLE,dynein.k_on,bound_alias,bound_alias,rate_or_rate_input_alias,False,1.0,1/s,bound_not_independent,not_adjudicated
dynein_cargo.attach.rate_2,EXAMPLE,dynein_cargo.attach.rate_2,valued_transition_field,other_declared_input,second_exponential_slot,True,0.0,1/s,target_without_band,not_adjudicated
dynein_cargo.attach.sign,EXAMPLE,dynein_cargo.attach.sign,valued_transition_field,other_declared_input,load_direction_declaration,True,0,1,target_without_band,not_adjudicated
dynein_cargo.attach.stroke_dir,EXAMPLE,dynein_cargo.attach.stroke_dir,valued_transition_field,other_declared_input,displacement_direction_declaration,True,0,1,target_without_band,not_adjudicated
dynein_cargo.attach.stroke_len,EXAMPLE,dynein_cargo.attach.stroke_len,valued_transition_field,other_declared_input,displacement_declaration,True,0.0,um,target_without_band,not_adjudicated
dynein_cargo.attach.x_beta,EXAMPLE,dynein_cargo.attach.x_beta,valued_transition_field,other_declared_input,load_length_declaration,True,0.0,um,target_without_band,not_adjudicated
dynein_cargo.attach.x_beta_2,EXAMPLE,dynein_cargo.attach.x_beta_2,valued_transition_field,other_declared_input,second_exponential_slot,True,0.0,um,target_without_band,not_adjudicated
dynein_cargo.detach_primed.f_char,EXAMPLE,dynein.stall_force,bound_alias,bound_alias,load_force_declaration,False,7.0,pN,bound_not_independent,not_adjudicated
dynein_cargo.detach_primed.rate,EXAMPLE,dynein.k_off0,bound_alias,bound_alias,rate_or_rate_input_alias,False,1.0,1/s,bound_not_independent,not_adjudicated
dynein_cargo.detach_primed.rate_2,EXAMPLE,dynein_cargo.detach_primed.rate_2,valued_transition_field,other_declared_input,second_exponential_slot,True,0.0,1/s,target_without_band,not_adjudicated
dynein_cargo.detach_primed.sign,EXAMPLE,dynein_cargo.detach_primed.sign,valued_transition_field,other_declared_input,load_direction_declaration,False,1,1,target_without_band,not_adjudicated
dynein_cargo.detach_primed.stroke_dir,EXAMPLE,dynein_cargo.detach_primed.stroke_dir,valued_transition_field,other_declared_input,displacement_direction_declaration,True,0,1,target_without_band,not_adjudicated
dynein_cargo.detach_primed.stroke_len,EXAMPLE,dynein_cargo.detach_primed.stroke_len,valued_transition_field,other_declared_input,displacement_declaration,True,0.0,um,target_without_band,not_adjudicated
dynein_cargo.detach_primed.x_beta,EXAMPLE,dynein_cargo.detach_primed.x_beta,valued_transition_field,other_declared_input,load_length_declaration,True,0.0,um,target_without_band,not_adjudicated
dynein_cargo.detach_primed.x_beta_2,EXAMPLE,dynein_cargo.detach_primed.x_beta_2,valued_transition_field,other_declared_input,second_exponential_slot,True,0.0,um,target_without_band,not_adjudicated
dynein_cargo.detach_stepped.f_char,EXAMPLE,dynein.stall_force,bound_alias,bound_alias,load_force_declaration,False,7.0,pN,bound_not_independent,not_adjudicated
dynein_cargo.detach_stepped.rate,EXAMPLE,dynein.k_off0,bound_alias,bound_alias,rate_or_rate_input_alias,False,1.0,1/s,bound_not_independent,not_adjudicated
dynein_cargo.detach_stepped.rate_2,EXAMPLE,dynein_cargo.detach_stepped.rate_2,valued_transition_field,other_declared_input,second_exponential_slot,True,0.0,1/s,target_without_band,not_adjudicated
dynein_cargo.detach_stepped.sign,EXAMPLE,dynein_cargo.detach_stepped.sign,valued_transition_field,other_declared_input,load_direction_declaration,False,1,1,target_without_band,not_adjudicated
dynein_cargo.detach_stepped.stroke_dir,EXAMPLE,dynein_cargo.detach_stepped.stroke_dir,valued_transition_field,other_declared_input,displacement_direction_declaration,True,0,1,target_without_band,not_adjudicated
dynein_cargo.detach_stepped.stroke_len,EXAMPLE,dynein_cargo.detach_stepped.stroke_len,valued_transition_field,other_declared_input,displacement_declaration,True,0.0,um,target_without_band,not_adjudicated
dynein_cargo.detach_stepped.x_beta,EXAMPLE,dynein_cargo.detach_stepped.x_beta,valued_transition_field,other_declared_input,load_length_declaration,True,0.0,um,target_without_band,not_adjudicated
dynein_cargo.detach_stepped.x_beta_2,EXAMPLE,dynein_cargo.detach_stepped.x_beta_2,valued_transition_field,other_declared_input,second_exponential_slot,True,0.0,um,target_without_band,not_adjudicated
dynein_cargo.reprime.f_char,EXAMPLE,dynein_cargo.reprime.f_char,valued_transition_field,other_declared_input,load_force_declaration,True,0.0,pN,target_without_band,not_adjudicated
dynein_cargo.reprime.rate,EXAMPLE,dynein.velocity,bound_alias,bound_alias,rate_or_rate_input_alias,False,1.0,um/s,bound_not_independent,not_adjudicated
dynein_cargo.reprime.rate_2,EXAMPLE,dynein_cargo.reprime.rate_2,valued_transition_field,other_declared_input,second_exponential_slot,True,0.0,1/s,target_without_band,not_adjudicated
dynein_cargo.reprime.sign,EXAMPLE,dynein_cargo.reprime.sign,valued_transition_field,other_declared_input,load_direction_declaration,True,0,1,target_without_band,not_adjudicated
dynein_cargo.reprime.stroke_dir,EXAMPLE,dynein_cargo.reprime.stroke_dir,valued_transition_field,other_declared_input,displacement_direction_declaration,True,0,1,target_without_band,not_adjudicated
dynein_cargo.reprime.stroke_len,EXAMPLE,dynein_cargo.reprime.stroke_len,valued_transition_field,other_declared_input,displacement_declaration,True,0.0,um,target_without_band,not_adjudicated
dynein_cargo.reprime.x_beta,EXAMPLE,dynein_cargo.reprime.x_beta,valued_transition_field,other_declared_input,load_length_declaration,True,0.0,um,target_without_band,not_adjudicated
dynein_cargo.reprime.x_beta_2,EXAMPLE,dynein_cargo.reprime.x_beta_2,valued_transition_field,other_declared_input,second_exponential_slot,True,0.0,um,target_without_band,not_adjudicated
dynein_cargo.walk.f_char,EXAMPLE,dynein.stall_force,bound_alias,bound_alias,load_force_declaration,False,7.0,pN,bound_not_independent,not_adjudicated
dynein_cargo.walk.rate,EXAMPLE,dynein.velocity,bound_alias,bound_alias,rate_or_rate_input_alias,False,1.0,um/s,bound_not_independent,not_adjudicated
dynein_cargo.walk.rate_2,EXAMPLE,dynein_cargo.walk.rate_2,valued_transition_field,other_declared_input,second_exponential_slot,True,0.0,1/s,target_without_band,not_adjudicated
dynein_cargo.walk.sign,EXAMPLE,dynein_cargo.walk.sign,valued_transition_field,other_declared_input,load_direction_declaration,False,-1,1,target_without_band,not_adjudicated
dynein_cargo.walk.stroke_dir,EXAMPLE,dynein_cargo.walk.stroke_dir,valued_transition_field,other_declared_input,displacement_direction_declaration,False,-1,1,target_without_band,not_adjudicated
dynein_cargo.walk.stroke_len,EXAMPLE,dynein.step,bound_alias,bound_alias,displacement_declaration,False,0.008,um,bound_not_independent,not_adjudicated
dynein_cargo.walk.x_beta,EXAMPLE,dynein_cargo.walk.x_beta,valued_transition_field,other_declared_input,load_length_declaration,True,0.0,um,target_without_band,not_adjudicated
dynein_cargo.walk.x_beta_2,EXAMPLE,dynein_cargo.walk.x_beta_2,valued_transition_field,other_declared_input,second_exponential_slot,True,0.0,um,target_without_band,not_adjudicated
envelope.area_modulus,SOURCED,envelope.area_modulus,other_valued_input,other_declared_input,,False,486000.0,pN/um,sourced_without_spread,not_adjudicated
envelope.areal_density,EXAMPLE,envelope.areal_density,other_valued_input,other_declared_input,,False,0.01,pg/um^2,target_without_band,not_adjudicated
envelope.double_sheet,EXAMPLE,envelope.double_sheet,other_valued_input,other_declared_input,,True,0,1,target_without_band,not_adjudicated
envelope.excess_area,SWEPT,envelope.excess_area,other_valued_input,other_declared_input,,False,0.3,1,declared_range_unverified,not_adjudicated
envelope.kappa_bend,EXAMPLE,envelope.kappa_bend,other_valued_input,other_declared_input,,False,4.0,pN.um,target_without_band,not_adjudicated
envelope.mesh,EXAMPLE,resolution.spacing,bound_alias,bound_alias,,False,0.05,um,bound_not_independent,not_adjudicated
envelope.mu_2d,EXAMPLE,envelope.mu_2d,other_valued_input,other_declared_input,,False,250.0,pN/um,declared_band_unverified,not_adjudicated
envelope.pore_density,EXAMPLE,envelope.pore_density,other_valued_input,other_declared_input,,False,5.0,1/um^2,declared_band_unverified,not_adjudicated
envelope.pore_length,EXAMPLE,envelope.pore_length,other_valued_input,other_declared_input,,False,0.05,um,declared_band_unverified,not_adjudicated
envelope.pore_radius,EXAMPLE,envelope.pore_radius,other_valued_input,other_declared_input,,False,0.0045,um,declared_band_unverified,not_adjudicated
envelope.pressure,EXAMPLE,envelope.pressure,other_valued_input,other_declared_input,,False,2.353,pN/um^2,target_without_band,not_adjudicated
envelope.spacing,EXAMPLE,envelope.spacing,other_valued_input,other_declared_input,,False,0.04,um,declared_band_unverified,not_adjudicated
envelope.tension,EXAMPLE,envelope.tension,other_valued_input,other_declared_input,,False,6.0,pN/um,target_without_band,not_adjudicated
envelope.volume_modulus,EXAMPLE,envelope.volume_modulus,other_valued_input,other_declared_input,,False,773100.0,pN/um^2,target_without_band,not_adjudicated
envelope.wrinkle_wavelength,EXAMPLE,envelope.wrinkle_wavelength,other_valued_input,other_declared_input,,False,1.0,um,target_without_band,not_adjudicated
envelope_inner.area_modulus,EXAMPLE,envelope.area_modulus,bound_alias,bound_alias,,False,486000.0,pN/um,bound_not_independent,not_adjudicated
envelope_inner.areal_density,EXAMPLE,envelope.areal_density,bound_alias,bound_alias,,False,0.01,pg/um^2,bound_not_independent,not_adjudicated
envelope_inner.excess_area,EXAMPLE,envelope.excess_area,bound_alias,bound_alias,,False,0.3,1,bound_not_independent,not_adjudicated
envelope_inner.kappa_bend,EXAMPLE,envelope.kappa_bend,bound_alias,bound_alias,,False,4.0,pN.um,bound_not_independent,not_adjudicated
envelope_inner.mesh,EXAMPLE,resolution.spacing,bound_alias,bound_alias,,False,0.05,um,bound_not_independent,not_adjudicated
envelope_inner.mu_2d,EXAMPLE,envelope.mu_2d,bound_alias,bound_alias,,False,250.0,pN/um,bound_not_independent,not_adjudicated
envelope_inner.pressure,EXAMPLE,envelope.pressure,bound_alias,bound_alias,,False,2.353,pN/um^2,bound_not_independent,not_adjudicated
envelope_inner.tension,EXAMPLE,envelope.tension,bound_alias,bound_alias,,False,6.0,pN/um,bound_not_independent,not_adjudicated
envelope_inner.volume_modulus,EXAMPLE,envelope.volume_modulus,bound_alias,bound_alias,,False,773100.0,pN/um^2,bound_not_independent,not_adjudicated
envelope_inner.wrinkle_wavelength,EXAMPLE,envelope.wrinkle_wavelength,bound_alias,bound_alias,,False,1.0,um,bound_not_independent,not_adjudicated
envelope_sheets.k,EXAMPLE,linc.k,bound_alias,bound_alias,,False,100.0,pN/um,bound_not_independent,not_adjudicated
erm.areal_density,SWEPT,erm.areal_density,other_valued_input,other_declared_input,,False,600.0,1/um^2,declared_range_unverified,not_adjudicated
erm.attach.f_char,EXAMPLE,erm.attach.f_char,valued_transition_field,other_declared_input,load_force_declaration,True,0.0,pN,target_without_band,not_adjudicated
erm.attach.rate,EXAMPLE,erm.k_on,bound_alias,bound_alias,rate_or_rate_input_alias,False,10.0,1/s,bound_not_independent,not_adjudicated
erm.attach.rate_2,EXAMPLE,erm.attach.rate_2,valued_transition_field,other_declared_input,second_exponential_slot,True,0.0,1/s,target_without_band,not_adjudicated
erm.attach.sign,EXAMPLE,erm.attach.sign,valued_transition_field,other_declared_input,load_direction_declaration,False,1,1,target_without_band,not_adjudicated
erm.attach.stroke_dir,EXAMPLE,erm.attach.stroke_dir,valued_transition_field,other_declared_input,displacement_direction_declaration,True,0,1,target_without_band,not_adjudicated
erm.attach.stroke_len,EXAMPLE,erm.attach.stroke_len,valued_transition_field,other_declared_input,displacement_declaration,True,0.0,um,target_without_band,not_adjudicated
erm.attach.x_beta,EXAMPLE,erm.attach.x_beta,valued_transition_field,other_declared_input,load_length_declaration,True,0.0,um,target_without_band,not_adjudicated
erm.attach.x_beta_2,EXAMPLE,erm.attach.x_beta_2,valued_transition_field,other_declared_input,second_exponential_slot,True,0.0,um,target_without_band,not_adjudicated
erm.detach.f_char,EXAMPLE,erm.detach.f_char,valued_transition_field,other_declared_input,load_force_declaration,True,0.0,pN,target_without_band,not_adjudicated
erm.detach.rate,EXAMPLE,erm.k_off0,bound_alias,bound_alias,rate_or_rate_input_alias,False,1.3,1/s,bound_not_independent,not_adjudicated
erm.detach.rate_2,EXAMPLE,erm.detach.rate_2,valued_transition_field,other_declared_input,second_exponential_slot,True,0.0,1/s,target_without_band,not_adjudicated
erm.detach.sign,EXAMPLE,erm.detach.sign,valued_transition_field,other_declared_input,load_direction_declaration,False,1,1,target_without_band,not_adjudicated
erm.detach.stroke_dir,EXAMPLE,erm.detach.stroke_dir,valued_transition_field,other_declared_input,displacement_direction_declaration,True,0,1,target_without_band,not_adjudicated
erm.detach.stroke_len,EXAMPLE,erm.detach.stroke_len,valued_transition_field,other_declared_input,displacement_declaration,True,0.0,um,target_without_band,not_adjudicated
erm.detach.x_beta,EXAMPLE,erm.x_beta,bound_alias,bound_alias,load_length_declaration,False,0.0007,um,bound_not_independent,not_adjudicated
erm.detach.x_beta_2,EXAMPLE,erm.detach.x_beta_2,valued_transition_field,other_declared_input,second_exponential_slot,True,0.0,um,target_without_band,not_adjudicated
erm.k,SOURCED,erm.k,other_valued_input,other_declared_input,,False,4600.0,pN/um,sourced_without_spread,not_adjudicated
erm.k_off0,SOURCED,erm.k_off0,other_valued_input,other_declared_input,,False,1.3,1/s,sourced_without_spread,not_adjudicated
erm.k_on,SWEPT,erm.k_on,other_valued_input,other_declared_input,,False,10.0,1/s,declared_range_unverified,not_adjudicated
erm.r0,SWEPT,erm.r0,other_valued_input,other_declared_input,,False,0.02,um,declared_range_unverified,not_adjudicated
erm.reach,SWEPT,erm.reach,other_valued_input,other_declared_input,,False,0.045,um,declared_range_unverified,not_adjudicated
erm.x_beta,SOURCED,erm.x_beta,other_valued_input,other_declared_input,,False,0.0007,um,sourced_without_spread,not_adjudicated
fascin.k,EXAMPLE,fascin.k,other_valued_input,other_declared_input,,False,1000.0,pN/um,target_without_band,not_adjudicated
fascin.k_off0,EXAMPLE,fascin.k_off0,other_valued_input,other_declared_input,,False,0.1,1/s,target_without_band,not_adjudicated
fascin.k_on,EXAMPLE,fascin.k_on,other_valued_input,other_declared_input,,False,1.0,1/s,target_without_band,not_adjudicated
fascin.length,EXAMPLE,fascin.length,other_valued_input,other_declared_input,,False,0.0085,um,target_without_band,not_adjudicated
fascin.sites_per_node,EXAMPLE,fascin.sites_per_node,other_valued_input,other_declared_input,,False,3.0,1,target_without_band,not_adjudicated
fascin.x_beta,EXAMPLE,fascin.x_beta,other_valued_input,other_declared_input,,False,0.0004,um,target_without_band,not_adjudicated
fascin_filopodium.attach.f_char,EXAMPLE,fascin_filopodium.attach.f_char,valued_transition_field,other_declared_input,load_force_declaration,True,0.0,pN,target_without_band,not_adjudicated
fascin_filopodium.attach.rate,EXAMPLE,fascin.k_on,bound_alias,bound_alias,rate_or_rate_input_alias,False,1.0,1/s,bound_not_independent,not_adjudicated
fascin_filopodium.attach.rate_2,EXAMPLE,fascin_filopodium.attach.rate_2,valued_transition_field,other_declared_input,second_exponential_slot,True,0.0,1/s,target_without_band,not_adjudicated
fascin_filopodium.attach.sign,EXAMPLE,fascin_filopodium.attach.sign,valued_transition_field,other_declared_input,load_direction_declaration,True,0.0,1,target_without_band,not_adjudicated
fascin_filopodium.attach.stroke_dir,EXAMPLE,fascin_filopodium.attach.stroke_dir,valued_transition_field,other_declared_input,displacement_direction_declaration,True,0.0,1,target_without_band,not_adjudicated
fascin_filopodium.attach.stroke_len,EXAMPLE,fascin_filopodium.attach.stroke_len,valued_transition_field,other_declared_input,displacement_declaration,True,0.0,um,target_without_band,not_adjudicated
fascin_filopodium.attach.x_beta,EXAMPLE,fascin_filopodium.attach.x_beta,valued_transition_field,other_declared_input,load_length_declaration,True,0.0,um,target_without_band,not_adjudicated
fascin_filopodium.attach.x_beta_2,EXAMPLE,fascin_filopodium.attach.x_beta_2,valued_transition_field,other_declared_input,second_exponential_slot,True,0.0,um,target_without_band,not_adjudicated
fascin_filopodium.detach.f_char,EXAMPLE,fascin_filopodium.detach.f_char,valued_transition_field,other_declared_input,load_force_declaration,True,0.0,pN,target_without_band,not_adjudicated
fascin_filopodium.detach.rate,EXAMPLE,fascin.k_off0,bound_alias,bound_alias,rate_or_rate_input_alias,False,0.1,1/s,bound_not_independent,not_adjudicated
fascin_filopodium.detach.rate_2,EXAMPLE,fascin_filopodium.detach.rate_2,valued_transition_field,other_declared_input,second_exponential_slot,True,0.0,1/s,target_without_band,not_adjudicated
fascin_filopodium.detach.sign,EXAMPLE,fascin_filopodium.detach.sign,valued_transition_field,other_declared_input,load_direction_declaration,False,1.0,1,target_without_band,not_adjudicated
fascin_filopodium.detach.stroke_dir,EXAMPLE,fascin_filopodium.detach.stroke_dir,valued_transition_field,other_declared_input,displacement_direction_declaration,True,0.0,1,target_without_band,not_adjudicated
fascin_filopodium.detach.stroke_len,EXAMPLE,fascin_filopodium.detach.stroke_len,valued_transition_field,other_declared_input,displacement_declaration,True,0.0,um,target_without_band,not_adjudicated
fascin_filopodium.detach.x_beta,EXAMPLE,fascin.x_beta,bound_alias,bound_alias,load_length_declaration,False,0.0004,um,bound_not_independent,not_adjudicated
fascin_filopodium.detach.x_beta_2,EXAMPLE,fascin_filopodium.detach.x_beta_2,valued_transition_field,other_declared_input,second_exponential_slot,True,0.0,um,target_without_band,not_adjudicated
filamin.arm_reach,EXAMPLE,filamin.arm_reach,other_valued_input,other_declared_input,,False,0.1,um,declared_band_unverified,not_adjudicated
filamin.attach.f_char,EXAMPLE,filamin.attach.f_char,valued_transition_field,other_declared_input,load_force_declaration,True,0.0,pN,target_without_band,not_adjudicated
filamin.attach.rate,EXAMPLE,filamin.k_on,bound_alias,bound_alias,rate_or_rate_input_alias,False,1.0,1/s,bound_not_independent,not_adjudicated
filamin.attach.rate_2,EXAMPLE,filamin.attach.rate_2,valued_transition_field,other_declared_input,second_exponential_slot,True,0.0,1/s,target_without_band,not_adjudicated
filamin.attach.sign,EXAMPLE,filamin.attach.sign,valued_transition_field,other_declared_input,load_direction_declaration,True,0.0,1,target_without_band,not_adjudicated
filamin.attach.stroke_dir,EXAMPLE,filamin.attach.stroke_dir,valued_transition_field,other_declared_input,displacement_direction_declaration,True,0.0,1,target_without_band,not_adjudicated
filamin.attach.stroke_len,EXAMPLE,filamin.attach.stroke_len,valued_transition_field,other_declared_input,displacement_declaration,True,0.0,um,target_without_band,not_adjudicated
filamin.attach.x_beta,EXAMPLE,filamin.attach.x_beta,valued_transition_field,other_declared_input,load_length_declaration,True,0.0,um,target_without_band,not_adjudicated
filamin.attach.x_beta_2,EXAMPLE,filamin.attach.x_beta_2,valued_transition_field,other_declared_input,second_exponential_slot,True,0.0,um,target_without_band,not_adjudicated
filamin.catch.f_char,EXAMPLE,filamin.catch.f_char,valued_transition_field,other_declared_input,load_force_declaration,True,0.0,pN,target_without_band,not_adjudicated
filamin.catch.rate,EXAMPLE,filamin.k_catch0,bound_alias,bound_alias,rate_or_rate_input_alias,False,0.1,1/s,bound_not_independent,not_adjudicated
filamin.catch.rate_2,EXAMPLE,filamin.catch.rate_2,valued_transition_field,other_declared_input,second_exponential_slot,True,0.0,1/s,target_without_band,not_adjudicated
filamin.catch.sign,EXAMPLE,filamin.catch.sign,valued_transition_field,other_declared_input,load_direction_declaration,True,0.0,1,target_without_band,not_adjudicated
filamin.catch.stroke_dir,EXAMPLE,filamin.catch.stroke_dir,valued_transition_field,other_declared_input,displacement_direction_declaration,True,0.0,1,target_without_band,not_adjudicated
filamin.catch.stroke_len,EXAMPLE,filamin.catch.stroke_len,valued_transition_field,other_declared_input,displacement_declaration,True,0.0,um,target_without_band,not_adjudicated
filamin.catch.x_beta,EXAMPLE,filamin.x_catch,bound_alias,bound_alias,load_length_declaration,False,0.0008,um,bound_not_independent,not_adjudicated
filamin.catch.x_beta_2,EXAMPLE,filamin.catch.x_beta_2,valued_transition_field,other_declared_input,second_exponential_slot,True,0.0,um,target_without_band,not_adjudicated
filamin.conc,EXAMPLE,filamin.conc,other_valued_input,other_declared_input,,False,1.0,uM,target_without_band,not_adjudicated
filamin.detach.f_char,EXAMPLE,filamin.detach.f_char,valued_transition_field,other_declared_input,load_force_declaration,True,0.0,pN,target_without_band,not_adjudicated
filamin.detach.rate,EXAMPLE,filamin.k_off0,bound_alias,bound_alias,rate_or_rate_input_alias,False,0.087,1/s,bound_not_independent,not_adjudicated
filamin.detach.rate_2,EXAMPLE,filamin.detach.rate_2,valued_transition_field,other_declared_input,second_exponential_slot,True,0.0,1/s,target_without_band,not_adjudicated
filamin.detach.sign,EXAMPLE,filamin.detach.sign,valued_transition_field,other_declared_input,load_direction_declaration,True,0.0,1,target_without_band,not_adjudicated
filamin.detach.stroke_dir,EXAMPLE,filamin.detach.stroke_dir,valued_transition_field,other_declared_input,displacement_direction_declaration,True,0.0,1,target_without_band,not_adjudicated
filamin.detach.stroke_len,EXAMPLE,filamin.detach.stroke_len,valued_transition_field,other_declared_input,displacement_declaration,True,0.0,um,target_without_band,not_adjudicated
filamin.detach.x_beta,EXAMPLE,filamin.x_beta,bound_alias,bound_alias,load_length_declaration,False,0.0004,um,bound_not_independent,not_adjudicated
filamin.detach.x_beta_2,EXAMPLE,filamin.detach.x_beta_2,valued_transition_field,other_declared_input,second_exponential_slot,True,0.0,um,target_without_band,not_adjudicated
filamin.k,EXAMPLE,filamin.k,other_valued_input,other_declared_input,,False,1000.0,pN/um,target_without_band,not_adjudicated
filamin.k_catch0,EXAMPLE,filamin.k_catch0,other_valued_input,other_declared_input,,False,0.1,1/s,target_without_band,not_adjudicated
filamin.k_off0,EXAMPLE,filamin.k_off0,other_valued_input,other_declared_input,,False,0.087,1/s,target_without_band,not_adjudicated
filamin.k_on,EXAMPLE,filamin.k_on,other_valued_input,other_declared_input,,False,1.0,1/s,target_without_band,not_adjudicated
filamin.length,EXAMPLE,filamin.length,other_valued_input,other_declared_input,,False,0.16,um,target_without_band,not_adjudicated
filamin.molecular_weight,EXAMPLE,filamin.molecular_weight,other_valued_input,other_declared_input,,False,560000,Da,declared_band_unverified,not_adjudicated
filamin.radius,EXAMPLE,filamin.radius,other_valued_input,other_declared_input,,False,0.008,um,declared_band_unverified,not_adjudicated
filamin.reach,EXAMPLE,filamin.reach,other_valued_input,other_declared_input,,False,0.16,um,target_without_band,not_adjudicated
filamin.x_beta,EXAMPLE,filamin.x_beta,other_valued_input,other_declared_input,,False,0.0004,um,target_without_band,not_adjudicated
filamin.x_catch,EXAMPLE,filamin.x_catch,other_valued_input,other_declared_input,,False,0.0008,um,target_without_band,not_adjudicated
filopodium.cap_angle,EXAMPLE,filopodium.cap_angle,other_valued_input,other_declared_input,,False,60.0,deg,target_without_band,not_adjudicated
filopodium.contour,EXAMPLE,filopodium.contour,other_valued_input,other_declared_input,,False,3.0,um,target_without_band,not_adjudicated
filopodium.count,SWEPT,filopodium.count,other_valued_input,other_declared_input,,True,0,1,declared_range_unverified,not_adjudicated
filopodium.filaments,EXAMPLE,filopodium.filaments,other_valued_input,other_declared_input,,False,20,1,target_without_band,not_adjudicated
filopodium.seg,EXAMPLE,resolution.spacing,bound_alias,bound_alias,,False,0.05,um,bound_not_independent,not_adjudicated
filopodium.spacing,SOURCED,filopodium.spacing,other_valued_input,other_declared_input,,False,0.008,um,sourced_without_spread,not_adjudicated
filopodium.tip_clearance,EXAMPLE,filopodium.tip_clearance,other_valued_input,other_declared_input,,False,0.25,um,target_without_band,not_adjudicated
fluid.box_cells,EXAMPLE,fluid.box_cells,other_valued_input,other_declared_input,,True,0,1,target_without_band,not_adjudicated
fluid.cells_multiple,EXAMPLE,fluid.cells_multiple,other_valued_input,other_declared_input,,False,1,1,target_without_band,not_adjudicated
fluid.cytosol_water_fraction,EXAMPLE,fluid.cytosol_water_fraction,other_valued_input,other_declared_input,,False,0.7,1,target_without_band,not_adjudicated
fluid.density,SOURCED,fluid.density,other_valued_input,other_declared_input,,False,1.0,pg/um^3,sourced_without_spread,not_adjudicated
fluid.dx,EXAMPLE,resolution.spacing,bound_alias,bound_alias,,False,0.05,um,bound_not_independent,not_adjudicated
fluid.eta_solvent,SOURCED,fluid.eta_solvent,other_valued_input,other_declared_input,,False,0.000692,pN.s/um^2,sourced_without_spread,not_adjudicated
fluid.nucleoplasm_water_fraction,EXAMPLE,fluid.cytosol_water_fraction,bound_alias,bound_alias,,False,0.7,1,bound_not_independent,not_adjudicated
fluid.padding,EXAMPLE,fluid.padding,other_valued_input,other_declared_input,,False,0.375,um,target_without_band,not_adjudicated
fluid.slip_length_envelope,EXAMPLE,fluid.slip_length_membrane,bound_alias,bound_alias,,False,0.0,um,bound_not_independent,not_adjudicated
fluid.slip_length_membrane,EXAMPLE,fluid.slip_length_membrane,other_valued_input,other_declared_input,,True,0.0,um,target_without_band,not_adjudicated
fluid.spacing_factor,EXAMPLE,fluid.spacing_factor,other_valued_input,other_declared_input,,False,2.0,1,target_without_band,not_adjudicated
fluid.staggered,EXAMPLE,fluid.staggered,other_valued_input,other_declared_input,,True,0,1,target_without_band,not_adjudicated
footprint.clearance,EXAMPLE,footprint.clearance,other_valued_input,other_declared_input,,False,0.85,1,target_without_band,not_adjudicated
footprint.z_basal,EXAMPLE,footprint.z_basal,other_valued_input,other_declared_input,,False,-7.0,um,target_without_band,not_adjudicated
formin.areal_density,EXAMPLE,formin.areal_density,other_valued_input,other_declared_input,,False,1.0,1/um^2,target_without_band,not_adjudicated
formin.capped_k_off,EXAMPLE,formin.capped_k_off,other_valued_input,other_declared_input,,False,0.00634,1/s,target_without_band,not_adjudicated
formin.capped_k_on,EXAMPLE,formin.capped_k_on,other_valued_input,other_declared_input,,False,1.6,1/(uM.s),target_without_band,not_adjudicated
formin.elongation_factor,EXAMPLE,formin.elongation_factor,other_valued_input,other_declared_input,,False,3.0,1,target_without_band,not_adjudicated
formin.k_off,EXAMPLE,formin.k_off,other_valued_input,other_declared_input,,False,0.0002,1/s,target_without_band,not_adjudicated
formin.k_on,EXAMPLE,formin.k_on,other_valued_input,other_declared_input,,False,29.1,1/(uM.s),target_without_band,not_adjudicated
if.gap,EXAMPLE,if.gap,other_valued_input,other_declared_input,,False,0.15,um,target_without_band,not_adjudicated
if.max_strain,EXAMPLE,if.max_strain,other_valued_input,other_declared_input,,False,2.5,1,target_without_band,not_adjudicated
if.mesh,EXAMPLE,if.mesh,other_valued_input,other_declared_input,,False,0.4,um,target_without_band,not_adjudicated
if.seg,EXAMPLE,resolution.spacing,bound_alias,bound_alias,,False,0.05,um,bound_not_independent,not_adjudicated
if.stiffening_onset_strain,EXAMPLE,if.stiffening_onset_strain,other_valued_input,other_declared_input,,False,0.5,1,target_without_band,not_adjudicated
if.stiffening_ratio,EXAMPLE,if.stiffening_ratio,other_valued_input,other_declared_input,,False,1.0,1,target_without_band,not_adjudicated
if.turnover_rate,EXAMPLE,if.turnover_rate,other_valued_input,other_declared_input,,False,0.001,1/s,target_without_band,not_adjudicated
integrin.areal_density,EXAMPLE,integrin.areal_density,other_valued_input,other_declared_input,,False,300.0,1/um^2,declared_band_unverified,not_adjudicated
kinesin.attach.f_char,EXAMPLE,kinesin.attach.f_char,valued_transition_field,other_declared_input,load_force_declaration,True,0.0,pN,target_without_band,not_adjudicated
kinesin.attach.rate,EXAMPLE,kinesin.k_on,bound_alias,bound_alias,rate_or_rate_input_alias,False,5.0,1/s,bound_not_independent,not_adjudicated
kinesin.attach.rate_2,EXAMPLE,kinesin.attach.rate_2,valued_transition_field,other_declared_input,second_exponential_slot,True,0.0,1/s,target_without_band,not_adjudicated
kinesin.attach.sign,EXAMPLE,kinesin.attach.sign,valued_transition_field,other_declared_input,load_direction_declaration,True,0,1,target_without_band,not_adjudicated
kinesin.attach.stroke_dir,EXAMPLE,kinesin.attach.stroke_dir,valued_transition_field,other_declared_input,displacement_direction_declaration,True,0,1,target_without_band,not_adjudicated
kinesin.attach.stroke_len,EXAMPLE,kinesin.attach.stroke_len,valued_transition_field,other_declared_input,displacement_declaration,True,0.0,um,target_without_band,not_adjudicated
kinesin.attach.x_beta,EXAMPLE,kinesin.attach.x_beta,valued_transition_field,other_declared_input,load_length_declaration,True,0.0,um,target_without_band,not_adjudicated
kinesin.attach.x_beta_2,EXAMPLE,kinesin.attach.x_beta_2,valued_transition_field,other_declared_input,second_exponential_slot,True,0.0,um,target_without_band,not_adjudicated
kinesin.count,EXAMPLE,kinesin.count,other_valued_input,other_declared_input,,False,1000,1,target_without_band,not_adjudicated
kinesin.detach_primed.f_char,EXAMPLE,kinesin.stall_force,bound_alias,bound_alias,load_force_declaration,False,6.0,pN,bound_not_independent,not_adjudicated
kinesin.detach_primed.rate,EXAMPLE,kinesin.k_off0,bound_alias,bound_alias,rate_or_rate_input_alias,False,1.0,1/s,bound_not_independent,not_adjudicated
kinesin.detach_primed.rate_2,EXAMPLE,kinesin.detach_primed.rate_2,valued_transition_field,other_declared_input,second_exponential_slot,True,0.0,1/s,target_without_band,not_adjudicated
kinesin.detach_primed.sign,EXAMPLE,kinesin.detach_primed.sign,valued_transition_field,other_declared_input,load_direction_declaration,False,1,1,target_without_band,not_adjudicated
kinesin.detach_primed.stroke_dir,EXAMPLE,kinesin.detach_primed.stroke_dir,valued_transition_field,other_declared_input,displacement_direction_declaration,True,0,1,target_without_band,not_adjudicated
kinesin.detach_primed.stroke_len,EXAMPLE,kinesin.detach_primed.stroke_len,valued_transition_field,other_declared_input,displacement_declaration,True,0.0,um,target_without_band,not_adjudicated
kinesin.detach_primed.x_beta,EXAMPLE,kinesin.detach_primed.x_beta,valued_transition_field,other_declared_input,load_length_declaration,True,0.0,um,target_without_band,not_adjudicated
kinesin.detach_primed.x_beta_2,EXAMPLE,kinesin.detach_primed.x_beta_2,valued_transition_field,other_declared_input,second_exponential_slot,True,0.0,um,target_without_band,not_adjudicated
kinesin.detach_stepped.f_char,EXAMPLE,kinesin.stall_force,bound_alias,bound_alias,load_force_declaration,False,6.0,pN,bound_not_independent,not_adjudicated
kinesin.detach_stepped.rate,EXAMPLE,kinesin.k_off0,bound_alias,bound_alias,rate_or_rate_input_alias,False,1.0,1/s,bound_not_independent,not_adjudicated
kinesin.detach_stepped.rate_2,EXAMPLE,kinesin.detach_stepped.rate_2,valued_transition_field,other_declared_input,second_exponential_slot,True,0.0,1/s,target_without_band,not_adjudicated
kinesin.detach_stepped.sign,EXAMPLE,kinesin.detach_stepped.sign,valued_transition_field,other_declared_input,load_direction_declaration,False,1,1,target_without_band,not_adjudicated
kinesin.detach_stepped.stroke_dir,EXAMPLE,kinesin.detach_stepped.stroke_dir,valued_transition_field,other_declared_input,displacement_direction_declaration,True,0,1,target_without_band,not_adjudicated
kinesin.detach_stepped.stroke_len,EXAMPLE,kinesin.detach_stepped.stroke_len,valued_transition_field,other_declared_input,displacement_declaration,True,0.0,um,target_without_band,not_adjudicated
kinesin.detach_stepped.x_beta,EXAMPLE,kinesin.detach_stepped.x_beta,valued_transition_field,other_declared_input,load_length_declaration,True,0.0,um,target_without_band,not_adjudicated
kinesin.detach_stepped.x_beta_2,EXAMPLE,kinesin.detach_stepped.x_beta_2,valued_transition_field,other_declared_input,second_exponential_slot,True,0.0,um,target_without_band,not_adjudicated
kinesin.k,EXAMPLE,kinesin.k,other_valued_input,other_declared_input,,False,300.0,pN/um,target_without_band,not_adjudicated
kinesin.k_off0,EXAMPLE,kinesin.k_off0,other_valued_input,other_declared_input,,False,1.0,1/s,target_without_band,not_adjudicated
kinesin.k_on,EXAMPLE,kinesin.k_on,other_valued_input,other_declared_input,,False,5.0,1/s,target_without_band,not_adjudicated
kinesin.primed_fraction,EXAMPLE,kinesin.primed_fraction,other_valued_input,other_declared_input,,False,0.5,1,target_without_band,not_adjudicated
kinesin.reach,EXAMPLE,kinesin.reach,other_valued_input,other_declared_input,,False,0.08,um,target_without_band,not_adjudicated
kinesin.reprime.f_char,EXAMPLE,kinesin.reprime.f_char,valued_transition_field,other_declared_input,load_force_declaration,True,0.0,pN,target_without_band,not_adjudicated
kinesin.reprime.rate,EXAMPLE,kinesin.velocity,bound_alias,bound_alias,rate_or_rate_input_alias,False,0.8,um/s,bound_not_independent,not_adjudicated
kinesin.reprime.rate_2,EXAMPLE,kinesin.reprime.rate_2,valued_transition_field,other_declared_input,second_exponential_slot,True,0.0,1/s,target_without_band,not_adjudicated
kinesin.reprime.sign,EXAMPLE,kinesin.reprime.sign,valued_transition_field,other_declared_input,load_direction_declaration,True,0,1,target_without_band,not_adjudicated
kinesin.reprime.stroke_dir,EXAMPLE,kinesin.reprime.stroke_dir,valued_transition_field,other_declared_input,displacement_direction_declaration,True,0,1,target_without_band,not_adjudicated
kinesin.reprime.stroke_len,EXAMPLE,kinesin.reprime.stroke_len,valued_transition_field,other_declared_input,displacement_declaration,True,0.0,um,target_without_band,not_adjudicated
kinesin.reprime.x_beta,EXAMPLE,kinesin.reprime.x_beta,valued_transition_field,other_declared_input,load_length_declaration,True,0.0,um,target_without_band,not_adjudicated
kinesin.reprime.x_beta_2,EXAMPLE,kinesin.reprime.x_beta_2,valued_transition_field,other_declared_input,second_exponential_slot,True,0.0,um,target_without_band,not_adjudicated
kinesin.run_length,EXAMPLE,kinesin.run_length,other_valued_input,other_declared_input,,False,1.0,um,target_without_band,not_adjudicated
kinesin.stall_force,EXAMPLE,kinesin.stall_force,other_valued_input,other_declared_input,,False,6.0,pN,target_without_band,not_adjudicated
kinesin.step,EXAMPLE,kinesin.step,other_valued_input,other_declared_input,,False,0.008,um,target_without_band,not_adjudicated
kinesin.velocity,EXAMPLE,kinesin.velocity,other_valued_input,other_declared_input,,False,0.8,um/s,target_without_band,not_adjudicated
kinesin.walk.f_char,EXAMPLE,kinesin.stall_force,bound_alias,bound_alias,load_force_declaration,False,6.0,pN,bound_not_independent,not_adjudicated
kinesin.walk.rate,EXAMPLE,kinesin.velocity,bound_alias,bound_alias,rate_or_rate_input_alias,False,0.8,um/s,bound_not_independent,not_adjudicated
kinesin.walk.rate_2,EXAMPLE,kinesin.walk.rate_2,valued_transition_field,other_declared_input,second_exponential_slot,True,0.0,1/s,target_without_band,not_adjudicated
kinesin.walk.sign,EXAMPLE,kinesin.walk.sign,valued_transition_field,other_declared_input,load_direction_declaration,False,-1,1,target_without_band,not_adjudicated
kinesin.walk.stroke_dir,EXAMPLE,kinesin.walk.stroke_dir,valued_transition_field,other_declared_input,displacement_direction_declaration,False,-1,1,target_without_band,not_adjudicated
kinesin.walk.stroke_len,EXAMPLE,kinesin.step,bound_alias,bound_alias,displacement_declaration,False,0.008,um,bound_not_independent,not_adjudicated
kinesin.walk.x_beta,EXAMPLE,kinesin.walk.x_beta,valued_transition_field,other_declared_input,load_length_declaration,True,0.0,um,target_without_band,not_adjudicated
kinesin.walk.x_beta_2,EXAMPLE,kinesin.walk.x_beta_2,valued_transition_field,other_declared_input,second_exponential_slot,True,0.0,um,target_without_band,not_adjudicated
kinesin_cargo.attach.f_char,EXAMPLE,kinesin_cargo.attach.f_char,valued_transition_field,other_declared_input,load_force_declaration,True,0.0,pN,target_without_band,not_adjudicated
kinesin_cargo.attach.rate,EXAMPLE,kinesin.k_on,bound_alias,bound_alias,rate_or_rate_input_alias,False,5.0,1/s,bound_not_independent,not_adjudicated
kinesin_cargo.attach.rate_2,EXAMPLE,kinesin_cargo.attach.rate_2,valued_transition_field,other_declared_input,second_exponential_slot,True,0.0,1/s,target_without_band,not_adjudicated
kinesin_cargo.attach.sign,EXAMPLE,kinesin_cargo.attach.sign,valued_transition_field,other_declared_input,load_direction_declaration,True,0,1,target_without_band,not_adjudicated
kinesin_cargo.attach.stroke_dir,EXAMPLE,kinesin_cargo.attach.stroke_dir,valued_transition_field,other_declared_input,displacement_direction_declaration,True,0,1,target_without_band,not_adjudicated
kinesin_cargo.attach.stroke_len,EXAMPLE,kinesin_cargo.attach.stroke_len,valued_transition_field,other_declared_input,displacement_declaration,True,0.0,um,target_without_band,not_adjudicated
kinesin_cargo.attach.x_beta,EXAMPLE,kinesin_cargo.attach.x_beta,valued_transition_field,other_declared_input,load_length_declaration,True,0.0,um,target_without_band,not_adjudicated
kinesin_cargo.attach.x_beta_2,EXAMPLE,kinesin_cargo.attach.x_beta_2,valued_transition_field,other_declared_input,second_exponential_slot,True,0.0,um,target_without_band,not_adjudicated
kinesin_cargo.detach_primed.f_char,EXAMPLE,kinesin.stall_force,bound_alias,bound_alias,load_force_declaration,False,6.0,pN,bound_not_independent,not_adjudicated
kinesin_cargo.detach_primed.rate,EXAMPLE,kinesin.k_off0,bound_alias,bound_alias,rate_or_rate_input_alias,False,1.0,1/s,bound_not_independent,not_adjudicated
kinesin_cargo.detach_primed.rate_2,EXAMPLE,kinesin_cargo.detach_primed.rate_2,valued_transition_field,other_declared_input,second_exponential_slot,True,0.0,1/s,target_without_band,not_adjudicated
kinesin_cargo.detach_primed.sign,EXAMPLE,kinesin_cargo.detach_primed.sign,valued_transition_field,other_declared_input,load_direction_declaration,False,1,1,target_without_band,not_adjudicated
kinesin_cargo.detach_primed.stroke_dir,EXAMPLE,kinesin_cargo.detach_primed.stroke_dir,valued_transition_field,other_declared_input,displacement_direction_declaration,True,0,1,target_without_band,not_adjudicated
kinesin_cargo.detach_primed.stroke_len,EXAMPLE,kinesin_cargo.detach_primed.stroke_len,valued_transition_field,other_declared_input,displacement_declaration,True,0.0,um,target_without_band,not_adjudicated
kinesin_cargo.detach_primed.x_beta,EXAMPLE,kinesin_cargo.detach_primed.x_beta,valued_transition_field,other_declared_input,load_length_declaration,True,0.0,um,target_without_band,not_adjudicated
kinesin_cargo.detach_primed.x_beta_2,EXAMPLE,kinesin_cargo.detach_primed.x_beta_2,valued_transition_field,other_declared_input,second_exponential_slot,True,0.0,um,target_without_band,not_adjudicated
kinesin_cargo.detach_stepped.f_char,EXAMPLE,kinesin.stall_force,bound_alias,bound_alias,load_force_declaration,False,6.0,pN,bound_not_independent,not_adjudicated
kinesin_cargo.detach_stepped.rate,EXAMPLE,kinesin.k_off0,bound_alias,bound_alias,rate_or_rate_input_alias,False,1.0,1/s,bound_not_independent,not_adjudicated
kinesin_cargo.detach_stepped.rate_2,EXAMPLE,kinesin_cargo.detach_stepped.rate_2,valued_transition_field,other_declared_input,second_exponential_slot,True,0.0,1/s,target_without_band,not_adjudicated
kinesin_cargo.detach_stepped.sign,EXAMPLE,kinesin_cargo.detach_stepped.sign,valued_transition_field,other_declared_input,load_direction_declaration,False,1,1,target_without_band,not_adjudicated
kinesin_cargo.detach_stepped.stroke_dir,EXAMPLE,kinesin_cargo.detach_stepped.stroke_dir,valued_transition_field,other_declared_input,displacement_direction_declaration,True,0,1,target_without_band,not_adjudicated
kinesin_cargo.detach_stepped.stroke_len,EXAMPLE,kinesin_cargo.detach_stepped.stroke_len,valued_transition_field,other_declared_input,displacement_declaration,True,0.0,um,target_without_band,not_adjudicated
kinesin_cargo.detach_stepped.x_beta,EXAMPLE,kinesin_cargo.detach_stepped.x_beta,valued_transition_field,other_declared_input,load_length_declaration,True,0.0,um,target_without_band,not_adjudicated
kinesin_cargo.detach_stepped.x_beta_2,EXAMPLE,kinesin_cargo.detach_stepped.x_beta_2,valued_transition_field,other_declared_input,second_exponential_slot,True,0.0,um,target_without_band,not_adjudicated
kinesin_cargo.reprime.f_char,EXAMPLE,kinesin_cargo.reprime.f_char,valued_transition_field,other_declared_input,load_force_declaration,True,0.0,pN,target_without_band,not_adjudicated
kinesin_cargo.reprime.rate,EXAMPLE,kinesin.velocity,bound_alias,bound_alias,rate_or_rate_input_alias,False,0.8,um/s,bound_not_independent,not_adjudicated
kinesin_cargo.reprime.rate_2,EXAMPLE,kinesin_cargo.reprime.rate_2,valued_transition_field,other_declared_input,second_exponential_slot,True,0.0,1/s,target_without_band,not_adjudicated
kinesin_cargo.reprime.sign,EXAMPLE,kinesin_cargo.reprime.sign,valued_transition_field,other_declared_input,load_direction_declaration,True,0,1,target_without_band,not_adjudicated
kinesin_cargo.reprime.stroke_dir,EXAMPLE,kinesin_cargo.reprime.stroke_dir,valued_transition_field,other_declared_input,displacement_direction_declaration,True,0,1,target_without_band,not_adjudicated
kinesin_cargo.reprime.stroke_len,EXAMPLE,kinesin_cargo.reprime.stroke_len,valued_transition_field,other_declared_input,displacement_declaration,True,0.0,um,target_without_band,not_adjudicated
kinesin_cargo.reprime.x_beta,EXAMPLE,kinesin_cargo.reprime.x_beta,valued_transition_field,other_declared_input,load_length_declaration,True,0.0,um,target_without_band,not_adjudicated
kinesin_cargo.reprime.x_beta_2,EXAMPLE,kinesin_cargo.reprime.x_beta_2,valued_transition_field,other_declared_input,second_exponential_slot,True,0.0,um,target_without_band,not_adjudicated
kinesin_cargo.walk.f_char,EXAMPLE,kinesin.stall_force,bound_alias,bound_alias,load_force_declaration,False,6.0,pN,bound_not_independent,not_adjudicated
kinesin_cargo.walk.rate,EXAMPLE,kinesin.velocity,bound_alias,bound_alias,rate_or_rate_input_alias,False,0.8,um/s,bound_not_independent,not_adjudicated
kinesin_cargo.walk.rate_2,EXAMPLE,kinesin_cargo.walk.rate_2,valued_transition_field,other_declared_input,second_exponential_slot,True,0.0,1/s,target_without_band,not_adjudicated
kinesin_cargo.walk.sign,EXAMPLE,kinesin_cargo.walk.sign,valued_transition_field,other_declared_input,load_direction_declaration,False,-1,1,target_without_band,not_adjudicated
kinesin_cargo.walk.stroke_dir,EXAMPLE,kinesin_cargo.walk.stroke_dir,valued_transition_field,other_declared_input,displacement_direction_declaration,False,-1,1,target_without_band,not_adjudicated
kinesin_cargo.walk.stroke_len,EXAMPLE,kinesin.step,bound_alias,bound_alias,displacement_declaration,False,0.008,um,bound_not_independent,not_adjudicated
kinesin_cargo.walk.x_beta,EXAMPLE,kinesin_cargo.walk.x_beta,valued_transition_field,other_declared_input,load_length_declaration,True,0.0,um,target_without_band,not_adjudicated
kinesin_cargo.walk.x_beta_2,EXAMPLE,kinesin_cargo.walk.x_beta_2,valued_transition_field,other_declared_input,second_exponential_slot,True,0.0,um,target_without_band,not_adjudicated
lamellipodium.contour,EXAMPLE,lamellipodium.contour,other_valued_input,other_declared_input,,False,1.0,um,target_without_band,not_adjudicated
lamellipodium.mode_angle,SOURCED,lamellipodium.mode_angle,other_valued_input,other_declared_input,,False,35.0,deg,sourced_without_spread,not_adjudicated
lamellipodium.n_filaments,SWEPT,lamellipodium.n_filaments,other_valued_input,other_declared_input,,True,0,1,declared_range_unverified,not_adjudicated
lamellipodium.seg,EXAMPLE,resolution.spacing,bound_alias,bound_alias,,False,0.05,um,bound_not_independent,not_adjudicated
lamina.areal_density,EXAMPLE,lamina.areal_density,other_valued_input,other_declared_input,,False,0.02,pg/um^2,target_without_band,not_adjudicated
lamina.filament,SOURCED,lamina.filament,other_valued_input,other_declared_input,,False,0.4,um,sourced_without_spread,not_adjudicated
lamina.neighbours,EXAMPLE,lamina.neighbours,other_valued_input,other_declared_input,,False,3,1,target_without_band,not_adjudicated
lamina.seg,EXAMPLE,resolution.spacing,bound_alias,bound_alias,,False,0.05,um,bound_not_independent,not_adjudicated
lamina.turnover_rate,EXAMPLE,lamina.turnover_rate,other_valued_input,other_declared_input,,False,0.0001,1/s,target_without_band,not_adjudicated
lamina_envelope.k,EXAMPLE,linc.k,bound_alias,bound_alias,,False,100.0,pN/um,bound_not_independent,not_adjudicated
linc.areal_density,EXAMPLE,linc.areal_density,other_valued_input,other_declared_input,,False,10.0,1/um^2,target_without_band,not_adjudicated
linc.k,EXAMPLE,linc.k,other_valued_input,other_declared_input,,False,100.0,pN/um,target_without_band,not_adjudicated
linc.tension,EXAMPLE,linc.tension,other_valued_input,observer_comparison,,False,8.0,pN,target_without_band,not_adjudicated
linc_if.k,EXAMPLE,linc.k,bound_alias,bound_alias,,False,100.0,pN/um,bound_not_independent,not_adjudicated
material.actin.EA,SOURCED,material.actin.EA,other_valued_input,other_declared_input,,False,44000.0,pN,declared_spread_unverified,not_adjudicated
material.actin.kappa,SOURCED,material.actin.kappa,other_valued_input,other_declared_input,,False,0.0728,pN.um^2,sourced_without_spread,not_adjudicated
material.actin.radius,SOURCED,material.actin.radius,other_valued_input,other_declared_input,,False,0.004,um,sourced_without_spread,not_adjudicated
material.chromatin.k_backbone,EXAMPLE,chromatin.k_backbone,bound_alias,bound_alias,,False,1600.0,pN/um,bound_not_independent,not_adjudicated
material.cortex.EA,EXAMPLE,material.actin.EA,bound_alias,bound_alias,,False,44000.0,pN,bound_not_independent,not_adjudicated
material.cortex.density,EXAMPLE,material.protein_density,bound_alias,bound_alias,,False,1.35,pg/um^3,bound_not_independent,not_adjudicated
material.cortex.kappa,EXAMPLE,material.actin.kappa,bound_alias,bound_alias,,False,0.0728,pN.um^2,bound_not_independent,not_adjudicated
material.cortex.radius,EXAMPLE,material.actin.radius,bound_alias,bound_alias,,False,0.004,um,bound_not_independent,not_adjudicated
material.cytoplasm_actin.EA,EXAMPLE,material.actin.EA,bound_alias,bound_alias,,False,44000.0,pN,bound_not_independent,not_adjudicated
material.cytoplasm_actin.density,EXAMPLE,material.protein_density,bound_alias,bound_alias,,False,1.35,pg/um^3,bound_not_independent,not_adjudicated
material.cytoplasm_actin.kappa,EXAMPLE,material.actin.kappa,bound_alias,bound_alias,,False,0.0728,pN.um^2,bound_not_independent,not_adjudicated
material.cytoplasm_actin.radius,EXAMPLE,material.actin.radius,bound_alias,bound_alias,,False,0.004,um,bound_not_independent,not_adjudicated
material.filopodium.EA,EXAMPLE,material.actin.EA,bound_alias,bound_alias,,False,44000.0,pN,bound_not_independent,not_adjudicated
material.filopodium.density,EXAMPLE,material.protein_density,bound_alias,bound_alias,,False,1.35,pg/um^3,bound_not_independent,not_adjudicated
material.filopodium.kappa,EXAMPLE,material.actin.kappa,bound_alias,bound_alias,,False,0.0728,pN.um^2,bound_not_independent,not_adjudicated
material.filopodium.radius,EXAMPLE,material.actin.radius,bound_alias,bound_alias,,False,0.004,um,bound_not_independent,not_adjudicated
material.if.E,SOURCED,material.if.E,other_valued_input,other_declared_input,,False,6000000.0,pN/um^2,sourced_without_spread,not_adjudicated
material.if.radius,SOURCED,material.if.radius,other_valued_input,other_declared_input,,False,0.005,um,sourced_without_spread,not_adjudicated
material.if_pop.E,EXAMPLE,material.if.E,bound_alias,bound_alias,,False,6000000.0,pN/um^2,bound_not_independent,not_adjudicated
material.if_pop.density,EXAMPLE,material.protein_density,bound_alias,bound_alias,,False,1.35,pg/um^3,bound_not_independent,not_adjudicated
material.if_pop.radius,EXAMPLE,material.if.radius,bound_alias,bound_alias,,False,0.005,um,bound_not_independent,not_adjudicated
material.lamellipodium.EA,EXAMPLE,material.actin.EA,bound_alias,bound_alias,,False,44000.0,pN,bound_not_independent,not_adjudicated
material.lamellipodium.density,EXAMPLE,material.protein_density,bound_alias,bound_alias,,False,1.35,pg/um^3,bound_not_independent,not_adjudicated
material.lamellipodium.kappa,EXAMPLE,material.actin.kappa,bound_alias,bound_alias,,False,0.0728,pN.um^2,bound_not_independent,not_adjudicated
material.lamellipodium.radius,EXAMPLE,material.actin.radius,bound_alias,bound_alias,,False,0.004,um,bound_not_independent,not_adjudicated
material.lamina.E,EXAMPLE,material.if.E,bound_alias,bound_alias,,False,6000000.0,pN/um^2,bound_not_independent,not_adjudicated
material.lamina.radius,EXAMPLE,material.if.radius,bound_alias,bound_alias,,False,0.005,um,bound_not_independent,not_adjudicated
material.microtubule.EA,EXAMPLE,material.microtubule.EA,other_valued_input,other_declared_input,,False,380000.0,pN,target_without_band,not_adjudicated
material.microtubule.kappa,SOURCED,material.microtubule.kappa,other_valued_input,other_declared_input,,False,20.0,pN.um^2,sourced_without_spread,not_adjudicated
material.microtubule.radius,SOURCED,material.microtubule.radius,other_valued_input,other_declared_input,,False,0.0125,um,sourced_without_spread,not_adjudicated
material.microtubule_pop.EA,EXAMPLE,material.microtubule.EA,bound_alias,bound_alias,,False,380000.0,pN,bound_not_independent,not_adjudicated
material.microtubule_pop.density,EXAMPLE,material.protein_density,bound_alias,bound_alias,,False,1.35,pg/um^3,bound_not_independent,not_adjudicated
material.microtubule_pop.kappa,EXAMPLE,material.microtubule.kappa,bound_alias,bound_alias,,False,20.0,pN.um^2,bound_not_independent,not_adjudicated
material.microtubule_pop.radius,EXAMPLE,material.microtubule.radius,bound_alias,bound_alias,,False,0.0125,um,bound_not_independent,not_adjudicated
material.microvillus.EA,EXAMPLE,material.actin.EA,bound_alias,bound_alias,,False,44000.0,pN,bound_not_independent,not_adjudicated
material.microvillus.density,EXAMPLE,material.protein_density,bound_alias,bound_alias,,False,1.35,pg/um^3,bound_not_independent,not_adjudicated
material.microvillus.kappa,EXAMPLE,material.actin.kappa,bound_alias,bound_alias,,False,0.0728,pN.um^2,bound_not_independent,not_adjudicated
material.microvillus.radius,EXAMPLE,material.actin.radius,bound_alias,bound_alias,,False,0.004,um,bound_not_independent,not_adjudicated
material.nmii.density,EXAMPLE,material.protein_density,bound_alias,bound_alias,,False,1.35,pg/um^3,bound_not_independent,not_adjudicated
material.protein_density,EXAMPLE,material.protein_density,other_valued_input,other_declared_input,,False,1.35,pg/um^3,target_without_band,not_adjudicated
material.sf_arc.EA,EXAMPLE,material.actin.EA,bound_alias,bound_alias,,False,44000.0,pN,bound_not_independent,not_adjudicated
material.sf_arc.density,EXAMPLE,material.protein_density,bound_alias,bound_alias,,False,1.35,pg/um^3,bound_not_independent,not_adjudicated
material.sf_arc.kappa,EXAMPLE,material.actin.kappa,bound_alias,bound_alias,,False,0.0728,pN.um^2,bound_not_independent,not_adjudicated
material.sf_arc.radius,EXAMPLE,material.actin.radius,bound_alias,bound_alias,,False,0.004,um,bound_not_independent,not_adjudicated
material.stress_fiber.EA,EXAMPLE,material.actin.EA,bound_alias,bound_alias,,False,44000.0,pN,bound_not_independent,not_adjudicated
material.stress_fiber.density,EXAMPLE,material.protein_density,bound_alias,bound_alias,,False,1.35,pg/um^3,bound_not_independent,not_adjudicated
material.stress_fiber.kappa,EXAMPLE,material.actin.kappa,bound_alias,bound_alias,,False,0.0728,pN.um^2,bound_not_independent,not_adjudicated
material.stress_fiber.radius,EXAMPLE,material.actin.radius,bound_alias,bound_alias,,False,0.004,um,bound_not_independent,not_adjudicated
membrane.area_modulus,EXAMPLE,membrane.area_modulus,other_valued_input,other_declared_input,,False,200000.0,pN/um,target_without_band,not_adjudicated
membrane.areal_density,EXAMPLE,membrane.areal_density,other_valued_input,other_declared_input,,False,0.005,pg/um^2,target_without_band,not_adjudicated
membrane.channel.excluded_lipid_area,EXAMPLE,membrane.channel.excluded_lipid_area,other_valued_input,other_declared_input,,False,0.0001,um^2,target_without_band,not_adjudicated
membrane.channel.hydrodynamic_radius,EXAMPLE,membrane.channel.hydrodynamic_radius,other_valued_input,other_declared_input,,False,0.01,um,target_without_band,not_adjudicated
membrane.channel.initial_closed_fraction,EXAMPLE,membrane.channel.initial_closed_fraction,other_valued_input,other_declared_input,,False,0.7,1,target_without_band,not_adjudicated
membrane.channel.initial_open_fraction,EXAMPLE,membrane.channel.initial_open_fraction,other_valued_input,other_declared_input,,False,0.02,1,target_without_band,not_adjudicated
membrane.channel.insertion_normal_stiffness,SWEPT,membrane.channel.insertion_normal_stiffness,other_valued_input,other_declared_input,,False,10000.0,pN/um,declared_range_unverified,not_adjudicated
membrane.channel.molecular_mass,EXAMPLE,membrane.channel.molecular_mass,other_valued_input,other_declared_input,,False,860370.0,Da,target_without_band,not_adjudicated
membrane.channel_density,EXAMPLE,membrane.channel_density,other_valued_input,other_declared_input,,False,1.0,1/um^2,target_without_band,not_adjudicated
membrane.channel_population_enabled,EXAMPLE,membrane.channel_population_enabled,other_valued_input,other_declared_input,,True,0.0,1,target_without_band,not_adjudicated
membrane.curvature_law_enabled,EXAMPLE,membrane.curvature_law_enabled,other_valued_input,other_declared_input,,True,0.0,1,target_without_band,not_adjudicated
membrane.dilation_viscosity_2d,SWEPT,membrane.dilation_viscosity_2d,other_valued_input,other_declared_input,,False,0.001,pN.s/um,declared_range_unverified,not_adjudicated
membrane.excess_area,SWEPT,membrane.excess_area,other_valued_input,other_declared_input,,False,0.15,1,declared_range_unverified,not_adjudicated
membrane.excess_area_fraction,EXAMPLE,membrane.excess_area,bound_alias,bound_alias,,False,0.15,1,bound_not_independent,not_adjudicated
membrane.hydraulic_conductivity,EXAMPLE,membrane.hydraulic_conductivity,other_valued_input,other_declared_input,,False,1.4e-07,um^3/(pN.s),target_without_band,not_adjudicated
membrane.inplane_flow_enabled,EXAMPLE,membrane.inplane_flow_enabled,other_valued_input,other_declared_input,,True,0.0,1,target_without_band,not_adjudicated
membrane.inplane_friction,EXAMPLE,membrane.inplane_friction,other_valued_input,other_declared_input,,False,1000.0,pN.s/um^3,target_without_band,not_adjudicated
membrane.kappa_bend,SOURCED,membrane.kappa_bend,other_valued_input,other_declared_input,,False,0.0828,pN.um,sourced_without_spread,not_adjudicated
membrane.kappa_gauss,EXAMPLE,membrane.kappa_gauss,other_valued_input,other_declared_input,,False,-0.066,pN.um,target_without_band,not_adjudicated
membrane.lipid_area_per_molecule,EXAMPLE,membrane.lipid_area_per_molecule,other_valued_input,other_declared_input,,False,7e-07,um^2,target_without_band,not_adjudicated
membrane.lipid_diffusion,EXAMPLE,membrane.lipid_diffusion,other_valued_input,other_declared_input,,False,1.0,um^2/s,target_without_band,not_adjudicated
membrane.lipid_label_fraction,EXAMPLE,membrane.lipid_label_fraction,other_valued_input,other_declared_input,,False,0.01,1,target_without_band,not_adjudicated
membrane.lipid_tracer_enabled,EXAMPLE,membrane.lipid_tracer_enabled,other_valued_input,other_declared_input,,True,0.0,1,target_without_band,not_adjudicated
membrane.lysis_strain,EXAMPLE,membrane.lysis_strain,other_valued_input,observer_comparison,,False,0.03,1,declared_band_unverified,not_adjudicated
membrane.mesh,SOURCED,resolution.spacing,bound_alias,bound_alias,,False,0.05,um,bound_not_independent,not_adjudicated
membrane.mu_2d,EXAMPLE,membrane.mu_2d,other_valued_input,other_declared_input,,False,10.0,pN/um,target_without_band,not_adjudicated
membrane.pressure,EXAMPLE,membrane.pressure,other_valued_input,other_declared_input,,False,40.0,pN/um^2,target_without_band,not_adjudicated
membrane.spontaneous_curvature,EXAMPLE,membrane.spontaneous_curvature,other_valued_input,other_declared_input,,True,0.0,1/um,target_without_band,not_adjudicated
membrane.surface_viscosity_enabled,EXAMPLE,membrane.surface_viscosity_enabled,other_valued_input,other_declared_input,,True,0.0,1,target_without_band,not_adjudicated
membrane.tension,SWEPT,membrane.tension,other_valued_input,other_declared_input,,False,10.0,pN/um,declared_range_unverified,not_adjudicated
membrane.viscosity_2d,EXAMPLE,membrane.viscosity_2d,other_valued_input,other_declared_input,,False,0.001,pN.s/um,target_without_band,not_adjudicated
membrane.volume_modulus,EXAMPLE,membrane.volume_modulus,other_valued_input,other_declared_input,,False,773100.0,pN/um^2,target_without_band,not_adjudicated
membrane.wrinkle_wavelength,EXAMPLE,membrane.wrinkle_wavelength,other_valued_input,other_declared_input,,False,1.0,um,target_without_band,not_adjudicated
microtubule.catastrophe_rate,EXAMPLE,microtubule.catastrophe_rate,other_valued_input,other_declared_input,,False,0.05,1/s,declared_band_unverified,not_adjudicated
microtubule.count,EXAMPLE,microtubule.count,other_valued_input,other_declared_input,,False,500,1,target_without_band,not_adjudicated
microtubule.dimer_rise,EXAMPLE,microtubule.dimer_rise,other_valued_input,other_declared_input,,False,0.008,um,target_without_band,not_adjudicated
microtubule.dormant_fraction,EXAMPLE,microtubule.dormant_fraction,other_valued_input,other_declared_input,,False,0.1,1,target_without_band,not_adjudicated
microtubule.end_segment_band_hi,EXAMPLE,microtubule.end_segment_band_hi,other_valued_input,other_declared_input,,False,2.0,1,target_without_band,not_adjudicated
microtubule.end_segment_band_lo,EXAMPLE,microtubule.end_segment_band_lo,other_valued_input,other_declared_input,,False,0.5,1,target_without_band,not_adjudicated
microtubule.growth_speed,EXAMPLE,microtubule.growth_speed,other_valued_input,other_declared_input,,False,0.25,um/s,target_without_band,not_adjudicated
microtubule.mtoc_radius,EXAMPLE,microtubule.mtoc_radius,other_valued_input,other_declared_input,,False,0.25,um,target_without_band,not_adjudicated
microtubule.nucleation_rate,EXAMPLE,microtubule.nucleation_rate,other_valued_input,other_declared_input,,False,0.1,1/s,target_without_band,not_adjudicated
microtubule.rescue_rate,EXAMPLE,microtubule.rescue_rate,other_valued_input,other_declared_input,,False,0.05,1/s,target_without_band,not_adjudicated
microtubule.seg,EXAMPLE,resolution.spacing,bound_alias,bound_alias,,False,0.05,um,bound_not_independent,not_adjudicated
microtubule.shrink_speed,EXAMPLE,microtubule.shrink_speed,other_valued_input,other_declared_input,,False,0.5,um/s,target_without_band,not_adjudicated
microtubule.tubulin_conc,EXAMPLE,microtubule.tubulin_conc,other_valued_input,other_declared_input,,False,20.0,uM,declared_band_unverified,not_adjudicated
microvillus.areal_density,SWEPT,microvillus.areal_density,other_valued_input,other_declared_input,,True,0.0,1/um^2,declared_range_unverified,not_adjudicated
microvillus.filaments,EXAMPLE,filopodium.filaments,bound_alias,bound_alias,,False,20,1,bound_not_independent,not_adjudicated
microvillus.length,EXAMPLE,microvillus.length,other_valued_input,other_declared_input,,False,1.0,um,declared_band_unverified,not_adjudicated
microvillus.radius,EXAMPLE,microvillus.radius,other_valued_input,other_declared_input,,False,0.05,um,target_without_band,not_adjudicated
microvillus.seg,EXAMPLE,resolution.spacing,bound_alias,bound_alias,,False,0.05,um,bound_not_independent,not_adjudicated
microvillus.spacing,EXAMPLE,stress_fiber.spacing,bound_alias,bound_alias,,False,0.012,um,bound_not_independent,not_adjudicated
microvillus.tip_clearance,EXAMPLE,microvillus.tip_clearance,other_valued_input,other_declared_input,,False,0.05,um,target_without_band,not_adjudicated
microvillus_bundler.k,EXAMPLE,microvillus_bundler.k,other_valued_input,other_declared_input,,False,1000.0,pN/um,target_without_band,not_adjudicated
microvillus_bundler.k_off0,EXAMPLE,microvillus_bundler.k_off0,other_valued_input,other_declared_input,,False,0.1,1/s,target_without_band,not_adjudicated
microvillus_bundler.k_on,EXAMPLE,microvillus_bundler.k_on,other_valued_input,other_declared_input,,False,1.0,1/s,target_without_band,not_adjudicated
microvillus_bundler.length,EXAMPLE,microvillus_bundler.length,other_valued_input,other_declared_input,,False,0.0085,um,target_without_band,not_adjudicated
microvillus_bundler.sites_per_node,EXAMPLE,microvillus_bundler.sites_per_node,other_valued_input,other_declared_input,,False,3.0,1,target_without_band,not_adjudicated
microvillus_bundler.x_beta,EXAMPLE,microvillus_bundler.x_beta,other_valued_input,other_declared_input,,False,0.0004,um,target_without_band,not_adjudicated
motor.consistency_tolerance,EXAMPLE,motor.consistency_tolerance,other_valued_input,other_declared_input,,False,2.0,1,target_without_band,not_adjudicated
nmii.areal_density,SOURCED,nmii.areal_density,other_valued_input,other_declared_input,,False,0.625,1/um^2,sourced_without_spread,not_adjudicated
nmii.arm_kappa,EXAMPLE,nmii.arm_kappa,other_valued_input,other_declared_input,,False,0.01,pN.um^2,target_without_band,not_adjudicated
nmii.arm_radius,EXAMPLE,nmii.arm_radius,other_valued_input,other_declared_input,,False,0.002,um,target_without_band,not_adjudicated
nmii.arm_seg,EXAMPLE,resolution.spacing,bound_alias,bound_alias,,False,0.05,um,bound_not_independent,not_adjudicated
nmii.assembly_rate,EXAMPLE,nmii.assembly_rate,other_valued_input,other_declared_input,,False,0.03,1/s,target_without_band,not_adjudicated
nmii.backbone_EA,EXAMPLE,nmii.backbone_EA,other_valued_input,other_declared_input,,False,44000.0,pN,target_without_band,not_adjudicated
nmii.backbone_kappa,EXAMPLE,nmii.backbone_kappa,other_valued_input,other_declared_input,,False,1.0,pN.um^2,target_without_band,not_adjudicated
nmii.backbone_length,EXAMPLE,nmii.backbone_length,other_valued_input,other_declared_input,,False,0.301,um,target_without_band,not_adjudicated
nmii.backbone_radius,EXAMPLE,nmii.backbone_radius,other_valued_input,other_declared_input,,False,0.008,um,target_without_band,not_adjudicated
nmii.disassembly_rate,EXAMPLE,nmii.disassembly_rate,other_valued_input,other_declared_input,,False,0.03,1/s,target_without_band,not_adjudicated
nmii.head_offset,EXAMPLE,nmii.head_offset,other_valued_input,other_declared_input,,False,0.2,um,target_without_band,not_adjudicated
nmii.head_radius,EXAMPLE,nmii.head_radius,other_valued_input,other_declared_input,,False,0.005,um,target_without_band,not_adjudicated
nmii.heads_per_side,EXAMPLE,nmii.heads_per_side,other_valued_input,other_declared_input,,False,30,1,target_without_band,not_adjudicated
nmii.isoform_iia_fraction,EXAMPLE,nmii.isoform_iia_fraction,other_valued_input,other_declared_input,,False,1.0,1,target_without_band,not_adjudicated
nmii.lever_arm,EXAMPLE,nmii.lever_arm,other_valued_input,other_declared_input,,False,0.0075,um,target_without_band,not_adjudicated
nmii.n_backbone,EXAMPLE,nmii.n_backbone,other_valued_input,other_declared_input,,False,14,1,target_without_band,not_adjudicated
nmii.object_life,EXAMPLE,nmii.object_life,other_valued_input,other_declared_input,,False,1,1,target_without_band,not_adjudicated
nmii.rlc_phosphorylated_fraction,EXAMPLE,nmii.rlc_phosphorylated_fraction,other_valued_input,other_declared_input,,False,0.3,1,target_without_band,not_adjudicated
nucleus.eta_nucleoplasm,SOURCED,nucleus.eta_nucleoplasm,other_valued_input,observer_comparison,,False,52.0,pN.s/um^2,sourced_without_spread,not_adjudicated
nucleus.g_prime_nucleoplasm,SOURCED,nucleus.g_prime_nucleoplasm,other_valued_input,observer_comparison,,False,18.0,pN/um^2,sourced_without_spread,not_adjudicated
osmotic.external,EXAMPLE,osmotic.external,other_valued_input,other_declared_input,,False,300.0,mM,target_without_band,not_adjudicated
osmotic.external_water_volume,EXAMPLE,osmotic.external_water_volume,other_valued_input,other_declared_input,,False,1000000.0,um^3,target_without_band,not_adjudicated
osmotic.internal,EXAMPLE,osmotic.internal,other_valued_input,other_declared_input,,False,300.01552,mM,target_without_band,not_adjudicated
osmotic.nucleoplasm,EXAMPLE,osmotic.internal,bound_alias,bound_alias,,False,300.01552,mM,bound_not_independent,not_adjudicated
osmotic.pressure_per_mM,SOURCED,osmotic.pressure_per_mM,other_valued_input,other_declared_input,,False,2577.0,pN/um^2/mM,sourced_without_spread,not_adjudicated
osmotic.reference_temperature,SOURCED,osmotic.reference_temperature,other_valued_input,other_declared_input,,False,310.0,K,point_not_sampling_axis,not_adjudicated
osmotic.reflection_coefficient,EXAMPLE,osmotic.reflection_coefficient,other_valued_input,other_declared_input,,False,1.0,1,target_without_band,not_adjudicated
osmotic.water_permeation,EXAMPLE,osmotic.water_permeation,other_valued_input,other_declared_input,,True,0,1,target_without_band,not_adjudicated
resolution.spacing,SWEPT,resolution.spacing,other_valued_input,other_declared_input,,False,0.05,um,declared_range_unverified,not_adjudicated
sf_arc.filaments,SWEPT,sf_arc.filaments,other_valued_input,other_declared_input,,True,0,1,declared_range_unverified,not_adjudicated
sf_arc.lift,EXAMPLE,sf_arc.lift,other_valued_input,other_declared_input,,False,0.4,um,target_without_band,not_adjudicated
sf_arc.pitch,EXAMPLE,sf_arc.pitch,other_valued_input,other_declared_input,,False,0.6,um,target_without_band,not_adjudicated
sf_arc.seg,EXAMPLE,resolution.spacing,bound_alias,bound_alias,,False,0.05,um,bound_not_independent,not_adjudicated
sf_arc.spacing,EXAMPLE,stress_fiber.spacing,bound_alias,bound_alias,,False,0.012,um,bound_not_independent,not_adjudicated
sim.dt,EXAMPLE,sim.dt,other_valued_input,numerical,,False,1e-05,s,numerical_not_sampling_axis,not_adjudicated
sim.fluid_iters,EXAMPLE,sim.fluid_iters,other_valued_input,numerical,,False,20,1,numerical_not_sampling_axis,not_adjudicated
sim.inplane_count_floor_fraction,EXAMPLE,sim.inplane_count_floor_fraction,other_valued_input,numerical,,False,0.05,1,numerical_not_sampling_axis,not_adjudicated
sim.inplane_flow_cg_iters,EXAMPLE,sim.inplane_flow_cg_iters,other_valued_input,numerical,,False,64,1,numerical_not_sampling_axis,not_adjudicated
sim.surface_diffusion_max_crossings,EXAMPLE,sim.surface_diffusion_max_crossings,other_valued_input,numerical,,False,32,1,numerical_not_sampling_axis,not_adjudicated
stress_fiber.filaments,SWEPT,stress_fiber.filaments,other_valued_input,other_declared_input,,True,0,1,declared_range_unverified,not_adjudicated
stress_fiber.pitch,EXAMPLE,stress_fiber.pitch,other_valued_input,other_declared_input,,False,0.5,um,target_without_band,not_adjudicated
stress_fiber.sarcomere,EXAMPLE,stress_fiber.sarcomere,other_valued_input,other_declared_input,,False,1.0,um,declared_band_unverified,not_adjudicated
stress_fiber.seg,EXAMPLE,resolution.spacing,bound_alias,bound_alias,,False,0.05,um,bound_not_independent,not_adjudicated
stress_fiber.spacing,EXAMPLE,stress_fiber.spacing,other_valued_input,other_declared_input,,False,0.012,um,target_without_band,not_adjudicated
substrate.stiffness,EXAMPLE,substrate.stiffness,other_valued_input,other_declared_input,,False,5000.0,pN/um^2,target_without_band,not_adjudicated
substrate.thickness,EXAMPLE,substrate.thickness,other_valued_input,other_declared_input,,False,50.0,um,target_without_band,not_adjudicated
transport.dynein_cargo_fraction,EXAMPLE,transport.dynein_cargo_fraction,other_valued_input,other_declared_input,,False,0.6,1,target_without_band,not_adjudicated
transport.kinesin_cargo_fraction,EXAMPLE,transport.kinesin_cargo_fraction,other_valued_input,other_declared_input,,False,0.8,1,target_without_band,not_adjudicated
