name,group,file_value,resolved_file_value,unit,tag,root_tag,bound,root,prior_family,prior_status,partition,declared_wiring,literal_lookup_count,source,path,line
actin_chem.capping_conc,actin_chem,1.0,1.0,uM,EXAMPLE,EXAMPLE,,actin_chem.capping_conc,target,target_without_band,UNASSIGNED,declared_read_complement,2,capping protein ~1 uM (Pollard 2000). not in KB source_audit — register before SOURCED,aleph/cell/spec.example.toml,1680
actin_chem.capping_formin_k_off,actin_chem,0.00202,0.00202,1/s,EXAMPLE,EXAMPLE,,actin_chem.capping_formin_k_off,target,target_without_band,UNASSIGNED,declared_read_complement,1,"Shekhar2015 Figure2 doi:10.1038/ncomms9730; CP release from ternary end, distinct from signed free-end row",aleph/cell/spec.example.toml,2588
actin_chem.capping_formin_k_on,actin_chem,0.21,0.21,1/(uM.s),EXAMPLE,EXAMPLE,,actin_chem.capping_formin_k_on,target,target_without_band,UNASSIGNED,declared_read_complement,1,Shekhar2015 Table1 doi:10.1038/ncomms9730; CP association to formin-bound end,aleph/cell/spec.example.toml,2594
actin_chem.capping_k_off,actin_chem,0.0004,0.0004,1/s,EXAMPLE,EXAMPLE,,actin_chem.capping_k_off,target,target_without_band,UNASSIGNED,declared_read_complement,2,"CP uncapping, Schafer 1996 (4e-4 /s). not in KB source_audit — register before SOURCED",aleph/cell/spec.example.toml,1692
actin_chem.capping_k_on,actin_chem,3.5,3.5,1/(uM.s),EXAMPLE,EXAMPLE,,actin_chem.capping_k_on,target,target_without_band,UNASSIGNED,declared_read_complement,2,"CP barbed-end capping, Schafer 1996 (3.5e6 /M/s). not in KB source_audit — register before SOURCED",aleph/cell/spec.example.toml,1686
actin_chem.cofilin_conc,actin_chem,20.0,20.0,uM,EXAMPLE,EXAMPLE,,actin_chem.cofilin_conc,target,declared_band_unverified,UNASSIGNED,declared_read_complement,2,cofilin ~10-40 uM; PI-GAP for MCF7. not in KB source_audit — register before SOURCED,aleph/cell/spec.example.toml,1652
actin_chem.cofilin_decorated_fraction,actin_chem,0.05,0.05,1,EXAMPLE,EXAMPLE,,actin_chem.cofilin_decorated_fraction,target,target_without_band,UNASSIGNED,declared_read_complement,1,"the fraction of built filament subunits carrying cofilin. THIS ROW STANDS IN FOR BINDING KINETICS THAT ARE NOT WIRED: no cofilin binding row exists in this file (nor on codex/bio-wiring-20260915, whose cofilin path is a 64-row molecular G/F preparation that is not ported), so the decoration cannot be computed from the file and is DECLARED. Sized from stoichiometry and from what cofilin does in a resting cell, not from any gate: one cofilin per actin protomer against actin_chem.cofilin_conc 20 uM and the filament this spec builds puts the hard ceiling at 0.0987 on the shipped build (1.021e7 molecules against 1.035e8 built protomers; cell/severing.decorated_fraction_ceiling recomputes it from the BUILT protomer count and refuses anything above it, with both counts in the message); and most cofilin in a resting cell is Ser3-phosphorylated and cannot bind F-actin at all, so the resting decoration sits well under that ceiling. 0.05 is an order-of-magnitude EXAMPLE inside it and a PI-GAP inference target, not a measurement. WARNING the real law (Kadzik 2026, aleph/laws/cofilin_severing.py) severs at decorated/bare BOUNDARIES and peaks at INTERMEDIATE decoration, while the uniform-rate form this row feeds is monotone in it — no run may claim the occupancy dependence. not in KB source_audit — register before SOURCED",aleph/cell/spec.example.toml,1665
actin_chem.cofilin_severing_rate,actin_chem,0.01,0.01,1/(um.s),EXAMPLE,EXAMPLE,,actin_chem.cofilin_severing_rate,target,target_without_band,UNASSIGNED,declared_read_complement,1,"severing per unit decorated length, ORDER OF MAGNITUDE (Andrianantoandro & Pollard 2006). PI-GAP. not in KB source_audit — register before SOURCED",aleph/cell/spec.example.toml,1658
actin_chem.end_segment_band_hi,actin_chem,2.0,2.0,1,EXAMPLE,EXAMPLE,,actin_chem.end_segment_band_hi,target,target_without_band,UNASSIGNED,declared_read_complement,2,"upper edge of the end segment's rest-length band, in multiples of the family's seg (L0): above it a dormant node is inserted at the midpoint (growth-wiring §4). 2.0 x L0 sits exactly on fluid.spacing_factor (EXAMPLE 2.0), so the fluid still sees the end segment (directive 6)",aleph/cell/spec.example.toml,1610
actin_chem.end_segment_band_lo,actin_chem,0.5,0.5,1,EXAMPLE,EXAMPLE,,actin_chem.end_segment_band_lo,target,target_without_band,UNASSIGNED,declared_read_complement,2,"lower edge of the end segment's rest-length band, in multiples of the family's seg (L0): below it the end node is retired to the pool (DESIGN-2026-09-08-growth-wiring §4, actin-chemistry §2.2). end_growth refuses unless lo < hi/2 and monomer_rise <= (hi - lo) x L0",aleph/cell/spec.example.toml,1604
actin_chem.g_actin_exchange,actin_chem,0.009,0.009,1/s,EXAMPLE,EXAMPLE,,actin_chem.g_actin_exchange,target,target_without_band,UNASSIGNED,declared_read_complement,1,Selden 1999 PMID10052948; ADP release rate under rapid ATP rebinding approximation; exchange is not hydrolysis,aleph/cell/spec.example.toml,2600
actin_chem.g_actin_free,actin_chem,0.5,0.5,uM,EXAMPLE,EXAMPLE,,actin_chem.g_actin_free,target,declared_band_unverified,UNASSIGNED,declared_read_complement,2,free ATP-G-actin near the barbed-end critical concentration (~0.1-1 uM); most G-actin is profilin- or thymosin-bound. PI-GAP for MCF7. not in KB source_audit — register before SOURCED,aleph/cell/spec.example.toml,1543
actin_chem.g_actin_pi_release,actin_chem,10000.0,10000.0,1/s,EXAMPLE,EXAMPLE,,actin_chem.g_actin_pi_release,target,target_without_band,UNASSIGNED,declared_read_complement,1,"Bindschadler2004 Table1 PMC1304143 assigned fast soluble Pi release; model initial point, not measurement",aleph/cell/spec.example.toml,2606
actin_chem.g_actin_total,actin_chem,100.0,100.0,uM,EXAMPLE,EXAMPLE,,actin_chem.g_actin_total,target,target_without_band,UNASSIGNED,declared_read_complement,1,total unpolymerised actin in a non-muscle cell ~100 uM (Pollard 2000; BNID). not in KB source_audit — register before SOURCED,aleph/cell/spec.example.toml,1537
actin_chem.k_hydrolysis,actin_chem,0.3,0.3,1/s,EXAMPLE,EXAMPLE,,actin_chem.k_hydrolysis,target,target_without_band,UNASSIGNED,declared_read_complement,2,"ATP hydrolysis on the filament, Blanchoin & Pollard 2002. not in KB source_audit — register before SOURCED",aleph/cell/spec.example.toml,1616
actin_chem.k_off_barbed_adp,actin_chem,7.2,7.2,1/s,SOURCED,SOURCED,,actin_chem.k_off_barbed_adp,lognormal,sourced_without_spread,UNASSIGNED,declared_read_complement,0,"barbed-end ADP-actin dissociation; same table, ADP row (KB SE483, audit OK; KB-2026-09-07-medyan-chemistry §9.2) — read by no kernel until the tip state of DESIGN-2026-09-08-actin-chemistry §2.7 lands",aleph/cell/spec.example.toml,1568
actin_chem.k_off_barbed_adppi,actin_chem,0.2,0.2,1/s,EXAMPLE,EXAMPLE,,actin_chem.k_off_barbed_adppi,target,target_without_band,UNASSIGNED,declared_read_complement,0,Fujiwara 2007 Table 1; doi:10.1073/pnas.0702510104; assay transfer,aleph/cell/spec.example.toml,2612
actin_chem.k_off_barbed_atp,actin_chem,1.4,1.4,1/s,SOURCED,SOURCED,,actin_chem.k_off_barbed_atp,lognormal,sourced_without_spread,UNASSIGNED,declared_read_complement,1,"barbed-end ATP-actin dissociation. Pollard 1986 J Cell Biol 103:2747 Table I/II row D (KB SE483, audit OK; read 2026-09-07), KB-2026-09-07-medyan-chemistry §9.3. Measured at 22 C in 50 mM KCl / 1 mM MgCl2 / 1.1 mM EGTA — the spec runs at 310 K, so this is a temperature transfer; no Q10 correction applied (PI decision)",aleph/cell/spec.example.toml,1556
actin_chem.k_off_pointed_adp,actin_chem,0.27,0.27,1/s,SOURCED,SOURCED,,actin_chem.k_off_pointed_adp,lognormal,sourced_without_spread,UNASSIGNED,declared_read_complement,0,"pointed-end ADP-actin dissociation; same table, ADP row (KB SE483, audit OK; KB-2026-09-07-medyan-chemistry §9.2) — read by no kernel until the tip state of DESIGN-2026-09-08-actin-chemistry §2.7 lands",aleph/cell/spec.example.toml,1592
actin_chem.k_off_pointed_adppi,actin_chem,0.02,0.02,1/s,EXAMPLE,EXAMPLE,,actin_chem.k_off_pointed_adppi,target,target_without_band,UNASSIGNED,declared_read_complement,0,Fujiwara 2007 Table 1 (0.02 +/-0.02); doi:10.1073/pnas.0702510104; assay transfer,aleph/cell/spec.example.toml,2618
actin_chem.k_off_pointed_atp,actin_chem,0.8,0.8,1/s,SOURCED,SOURCED,,actin_chem.k_off_pointed_atp,lognormal,sourced_without_spread,UNASSIGNED,declared_read_complement,1,"pointed-end ATP-actin dissociation. Pollard 1986 J Cell Biol 103:2747 Table I/II row D (KB SE483, audit OK; read 2026-09-07), KB-2026-09-07-medyan-chemistry §9.3. Measured at 22 C in 50 mM KCl / 1 mM MgCl2 / 1.1 mM EGTA — the spec runs at 310 K, so this is a temperature transfer; no Q10 correction applied (PI decision)",aleph/cell/spec.example.toml,1580
actin_chem.k_on_barbed_adp,actin_chem,3.8,3.8,1/(uM.s),SOURCED,SOURCED,,actin_chem.k_on_barbed_adp,lognormal,sourced_without_spread,UNASSIGNED,declared_read_complement,0,"barbed-end ADP-actin association; same table, ADP row (KB SE483, audit OK; KB-2026-09-07-medyan-chemistry §9.2) — read by no kernel until the tip state of DESIGN-2026-09-08-actin-chemistry §2.7 lands",aleph/cell/spec.example.toml,1562
actin_chem.k_on_barbed_adppi,actin_chem,3.4,3.4,1/(uM.s),EXAMPLE,EXAMPLE,,actin_chem.k_on_barbed_adppi,target,target_without_band,UNASSIGNED,declared_read_complement,0,"Fujiwara 2007 Table 1, saturating phosphate TIRF; doi:10.1073/pnas.0702510104; assay transfer",aleph/cell/spec.example.toml,2624
actin_chem.k_on_barbed_atp,actin_chem,11.6,11.6,1/(uM.s),SWEPT,SWEPT,,actin_chem.k_on_barbed_atp,uniform,declared_range_unverified,UNASSIGNED,declared_read_complement,1,"barbed-end ATP-actin association. 11.6 the EM central value; the range is the genuine cross-method spread (KB §9.3). Pollard 1986 J Cell Biol 103:2747 Table I/II row D (KB SE483, audit OK; read 2026-09-07), KB-2026-09-07-medyan-chemistry §9.3. Measured at 22 C in 50 mM KCl / 1 mM MgCl2 / 1.1 mM EGTA — the spec runs at 310 K, so this is a temperature transfer; no Q10 correction applied (PI decision)",aleph/cell/spec.example.toml,1549
actin_chem.k_on_pointed_adp,actin_chem,0.16,0.16,1/(uM.s),SOURCED,SOURCED,,actin_chem.k_on_pointed_adp,lognormal,sourced_without_spread,UNASSIGNED,declared_read_complement,0,"pointed-end ADP-actin association; same table, ADP row (KB SE483, audit OK; KB-2026-09-07-medyan-chemistry §9.2) — read by no kernel until the tip state of DESIGN-2026-09-08-actin-chemistry §2.7 lands",aleph/cell/spec.example.toml,1586
actin_chem.k_on_pointed_adppi,actin_chem,0.11,0.11,1/(uM.s),EXAMPLE,EXAMPLE,,actin_chem.k_on_pointed_adppi,target,target_without_band,UNASSIGNED,declared_read_complement,0,Fujiwara 2007 Table 1 (0.11 +/-0.04); doi:10.1073/pnas.0702510104; assay transfer,aleph/cell/spec.example.toml,2630
actin_chem.k_on_pointed_atp,actin_chem,1.3,1.3,1/(uM.s),SOURCED,SOURCED,,actin_chem.k_on_pointed_atp,lognormal,sourced_without_spread,UNASSIGNED,declared_read_complement,1,"pointed-end ATP-actin association. Pollard 1986 J Cell Biol 103:2747 Table I/II row D (KB SE483, audit OK; read 2026-09-07), KB-2026-09-07-medyan-chemistry §9.3. Measured at 22 C in 50 mM KCl / 1 mM MgCl2 / 1.1 mM EGTA — the spec runs at 310 K, so this is a temperature transfer; no Q10 correction applied (PI decision)",aleph/cell/spec.example.toml,1574
actin_chem.k_pi_release,actin_chem,0.003,0.003,1/s,EXAMPLE,EXAMPLE,,actin_chem.k_pi_release,target,declared_band_unverified,UNASSIGNED,declared_read_complement,1,"phosphate release from ADP-Pi-actin, ~0.002-0.006 /s (Carlier 1986; Fujiwara 2007). not in KB source_audit — register before SOURCED",aleph/cell/spec.example.toml,1622
actin_chem.k_pi_release_barbed,actin_chem,1.8,1.8,1/s,EXAMPLE,EXAMPLE,,actin_chem.k_pi_release_barbed,target,target_without_band,UNASSIGNED,declared_read_complement,1,Jegou 2011 Figure 3/Table 1; doi:10.1371/journal.pbio.1001161; exposed-end assay transfer,aleph/cell/spec.example.toml,2636
actin_chem.k_pi_release_pointed,actin_chem,2.0,2.0,1/s,EXAMPLE,EXAMPLE,,actin_chem.k_pi_release_pointed,target,target_without_band,UNASSIGNED,declared_read_complement,0,"Narita 2011 PMID21378753 kinetic model used 2/s at either end; explicit model transfer, not measured pointed-end rate",aleph/cell/spec.example.toml,2642
actin_chem.monomer_rise,actin_chem,0.0027,0.0027,um,EXAMPLE,EXAMPLE,,actin_chem.monomer_rise,target,target_without_band,UNASSIGNED,declared_read_complement,4,"2.7 nm axial rise per subunit — the growth stroke delta (physics.end_growth), Popov 2016 p15 (KB SE285) citing Splettstoesser 2011 (10.1002/prot.23017); SOURCED on registration of Splettstoesser 2011 (KB-2026-09-07-medyan-chemistry §10 #7). cytoplasm_actin.py's SUBUNITS_PER_UM = 370 is this same rise as a count",aleph/cell/spec.example.toml,1598
actin_chem.profilin_adp_kd,actin_chem,0.17,0.17,uM,EXAMPLE,EXAMPLE,,actin_chem.profilin_adp_kd,target,target_without_band,UNASSIGNED,declared_read_complement,0,"Xue 2014 introductory affinity comparison, PMC4217450; cited assay transfer",aleph/cell/spec.example.toml,2648
actin_chem.profilin_adppi_kd,actin_chem,,0.1,uM,EXAMPLE,EXAMPLE,actin_chem.profilin_kd,actin_chem.profilin_kd,bound,bound_not_independent,UNASSIGNED,bound_alias,0,"ADP-Pi mapped to ATP affinity: explicit model equivalence, Bindschadler2004 PMC1304143",aleph/cell/spec.example.toml,2654
actin_chem.profilin_conc,actin_chem,50.0,50.0,uM,EXAMPLE,EXAMPLE,,actin_chem.profilin_conc,target,declared_band_unverified,UNASSIGNED,declared_read_complement,1,profilin ~20-100 uM (Pollard 2000). PI-GAP for MCF7. not in KB source_audit — register before SOURCED,aleph/cell/spec.example.toml,1628
actin_chem.profilin_exchange,actin_chem,1.4,1.4,1/s,EXAMPLE,EXAMPLE,,actin_chem.profilin_exchange,target,target_without_band,UNASSIGNED,declared_read_complement,1,Selden 1999 PMID10052948; profilin-ADP release under rapid ATP rebinding approximation; exchange is not hydrolysis,aleph/cell/spec.example.toml,2660
actin_chem.profilin_k_off_barbed_adp,actin_chem,12.2,12.2,1/s,EXAMPLE,EXAMPLE,,actin_chem.profilin_k_off_barbed_adp,target,target_without_band,UNASSIGNED,declared_read_complement,0,"Courtemanche2013 Table1 reaction4 PMC3823579, measured complex loss; assay transfer",aleph/cell/spec.example.toml,2666
actin_chem.profilin_k_off_barbed_adppi,actin_chem,8.6,8.6,1/s,EXAMPLE,EXAMPLE,,actin_chem.profilin_k_off_barbed_adppi,target,target_without_band,UNASSIGNED,declared_read_complement,0,"Courtemanche2013 Table1 reaction4 PMC3823579, measured complex loss; assay transfer",aleph/cell/spec.example.toml,2672
actin_chem.profilin_k_off_barbed_atp,actin_chem,52.4,52.4,1/s,EXAMPLE,EXAMPLE,,actin_chem.profilin_k_off_barbed_atp,target,target_without_band,UNASSIGNED,declared_read_complement,0,"Courtemanche2013 Table1 reaction4 PMC3823579; AMP-PNP surrogate for ATP, measured complex loss",aleph/cell/spec.example.toml,2678
actin_chem.profilin_k_on,actin_chem,40.0,40.0,1/(uM.s),EXAMPLE,EXAMPLE,,actin_chem.profilin_k_on,target,target_without_band,UNASSIGNED,declared_read_complement,0,Funk 2019 Appendix 1 Table 1; doi:10.7554/eLife.50963; ATP assay transfer to all nucleotide rows,aleph/cell/spec.example.toml,2684
actin_chem.profilin_k_on_barbed_adp,actin_chem,0.3,0.3,1/(uM.s),EXAMPLE,EXAMPLE,,actin_chem.profilin_k_on_barbed_adp,target,target_without_band,UNASSIGNED,declared_read_complement,0,"Courtemanche2013 Table1 reaction4 PMC3823579, fitted association; assay transfer",aleph/cell/spec.example.toml,2690
actin_chem.profilin_k_on_barbed_adppi,actin_chem,4.1,4.1,1/(uM.s),EXAMPLE,EXAMPLE,,actin_chem.profilin_k_on_barbed_adppi,target,target_without_band,UNASSIGNED,declared_read_complement,0,"Courtemanche2013 Table1 reaction4 PMC3823579, fitted association; assay transfer",aleph/cell/spec.example.toml,2696
actin_chem.profilin_k_on_barbed_atp,actin_chem,11.4,11.4,1/(uM.s),EXAMPLE,EXAMPLE,,actin_chem.profilin_k_on_barbed_atp,target,target_without_band,UNASSIGNED,declared_read_complement,0,"Courtemanche2013 Table1 reaction4 PMC3823579; AMP-PNP surrogate for ATP, fitted association",aleph/cell/spec.example.toml,2702
actin_chem.profilin_kd,actin_chem,0.1,0.1,uM,EXAMPLE,EXAMPLE,,actin_chem.profilin_kd,target,target_without_band,UNASSIGNED,declared_read_complement,1,profilin:ATP-actin Kd ~0.1 uM (Vinson 1998). not in KB source_audit — register before SOURCED,aleph/cell/spec.example.toml,1634
actin_chem.profilin_tip_k_off,actin_chem,495.0,495.0,1/s,EXAMPLE,EXAMPLE,,actin_chem.profilin_tip_k_off,target,target_without_band,UNASSIGNED,declared_read_complement,3,"Funk2019 Appendix1Table2 WT, doi:10.7554/eLife.50963; shared nucleotide off-rate is an explicit model assumption",aleph/cell/spec.example.toml,2708
actin_chem.profilin_tip_kd_adp,actin_chem,0.9,0.9,uM,EXAMPLE,EXAMPLE,,actin_chem.profilin_tip_kd_adp,target,target_without_band,UNASSIGNED,declared_read_complement,0,"Courtemanche2013 Table1 PMC3823579, fitted end affinity; assay transfer",aleph/cell/spec.example.toml,2714
actin_chem.profilin_tip_kd_adppi,actin_chem,10.2,10.2,uM,EXAMPLE,EXAMPLE,,actin_chem.profilin_tip_kd_adppi,target,target_without_band,UNASSIGNED,declared_read_complement,0,"Courtemanche2013 Table1 PMC3823579, fitted end affinity; assay transfer",aleph/cell/spec.example.toml,2720
actin_chem.profilin_tip_kd_atp,actin_chem,226.0,226.0,uM,EXAMPLE,EXAMPLE,,actin_chem.profilin_tip_kd_atp,target,target_without_band,UNASSIGNED,declared_read_complement,0,Courtemanche2013 Table1 PMC3823579 AMP-PNP end affinity; explicit ATP-surrogate transfer,aleph/cell/spec.example.toml,2726
actin_chem.severing_reserve_fraction,actin_chem,0.5,0.5,1,EXAMPLE,EXAMPLE,,actin_chem.severing_reserve_fraction,target,target_without_band,UNASSIGNED,declared_read_complement,1,"spare CHAIN records per built chain, because a cut makes two chains of one and the chain count is fixed at construction (the same device as <pop>.dormant_fraction for nodes). DERIVED from the rows beside it, not tuned: cofilin_severing_rate 0.01 /(um.s) x cofilin_decorated_fraction 0.05 x cortex.contour 3.0 um = 1.5e-3 cuts per chain per second, so the longest declared run (100 s) needs 0.15 records per chain and 0.5 carries that with 3.3x headroom. A run that outlives it SATURATES and the step is counted (physics/chain_split no_record), never raised. Each record costs two dead segment rows and NO node. not in KB source_audit — register before SOURCED",aleph/cell/spec.example.toml,1672
actin_chem.thymosin_adp_kd,actin_chem,100.0,100.0,uM,EXAMPLE,EXAMPLE,,actin_chem.thymosin_adp_kd,target,target_without_band,UNASSIGNED,declared_read_complement,0,"Bindschadler 2004 Table 1 citing Carlier1993, PMC1304143; ADP-specific affinity transfer",aleph/cell/spec.example.toml,2732
actin_chem.thymosin_adppi_kd,actin_chem,,2.0,uM,EXAMPLE,EXAMPLE,actin_chem.thymosin_kd,actin_chem.thymosin_kd,bound,bound_not_independent,UNASSIGNED,bound_alias,0,"ADP-Pi mapped to ATP affinity: explicit model equivalence, Bindschadler2004 PMC1304143",aleph/cell/spec.example.toml,2738
actin_chem.thymosin_conc,actin_chem,200.0,200.0,uM,EXAMPLE,EXAMPLE,,actin_chem.thymosin_conc,target,declared_band_unverified,UNASSIGNED,declared_read_complement,1,thymosin-beta4 ~100-500 uM (Pollard 2000). PI-GAP. not in KB source_audit — register before SOURCED,aleph/cell/spec.example.toml,1640
actin_chem.thymosin_k_on,actin_chem,1.7,1.7,1/(uM.s),EXAMPLE,EXAMPLE,,actin_chem.thymosin_k_on,target,target_without_band,UNASSIGNED,declared_read_complement,0,"Au 2008 Table 1 WT AEDANS-actin, 22C low salt; doi:10.1021/bi701769u; assay and nucleotide transfer",aleph/cell/spec.example.toml,2744
actin_chem.thymosin_kd,actin_chem,2.0,2.0,uM,EXAMPLE,EXAMPLE,,actin_chem.thymosin_kd,target,target_without_band,UNASSIGNED,declared_read_complement,1,thymosin-beta4:ATP-actin Kd ~2 uM (Pollard 2000). not in KB source_audit — register before SOURCED,aleph/cell/spec.example.toml,1646
actin_chem.unit_chemistry_enabled,actin_chem,0,0,1,EXAMPLE,EXAMPLE,,actin_chem.unit_chemistry_enabled,target,target_without_band,UNASSIGNED,declared_read_complement,1,"Switch row, not a measurement: 0 selects the base constant-rate stroke path (today's behaviour), 1 selects the finite-pool ordered-unit chemistry of aleph/cell/unit_chemistry.py. Default 0 so an existing spec is unchanged.",aleph/cell/spec.example.toml,2768
arp23.branch_angle,arp23,70.0,70.0,deg,EXAMPLE,EXAMPLE,,arp23.branch_angle,target,target_without_band,UNASSIGNED,declared_read_complement,3,"Arp2/3 branch angle 70 deg (Mullins 1998; Mueller 2017) — lamellipodium.mode_angle is theta0/2 of this, kept separate (no arithmetic in a binding). not in KB source_audit — register before SOURCED",aleph/cell/spec.example.toml,1720
arp23.conc,arp23,2.0,2.0,uM,EXAMPLE,EXAMPLE,,arp23.conc,target,declared_band_unverified,UNASSIGNED,declared_read_complement,1,Arp2/3 complex ~1-2 uM (Pollard 2000). PI-GAP. not in KB source_audit — register before SOURCED,aleph/cell/spec.example.toml,1698
arp23.debranch_rate,arp23,0.003,0.003,1/s,EXAMPLE,EXAMPLE,,arp23.debranch_rate,target,declared_band_unverified,UNASSIGNED,declared_read_complement,1,"branch dissociation ORDER OF MAGNITUDE (~1e-3-1e-2 /s, Le Clainche 2003 / Chan 2009). PI-GAP. not in KB source_audit — register before SOURCED",aleph/cell/spec.example.toml,1788
arp23.k,arp23,4600.0,4600.0,pN/um,EXAMPLE,EXAMPLE,,arp23.k,target,declared_band_unverified,UNASSIGNED,declared_read_complement,2,"stiffness of the junction relation holding a daughter's first node on its mother, EXAMPLE at the alpha-actinin crosslink value (crosslink.k) because no measurement of the Arp2/3 junction's axial compliance is in the KB. PI-GAP. not in KB source_audit — register before SOURCED",aleph/cell/spec.example.toml,1774
arp23.k_theta,arp23,0.02,0.02,pN*um/rad^2,EXAMPLE,EXAMPLE,,arp23.k_theta,target,declared_band_unverified,UNASSIGNED,declared_read_complement,1,"angular stiffness of the built junction triple. EXAMPLE, order of magnitude only: a junction that resists a few kBT of bending over ~1 rad is ~1e-2 pN*um/rad^2 at 310 K (kBT = 4.28e-3 pN*um) — Blanchoin 2000 / Mueller 2017 report the 70 deg angle and its spread, not a stiffness, and the spread is what this row must eventually be inferred from. PI-GAP. not in KB source_audit — register before SOURCED",aleph/cell/spec.example.toml,1781
arp23.nucleation_rate,arp23,0.037,0.037,1/s,EXAMPLE,EXAMPLE,,arp23.nucleation_rate,target,declared_band_unverified,UNASSIGNED,declared_read_complement,1,"branch nucleation rate per FREE Arp2/3 complex. aleph/docs/PHASE_0_3_DECISIONS.md line 28 records it verbatim as ""k_b⁰ = 0.037 s⁻¹ per WAVE molecule (Bieling 2016)"" — that line is a decision record, the number is not a row anywhere in this file, and the KB source_audit does not carry Bieling 2016, so the tag is EXAMPLE and not SOURCED. It is also stated per WAVE (the NPF that activates the complex) rather than per complex: this lane reads it per complex, which is the same number only while every complex is NPF-bound, the bound-fraction 1 worst case INVENTORY E' S1 already uses. PI-GAP. not in KB source_audit — register before SOURCED",aleph/cell/spec.example.toml,1705
arp23.nucleation_reserve_fraction,arp23,0.0,0.0,1,EXAMPLE,EXAMPLE,,arp23.nucleation_reserve_fraction,target,target_without_band,UNASSIGNED,declared_read_complement,2,"SHIPPED AT 0 SINCE 2026-09-21 (device, RunPod A100, 353b9c858): with births on, the woken daughters carried 6.8e3 -> 3.8e5 -> 1.2e6 pN within five steps and the all-on cell went non-finite at k = 3; with this row at 0 the same cell is clean (free:cortex force_max 4-17 pN). Cause: a chain born at runtime is NOT in the axial-constraint workspace, so its nodes take independent thermal draws (~1.3 um per 1e-2 s step) against EA/L ~ 9e5 pN/um rows. The law is implemented (physics/chain_birth) and stays inert until the workspace can admit a born chain; 0.1 was the lane's value (1.66 s of births at the ceiling rate). dormant DAUGHTER chain records per built cortex chain, because a branch is a new CHAIN and the chain count is fixed at construction (the same device as actin_chem.severing_reserve_fraction, and they are summed in the layout — one reserve stack, one count per consumer). DERIVED from the rows beside it, not tuned: arp23.conc 2 uM over the cortical shell's water = 1.154e5 free complexes x arp23.nucleation_rate 0.037 /s = 4.27e3 nucleations/s against 7.07e4 built chains, so 0.1 (7.07e3 records) is 1.66 s of nucleation at the ceiling and 3.3 s at the stationary flux (cortex.turnover_rate x the chain count). THAT IS LESS THAN THE 2.5 s COMPRESSION PROTOCOL at the ceiling: a run that outlives its reserve SATURATES and the step is counted (physics/chain_birth no_record), never raised, and the record's saturation step is what a claim must be read against. Sized at 0.1 because each record costs two dead segment rows and NO node, but a woken one takes three nodes from cortex.dormant_fraction's pool, which is 4.3e5 nodes — 7.07e3 x 3 = 2.1e4 of them, 5 % of that pool. not in KB source_audit — register before SOURCED",aleph/cell/spec.example.toml,1712
arp23_branch.debranch.f_char,arp23_branch,0.0,0.0,pN,EXAMPLE,EXAMPLE,,arp23_branch.debranch.f_char,target,target_without_band,UNASSIGNED,declared_read_complement,0,"C2: as x_beta — one force scale per transition, and this one has none",aleph/cell/spec.example.toml,1738
arp23_branch.debranch.rate,arp23_branch,,0.003,1/s,EXAMPLE,EXAMPLE,arp23.debranch_rate,arp23.debranch_rate,bound,bound_not_independent,UNASSIGNED,bound_alias,0,C2: the junction relation's 1 -> 0 transition; binder reads arp23.debranch_rate (cell/bonds._branch_junction),aleph/cell/spec.example.toml,1726
arp23_branch.debranch.rate_2,arp23_branch,0.0,0.0,1/s,EXAMPLE,EXAMPLE,,arp23_branch.debranch.rate_2,target,target_without_band,UNASSIGNED,declared_read_complement,0,C2: no second exponential (C2 refuses a nonzero one),aleph/cell/spec.example.toml,1762
arp23_branch.debranch.sign,arp23_branch,0.0,0.0,1,EXAMPLE,EXAMPLE,,arp23_branch.debranch.sign,target,target_without_band,UNASSIGNED,declared_read_complement,0,"C2: no force term, so no direction",aleph/cell/spec.example.toml,1744
arp23_branch.debranch.stroke_dir,arp23_branch,0.0,0.0,1,EXAMPLE,EXAMPLE,,arp23_branch.debranch.stroke_dir,target,target_without_band,UNASSIGNED,declared_read_complement,0,C2: as stroke_len,aleph/cell/spec.example.toml,1756
arp23_branch.debranch.stroke_len,arp23_branch,0.0,0.0,um,EXAMPLE,EXAMPLE,,arp23_branch.debranch.stroke_len,target,target_without_band,UNASSIGNED,declared_read_complement,0,C2: a junction relation carries no stroke,aleph/cell/spec.example.toml,1750
arp23_branch.debranch.x_beta,arp23_branch,0.0,0.0,um,EXAMPLE,EXAMPLE,,arp23_branch.debranch.x_beta,target,target_without_band,UNASSIGNED,declared_read_complement,0,C2: no row declares a load dependence for debranching: the transition is Bell-independent,aleph/cell/spec.example.toml,1732
arp23_branch.debranch.x_beta_2,arp23_branch,0.0,0.0,um,EXAMPLE,EXAMPLE,,arp23_branch.debranch.x_beta_2,target,target_without_band,UNASSIGNED,declared_read_complement,0,C2: as rate_2,aleph/cell/spec.example.toml,1768
bundler_microvillus.attach.f_char,bundler_microvillus,0.0,0.0,pN,EXAMPLE,EXAMPLE,,bundler_microvillus.attach.f_char,target,target_without_band,UNASSIGNED,declared_read_complement,0,C2 bundler_microvillus attach: the binder reads no f_char on this transition,aleph/cell/spec.example.toml,4236
bundler_microvillus.attach.rate,bundler_microvillus,,1.0,1/s,EXAMPLE,EXAMPLE,microvillus_bundler.k_on,microvillus_bundler.k_on,bound,bound_not_independent,UNASSIGNED,bound_alias,0,C2 bundler_microvillus attach: the binder reads microvillus_bundler.k_on,aleph/cell/spec.example.toml,4224
bundler_microvillus.attach.rate_2,bundler_microvillus,0.0,0.0,1/s,EXAMPLE,EXAMPLE,,bundler_microvillus.attach.rate_2,target,target_without_band,UNASSIGNED,declared_read_complement,0,C2 bundler_microvillus attach: the binder reads no rate_2 on this transition,aleph/cell/spec.example.toml,4260
bundler_microvillus.attach.sign,bundler_microvillus,0.0,0.0,1,EXAMPLE,EXAMPLE,,bundler_microvillus.attach.sign,target,target_without_band,UNASSIGNED,declared_read_complement,0,C2 bundler_microvillus attach: the binder reads no sign on this transition,aleph/cell/spec.example.toml,4242
bundler_microvillus.attach.stroke_dir,bundler_microvillus,0.0,0.0,1,EXAMPLE,EXAMPLE,,bundler_microvillus.attach.stroke_dir,target,target_without_band,UNASSIGNED,declared_read_complement,0,C2 bundler_microvillus attach: the binder reads no stroke_dir on this transition,aleph/cell/spec.example.toml,4254
bundler_microvillus.attach.stroke_len,bundler_microvillus,0.0,0.0,um,EXAMPLE,EXAMPLE,,bundler_microvillus.attach.stroke_len,target,target_without_band,UNASSIGNED,declared_read_complement,0,C2 bundler_microvillus attach: the binder reads no stroke_len on this transition,aleph/cell/spec.example.toml,4248
bundler_microvillus.attach.x_beta,bundler_microvillus,0.0,0.0,um,EXAMPLE,EXAMPLE,,bundler_microvillus.attach.x_beta,target,target_without_band,UNASSIGNED,declared_read_complement,0,C2 bundler_microvillus attach: the binder reads no x_beta on this transition,aleph/cell/spec.example.toml,4230
bundler_microvillus.attach.x_beta_2,bundler_microvillus,0.0,0.0,um,EXAMPLE,EXAMPLE,,bundler_microvillus.attach.x_beta_2,target,target_without_band,UNASSIGNED,declared_read_complement,0,C2 bundler_microvillus attach: the binder reads no x_beta_2 on this transition,aleph/cell/spec.example.toml,4266
bundler_microvillus.detach.f_char,bundler_microvillus,0.0,0.0,pN,EXAMPLE,EXAMPLE,,bundler_microvillus.detach.f_char,target,target_without_band,UNASSIGNED,declared_read_complement,0,C2 bundler_microvillus detach: the binder reads no f_char on this transition,aleph/cell/spec.example.toml,4284
bundler_microvillus.detach.rate,bundler_microvillus,,0.1,1/s,EXAMPLE,EXAMPLE,microvillus_bundler.k_off0,microvillus_bundler.k_off0,bound,bound_not_independent,UNASSIGNED,bound_alias,0,C2 bundler_microvillus detach: the binder reads microvillus_bundler.k_off0,aleph/cell/spec.example.toml,4272
bundler_microvillus.detach.rate_2,bundler_microvillus,0.0,0.0,1/s,EXAMPLE,EXAMPLE,,bundler_microvillus.detach.rate_2,target,target_without_band,UNASSIGNED,declared_read_complement,0,C2 bundler_microvillus detach: the binder reads no rate_2 on this transition,aleph/cell/spec.example.toml,4308
bundler_microvillus.detach.sign,bundler_microvillus,1.0,1.0,1,EXAMPLE,EXAMPLE,,bundler_microvillus.detach.sign,target,target_without_band,UNASSIGNED,declared_read_complement,0,C2 bundler_microvillus detach: Bell SLIP — load shortens the lifetime (+1),aleph/cell/spec.example.toml,4290
bundler_microvillus.detach.stroke_dir,bundler_microvillus,0.0,0.0,1,EXAMPLE,EXAMPLE,,bundler_microvillus.detach.stroke_dir,target,target_without_band,UNASSIGNED,declared_read_complement,0,C2 bundler_microvillus detach: the binder reads no stroke_dir on this transition,aleph/cell/spec.example.toml,4302
bundler_microvillus.detach.stroke_len,bundler_microvillus,0.0,0.0,um,EXAMPLE,EXAMPLE,,bundler_microvillus.detach.stroke_len,target,target_without_band,UNASSIGNED,declared_read_complement,0,C2 bundler_microvillus detach: the binder reads no stroke_len on this transition,aleph/cell/spec.example.toml,4296
bundler_microvillus.detach.x_beta,bundler_microvillus,,0.0004,um,EXAMPLE,EXAMPLE,microvillus_bundler.x_beta,microvillus_bundler.x_beta,bound,bound_not_independent,UNASSIGNED,bound_alias,0,C2 bundler_microvillus detach: the binder reads microvillus_bundler.x_beta,aleph/cell/spec.example.toml,4278
bundler_microvillus.detach.x_beta_2,bundler_microvillus,0.0,0.0,um,EXAMPLE,EXAMPLE,,bundler_microvillus.detach.x_beta_2,target,target_without_band,UNASSIGNED,declared_read_complement,0,C2 bundler_microvillus detach: the binder reads no x_beta_2 on this transition,aleph/cell/spec.example.toml,4314
cargo.density,cargo,1.0,1.0,pg/um^3,EXAMPLE,EXAMPLE,,cargo.density,target,target_without_band,UNASSIGNED,declared_read_complement,1,"EXAMPLE a membranous carrier is mostly enclosed aqueous lumen, so its bulk density is taken as water's; NOT a source row - the source branch instead derived the mass from a lipid-count ledger (cargo.lipid_area, cargo.lipid_molecular_weight) over a meshed vesicle surface, which this lane does not build. PI-GAP",aleph/cell/spec.example.toml,3566
cargo.radius,cargo,0.06,0.06,um,EXAMPLE,EXAMPLE,,cargo.radius,target,target_without_band,UNASSIGNED,declared_read_complement,1,"EXAMPLE 120 nm diameter liposome carrier from Jiang et al 2025, DOI 10.1016/j.bpj.2025.04.033; assay transfer, not measured native cell vesicle distribution. Copied verbatim from codex/bio-wiring-20260915 transport_inputs.fragment.toml",aleph/cell/spec.example.toml,3560
cell.nc_ratio,cell,0.68,0.68,1,SOURCED,SOURCED,,cell.nc_ratio,lognormal,declared_spread_unverified,UNASSIGNED,declared_read_complement,2,nucleus:cell RADIUS ratio 0.68 +/- 0.08 — imaging flow cytometry n=2164 (PMC7000884); photoacoustic n=37 (10.1007/s10765-016-2129-y). laws/cell_geometry,aleph/cell/spec.example.toml,44
cell.radius,cell,7.5,7.5,um,SOURCED,SOURCED,,cell.radius,lognormal,sourced_without_spread,UNASSIGNED,declared_read_complement,17,"MCF7 cell volume 1760 um^3 (BNID 115154, Gamcsik 1995 via Wagner 2011) -> sphere-equivalent R 7.49 um; photoacoustic sizing n=37. laws/cell_geometry.MCF7_GEOMETRY",aleph/cell/spec.example.toml,38
cell.seed,cell,0,0,1,EXAMPLE,EXAMPLE,,cell.seed,replicate,replicate_not_sampling_axis,UNASSIGNED,declared_read_complement,15,RNG seed for quenched disorder; a conclusion depending on it is a conclusion about one draw,aleph/cell/spec.example.toml,56
cell.temperature,cell,310.0,310.0,K,SOURCED,SOURCED,,cell.temperature,lognormal,sourced_without_spread,UNASSIGNED,declared_read_complement,3,37 C physiological; laws/units.T_PHYSIO_K,aleph/cell/spec.example.toml,50
chem.adp_conc,chem,100.0,100.0,uM,EXAMPLE,EXAMPLE,,chem.adp_conc,target,declared_band_unverified,UNASSIGNED,declared_read_complement,0,free ADP ~50-100 uM. PI-GAP. not in KB source_audit — register before SOURCED,aleph/cell/spec.example.toml,1886
chem.atp_conc,chem,3000.0,3000.0,uM,EXAMPLE,EXAMPLE,,chem.atp_conc,target,declared_band_unverified,UNASSIGNED,declared_read_complement,1,"cellular ATP 1-5 mM (Milo & Phillips, BNID 101266). not in KB source_audit — register before SOURCED",aleph/cell/spec.example.toml,1880
chem.debye_length,chem,0.0008,0.0008,um,EXAMPLE,EXAMPLE,,chem.debye_length,target,target_without_band,UNASSIGNED,declared_read_complement,1,"Debye length ~0.8 nm at 150 mM (physics). not in KB source_audit — register before SOURCED. CHECKED AGAINST ITS OWN ROWS at build (cell/electrolyte.check_screening): sqrt(eps_r eps_0 kT / (2 e^2 N_A I)) at 150 mM / 310 K / eps_r 73.2 gives 7.734e-4 um, +3.44 % from the value here — inside this row's own quoted precision (one significant figure, +/-6.25 %). No force law reads it; the bound is INVENTORY E' P2.",aleph/cell/spec.example.toml,1916
chem.delta_g_atp,chem,0.0856,0.0856,pN.um,EXAMPLE,EXAMPLE,,chem.delta_g_atp,target,target_without_band,UNASSIGNED,declared_read_complement,1,ATP hydrolysis free energy ~-50 kJ/mol = 20 kBT at 310 K (Milo & Phillips). not in KB source_audit — register before SOURCED,aleph/cell/spec.example.toml,1898
chem.ionic_strength,chem,150.0,150.0,mM,EXAMPLE,EXAMPLE,,chem.ionic_strength,target,target_without_band,UNASSIGNED,declared_read_complement,2,cytosolic ionic strength ~150 mM. not in KB source_audit — register before SOURCED,aleph/cell/spec.example.toml,1910
chem.mg_free,chem,500.0,500.0,uM,EXAMPLE,EXAMPLE,,chem.mg_free,target,target_without_band,UNASSIGNED,declared_read_complement,1,free Mg2+ ~0.5 mM. not in KB source_audit — register before SOURCED,aleph/cell/spec.example.toml,1904
chem.mgatp_kd,chem,100.0,100.0,uM,EXAMPLE,EXAMPLE,,chem.mgatp_kd,target,target_without_band,UNASSIGNED,declared_read_complement,1,"Mg-ATP dissociation constant ~0.1 mM at physiological ionic strength and pH — a textbook order of magnitude, not a value read from a paper in this corpus, so EXAMPLE. It was already the literature number the previous lane's bound (INVENTORY E' P3) was computed at, quoted there as 'literature, NOT a spec row'; this lane makes it a row. SWEEP RANGE: a 10x weaker Kd lengthens the crossbridge cycle by 0.137 % instead of 0.014 %. not in KB source_audit — register before SOURCED",aleph/cell/spec.example.toml,4424
chem.ph,chem,7.2,7.2,1,EXAMPLE,EXAMPLE,,chem.ph,target,target_without_band,UNASSIGNED,declared_bounded_omission,0,cytosolic pH ~7.2. not in KB source_audit — register before SOURCED,aleph/cell/spec.example.toml,1929
chem.pi_conc,chem,1000.0,1000.0,uM,EXAMPLE,EXAMPLE,,chem.pi_conc,target,declared_band_unverified,UNASSIGNED,declared_read_complement,0,free phosphate ~1-5 mM. PI-GAP. not in KB source_audit — register before SOURCED,aleph/cell/spec.example.toml,1892
chem.solvent_permittivity,chem,73.2,73.2,1,EXAMPLE,EXAMPLE,,chem.solvent_permittivity,target,declared_band_unverified,UNASSIGNED,declared_read_complement,2,"static relative permittivity of liquid water at 37 C, 73.2 (CRC Handbook; 78.4 at 25 C, 80.1 at 20 C). Read ONLY by cell/electrolyte.check_screening, which verifies that chem.debye_length and chem.ionic_strength are mutually consistent at cell.temperature — no force law reads it. not in KB source_audit — register before SOURCED",aleph/cell/spec.example.toml,1922
chromatin.crosslink_fraction,chromatin,0.2,0.2,1,SOURCED,SOURCED,,chromatin.crosslink_fraction,lognormal,sourced_without_spread,UNASSIGNED,declared_read_complement,1,Stephens 2017 Table 1: 20% of domains linked to a distant domain (Nc = 55 reproduces exactly),aleph/cell/spec.example.toml,327
chromatin.density,chromatin,0.2,0.2,pg/um^3,EXAMPLE,EXAMPLE,,chromatin.density,target,target_without_band,UNASSIGNED,declared_read_complement,1,Mbp domain is not solid protein; order-of-magnitude,aleph/cell/spec.example.toml,339
chromatin.k_backbone,chromatin,1600.0,1600.0,pN/um,SOURCED,SOURCED,,chromatin.k_backbone,lognormal,sourced_without_spread,UNASSIGNED,declared_read_complement,3,Stephens 2017 Table 1 kp = 1.6 nN/um (domain Young's modulus ~1 kPa),aleph/cell/spec.example.toml,321
chromatin.n_subunits,chromatin,552,552,1,EXAMPLE,EXAMPLE,,chromatin.n_subunits,target,target_without_band,UNASSIGNED,declared_read_complement,1,Stephens 2017 Table 1 Np=552 is a HeLa 2R=10 um MODEL value; PI-GAP for MCF7 (no genome size registered),aleph/cell/spec.example.toml,303
chromatin.seg,chromatin,,0.05,um,EXAMPLE,SWEPT,resolution.spacing,resolution.spacing,bound,bound_not_independent,UNASSIGNED,bound_alias,2,D4 DECIDED — PI 2026-08-29 00:34 KST: beads at the fluid cell along each 0.6 um domain-domain link (12 per link at 0.05); bead radius = seg/2 so a domain's total Stokes drag 12 x 0.025 = sigma/2 equals the single-bead value it replaces,aleph/cell/spec.example.toml,315
chromatin.shell_links,chromatin,40,40,1,SOURCED,SOURCED,,chromatin.shell_links,lognormal,sourced_without_spread,UNASSIGNED,declared_read_complement,1,Stephens 2017 Table 1 Ns = 40 links to the shell (its own interpretation gives ~86 at R=5.1; discrepancy reported in world/build/chromatin.py),aleph/cell/spec.example.toml,333
chromatin.subunit,chromatin,0.6,0.6,um,SOURCED,SOURCED,,chromatin.subunit,lognormal,sourced_without_spread,UNASSIGNED,declared_read_complement,3,Stephens 2017 MBoC Table 1 sigma_p = 0.6 um (Mbp domain),aleph/cell/spec.example.toml,309
chromatin_crosslink.k,chromatin_crosslink,,1600.0,pN/um,EXAMPLE,SOURCED,chromatin.k_backbone,chromatin.k_backbone,bound,bound_not_independent,UNASSIGNED,bound_alias,0,C2 static: distant domain pairs; binder reads chromatin.k_backbone,aleph/cell/spec.example.toml,1522
chromatin_lamina.k,chromatin_lamina,,1600.0,pN/um,EXAMPLE,SOURCED,chromatin.k_backbone,chromatin.k_backbone,bound,bound_not_independent,UNASSIGNED,bound_alias,0,C2 static: outermost chromatin domains -> nearest lamina node; binder reads chromatin.k_backbone,aleph/cell/spec.example.toml,1516
clutch.count_per_fa,clutch,75,75,1,EXAMPLE,EXAMPLE,,clutch.count_per_fa,target,target_without_band,UNASSIGNED,declared_absent_in_specimen,0,Chan & Odde 2008 model n_clutch = 75 per adhesion (KB SE58); count should DERIVE from integrin.areal_density x FA area. not in KB source_audit — register before SOURCED,aleph/cell/spec.example.toml,2556
clutch.f_bond,clutch,2.0,2.0,pN,EXAMPLE,EXAMPLE,,clutch.f_bond,target,target_without_band,UNASSIGNED,declared_absent_in_specimen,0,Chan & Odde 2008 Bell force scale F_b (KB SE58); catch-slip (Kong 2009 alpha5beta1) is rate_2/x_beta_2 on the kind's table. not in KB source_audit — register before SOURCED,aleph/cell/spec.example.toml,2550
clutch.k,clutch,800.0,800.0,pN/um,SOURCED,SOURCED,,clutch.k,lognormal,sourced_without_spread,UNASSIGNED,declared_absent_in_specimen,0,"clutch (integrin-talin-actin linkage) stiffness 0.8 pN/nm, Chan & Odde 2008 Science (KB SE58/SE559, KB-3.29)",aleph/cell/spec.example.toml,2532
clutch.k_off0,clutch,0.1,0.1,1/s,EXAMPLE,EXAMPLE,,clutch.k_off0,target,target_without_band,UNASSIGNED,declared_absent_in_specimen,0,Chan & Odde 2008 clutch k_off (KB SE58). not in KB source_audit — register before SOURCED,aleph/cell/spec.example.toml,2544
clutch.k_on,clutch,0.3,0.3,1/s,EXAMPLE,EXAMPLE,,clutch.k_on,target,target_without_band,UNASSIGNED,declared_absent_in_specimen,0,Chan & Odde 2008 clutch k_on (KB SE58) — transcribe to SOURCED after audit. not in KB source_audit — register before SOURCED,aleph/cell/spec.example.toml,2538
cortex.areal_density,cortex,100.0,100.0,1/um^2,SOURCED,SOURCED,,cortex.areal_density,lognormal,sourced_without_spread,UNASSIGNED,declared_read_complement,1,actin filament areal density ~100 um^-2 (KB-3.18); laws/cortex_assembly.CortexParams,aleph/cell/spec.example.toml,131
cortex.arp23_fraction,cortex,0.5,0.5,1,EXAMPLE,EXAMPLE,,cortex.arp23_fraction,target,target_without_band,UNASSIGNED,declared_read_complement,2,"fraction of cortical filaments built as DAUGHTERS on a mother filament (build/cortex.daughter_junctions, branching-turnover lane 2026-09-21); > 0 also creates the arp23_branch relation kind. The physiological value is ~0.5 (fraction of cortical filaments nucleated by Arp2/3 vs formins; Bovellan 2014, KB SE545: two nucleator populations) — PI-GAP for the number. The value is the physiological operating point (PI 2026-09-21: the parameters are set to the biological experimental environment, which wins over launch-identity); a spec that sets it to 0 builds the pre-lane cell bit for bit, which is what the off-pin checks. not in KB source_audit — register before SOURCED",aleph/cell/spec.example.toml,2581
cortex.contour,cortex,3.0,3.0,um,EXAMPLE,EXAMPLE,,cortex.contour,target,target_without_band,UNASSIGNED,declared_read_complement,1,"CONVENIENCE (PARAM_PROVENANCE_AUDIT 2026-07-24): formin ~1 um / Arp2/3 ~0.1 um sourced, so 3-30x too long; Arp2/3 short population is a missing architecture",aleph/cell/spec.example.toml,137
cortex.dormant_fraction,cortex,0.1,0.1,1,EXAMPLE,EXAMPLE,,cortex.dormant_fraction,target,target_without_band,UNASSIGNED,declared_read_complement,1,"dormant node rows allocated per live cortex node for the growth insert pool, ceil(fraction x live) (DESIGN-2026-09-08-growth-wiring §3.1, §4; actin-chemistry §2.2). Sizing arithmetic, not a claim: zero-load elongation delta(k_on c - k_off) = +11.9 nm/s at the fast end is one node (L0 = 0.05 um) per ~4.2 s per chain, so a 1 s row on 60-node chains uses ~0.004 of the family's nodes — 0.1 is a 25x margin. The census records n_dormant and pool_top; an exhausted pool counts pool_exhausted, it does not silently stop",aleph/cell/spec.example.toml,155
cortex.polarity_mix,cortex,0.5,0.5,1,EXAMPLE,EXAMPLE,,cortex.polarity_mix,target,target_without_band,UNASSIGNED,declared_read_complement,1,"fraction of filaments with barbed end last; 0.5 = unrectified cortex (PI decision 4, 2026-08-21). Read by assemble.wire_growth: a chain's barbed end carries the barbed rate rows (growth-wiring §3.2)",aleph/cell/spec.example.toml,149
cortex.proximal_fraction,cortex,0.8,0.8,1,EXAMPLE,EXAMPLE,,cortex.proximal_fraction,target,target_without_band,UNASSIGNED,declared_read_complement,2,"the fraction of cortex filaments laid in the membrane-proximal HALF of the shell (build/cortex._depth; 0.5 = uniform through the thickness, the pre-2026-09-17 build). The cortex is densest under the membrane (Clark 2013 Biophys J 105:570 — cortical actin within ~100-200 nm of the membrane, thickness profile from super-resolution; Chugh 2017 Nat Cell Biol 19:689 — thickness/density set by the length distribution): a value above 0.5 puts that structure in. RESULT-2026-09-15 s10.15: at 0.5, 9.1 % of membrane vertices are farther than erm.reach (45 nm) from any cortex segment at build. Not sourced as a number; SET 0.8 on 2026-09-17 11:15 from the build measurement (RESULT-2026-09-15 s10.16, NMII minifilaments on the same profile): membrane vertices beyond erm.reach 9.1 % (0.5) -> 2.4 % (0.8), NMII heads beyond crossbridge.reach 14.4 % -> 12.8 %; 0.9 was not taken (the profile then has 90 % of the cortex in 100 nm, beyond what the density literature supports).",aleph/cell/spec.example.toml,118
cortex.seg,cortex,,0.05,um,SOURCED,SWEPT,resolution.spacing,resolution.spacing,bound,bound_not_independent,UNASSIGNED,bound_alias,3,"cortical mesh / crosslink spacing 50-100 nm band FLOOR (Morone 2006, Bovellan 2014, Chugh & Paluch 2018); PI 2026-08-20. Bound to resolution.spacing 2026-08-28: the floor coincides with the fluid cell",aleph/cell/spec.example.toml,143
cortex.thickness,cortex,0.2,0.2,um,SOURCED,SOURCED,,cortex.thickness,lognormal,sourced_without_spread,UNASSIGNED,declared_read_complement,1,"h_cortex ~200 nm — Salbreux 2012 TCB, Charras 2008 BJ, Clark 2013 BJ (KB-3.1 / KB-3.5)",aleph/cell/spec.example.toml,125
cortex.turnover_rate,cortex,0.03,0.03,1/s,EXAMPLE,EXAMPLE,,cortex.turnover_rate,target,target_without_band,UNASSIGNED,declared_read_complement,0,cortical actin turnover t1/2 ~20-30 s (Fritzsche 2013). not in KB source_audit — register before SOURCED,aleph/cell/spec.example.toml,2575
crossbridge.attach.f_char,crossbridge,0.0,0.0,pN,EXAMPLE,EXAMPLE,,crossbridge.attach.f_char,target,target_without_band,UNASSIGNED,declared_read_complement,0,C2 crossbridge 0->1: 0 = force scale comes from x_beta (kBT/x_beta) or none,aleph/cell/spec.example.toml,1323
crossbridge.attach.rate,crossbridge,,0.3,1/s,EXAMPLE,SWEPT,crossbridge.k_on,crossbridge.k_on,bound,bound_not_independent,UNASSIGNED,bound_alias,0,C2 crossbridge 0->1: zero-load rate; binder reads crossbridge.k_on.,aleph/cell/spec.example.toml,1311
crossbridge.attach.rate_2,crossbridge,0.0,0.0,1/s,EXAMPLE,EXAMPLE,,crossbridge.attach.rate_2,target,target_without_band,UNASSIGNED,declared_read_complement,0,C2 crossbridge 0->1: second-exponential rate (catch-slip); 0 = single exponential. NONZERO IS REFUSED until cell/bonds.py expresses two exponentials on one transition,aleph/cell/spec.example.toml,1347
crossbridge.attach.sign,crossbridge,1,1,1,EXAMPLE,EXAMPLE,,crossbridge.attach.sign,target,target_without_band,UNASSIGNED,declared_read_complement,0,"C2 crossbridge 0->1: +1 tension accelerates (slip), -1 tension slows (stall/catch)",aleph/cell/spec.example.toml,1329
crossbridge.attach.stroke_dir,crossbridge,0,0,1,EXAMPLE,EXAMPLE,,crossbridge.attach.stroke_dir,target,target_without_band,UNASSIGNED,declared_read_complement,0,C2 crossbridge 0->1: sign of the rest-length shift (-1 = shortening power stroke),aleph/cell/spec.example.toml,1341
crossbridge.attach.stroke_len,crossbridge,0.0,0.0,um,EXAMPLE,EXAMPLE,,crossbridge.attach.stroke_len,target,target_without_band,UNASSIGNED,declared_read_complement,0,C2 crossbridge 0->1: no rest-length shift,aleph/cell/spec.example.toml,1335
crossbridge.attach.x_beta,crossbridge,0.0,0.0,um,EXAMPLE,EXAMPLE,,crossbridge.attach.x_beta,target,target_without_band,UNASSIGNED,declared_read_complement,0,C2 crossbridge 0->1: 0 = no Bell length on this transition,aleph/cell/spec.example.toml,1317
crossbridge.attach.x_beta_2,crossbridge,0.0,0.0,um,EXAMPLE,EXAMPLE,,crossbridge.attach.x_beta_2,target,target_without_band,UNASSIGNED,declared_read_complement,0,C2 crossbridge 0->1: second-exponential Bell length (catch-slip); 0 = none,aleph/cell/spec.example.toml,1353
crossbridge.cycle_states,crossbridge,3,3,1,EXAMPLE,EXAMPLE,,crossbridge.cycle_states,target,target_without_band,UNASSIGNED,declared_read_complement,2,"discrete model selector, NOT a measured quantity. 3 = the shipped Lymn-Taylor projection (default, launch-identical). 5 = explicit ATP bind/hydrolysis/Pi release. 7 adds the detached free-head recovery pair a lost actin site falls into. 8 adds the reversible actin-bound ATP encounter state that bounds ATP-induced detachment at physiological [ATP]. Forward-only: no reverse equilibrium asserted",aleph/cell/spec.example.toml,3001
crossbridge.detach_bound.f_char,crossbridge,0.0,0.0,pN,EXAMPLE,EXAMPLE,,crossbridge.detach_bound.f_char,target,target_without_band,UNASSIGNED,declared_read_complement,0,C2 crossbridge 1->0: 0 = force scale comes from x_beta (kBT/x_beta) or none,aleph/cell/spec.example.toml,1419
crossbridge.detach_bound.rate,crossbridge,,0.35,1/s,EXAMPLE,SWEPT,crossbridge.k_off0,crossbridge.k_off0,bound,bound_not_independent,UNASSIGNED,bound_alias,0,C2 crossbridge 1->0: zero-load rate; binder reads crossbridge.k_off0.,aleph/cell/spec.example.toml,1407
crossbridge.detach_bound.rate_2,crossbridge,0.0,0.0,1/s,EXAMPLE,EXAMPLE,,crossbridge.detach_bound.rate_2,target,target_without_band,UNASSIGNED,declared_read_complement,0,C2 crossbridge 1->0: second-exponential rate (catch-slip); 0 = single exponential. NONZERO IS REFUSED until cell/bonds.py expresses two exponentials on one transition,aleph/cell/spec.example.toml,1443
crossbridge.detach_bound.sign,crossbridge,1,1,1,EXAMPLE,EXAMPLE,,crossbridge.detach_bound.sign,target,target_without_band,UNASSIGNED,declared_read_complement,0,"C2 crossbridge 1->0: +1 tension accelerates (slip), -1 tension slows (stall/catch)",aleph/cell/spec.example.toml,1425
crossbridge.detach_bound.stroke_dir,crossbridge,0,0,1,EXAMPLE,EXAMPLE,,crossbridge.detach_bound.stroke_dir,target,target_without_band,UNASSIGNED,declared_read_complement,0,C2 crossbridge 1->0: sign of the rest-length shift (-1 = shortening power stroke),aleph/cell/spec.example.toml,1437
crossbridge.detach_bound.stroke_len,crossbridge,0.0,0.0,um,EXAMPLE,EXAMPLE,,crossbridge.detach_bound.stroke_len,target,target_without_band,UNASSIGNED,declared_read_complement,0,C2 crossbridge 1->0: no rest-length shift,aleph/cell/spec.example.toml,1431
crossbridge.detach_bound.x_beta,crossbridge,,0.0006,um,EXAMPLE,SOURCED,crossbridge.x_beta,crossbridge.x_beta,bound,bound_not_independent,UNASSIGNED,bound_alias,0,C2 crossbridge 1->0: Bell length; binder reads crossbridge.x_beta,aleph/cell/spec.example.toml,1413
crossbridge.detach_bound.x_beta_2,crossbridge,0.0,0.0,um,EXAMPLE,EXAMPLE,,crossbridge.detach_bound.x_beta_2,target,target_without_band,UNASSIGNED,declared_read_complement,0,C2 crossbridge 1->0: second-exponential Bell length (catch-slip); 0 = none,aleph/cell/spec.example.toml,1449
crossbridge.detach_stroked.f_char,crossbridge,0.0,0.0,pN,EXAMPLE,EXAMPLE,,crossbridge.detach_stroked.f_char,target,target_without_band,UNASSIGNED,declared_read_complement,0,C2 crossbridge 2->0: 0 = force scale comes from x_beta (kBT/x_beta) or none,aleph/cell/spec.example.toml,1467
crossbridge.detach_stroked.rate,crossbridge,,2.7,1/s,EXAMPLE,SOURCED,crossbridge.k_adp_release,crossbridge.k_adp_release,bound,bound_not_independent,UNASSIGNED,bound_alias,0,"C2 crossbridge 2->0: zero-load rate; binder reads crossbridge.k_adp_release (the ADP release, Kovacs 2007) since 2026-09-06 — it differs from detach_bound now",aleph/cell/spec.example.toml,1455
crossbridge.detach_stroked.rate_2,crossbridge,0.0,0.0,1/s,EXAMPLE,EXAMPLE,,crossbridge.detach_stroked.rate_2,target,target_without_band,UNASSIGNED,declared_read_complement,0,C2 crossbridge 2->0: second-exponential rate (catch-slip); 0 = single exponential. NONZERO IS REFUSED until cell/bonds.py expresses two exponentials on one transition,aleph/cell/spec.example.toml,1491
crossbridge.detach_stroked.sign,crossbridge,-1,-1,1,EXAMPLE,EXAMPLE,,crossbridge.detach_stroked.sign,target,target_without_band,UNASSIGNED,declared_read_complement,0,"-1 since 2026-09-06: resisting tension SLOWS the ADP release (Kovacs 2007; KB-2026-09-06 §7.1b) — C2 crossbridge 2->0: +1 tension accelerates (slip), -1 tension slows (stall/catch)",aleph/cell/spec.example.toml,1473
crossbridge.detach_stroked.stroke_dir,crossbridge,0,0,1,EXAMPLE,EXAMPLE,,crossbridge.detach_stroked.stroke_dir,target,target_without_band,UNASSIGNED,declared_read_complement,0,C2 crossbridge 2->0: sign of the rest-length shift (-1 = shortening power stroke),aleph/cell/spec.example.toml,1485
crossbridge.detach_stroked.stroke_len,crossbridge,0.0,0.0,um,EXAMPLE,EXAMPLE,,crossbridge.detach_stroked.stroke_len,target,target_without_band,UNASSIGNED,declared_read_complement,0,C2 crossbridge 2->0: no rest-length shift,aleph/cell/spec.example.toml,1479
crossbridge.detach_stroked.x_beta,crossbridge,,0.0034,um,EXAMPLE,SOURCED,crossbridge.x_adp,crossbridge.x_adp,bound,bound_not_independent,UNASSIGNED,bound_alias,0,"C2 crossbridge 2->0: Bell length; binder reads crossbridge.x_adp (3.4 nm, Kovacs 2007) since 2026-09-06",aleph/cell/spec.example.toml,1461
crossbridge.detach_stroked.x_beta_2,crossbridge,0.0,0.0,um,EXAMPLE,EXAMPLE,,crossbridge.detach_stroked.x_beta_2,target,target_without_band,UNASSIGNED,declared_read_complement,0,C2 crossbridge 2->0: second-exponential Bell length (catch-slip); 0 = none,aleph/cell/spec.example.toml,1497
crossbridge.f_stall,crossbridge,2.0,2.0,pN,SWEPT,SWEPT,,crossbridge.f_stall,uniform,declared_range_unverified,UNASSIGNED,declared_read_complement,1,"per-head stall 2 pN (KB-3.18, PI decision 6); 0.5 pN AFINES side; the stroke rate is slowed as exp(-f/f_stall)",aleph/cell/spec.example.toml,812
crossbridge.iib.f_stall,crossbridge,2.0,2.0,pN,EXAMPLE,EXAMPLE,,crossbridge.iib.f_stall,target,target_without_band,UNASSIGNED,declared_read_complement,0,"no IIB value in the corpus; set equal to IIA (crossbridge.f_stall); PI-GAP target. The IIA row is a SWEPT band 0.5-2 pN (KB-3.18, PI decision 6) with no isoform attached to either end. not in KB source_audit",aleph/cell/spec.example.toml,2008
crossbridge.iib.k_adp_release,crossbridge,0.38,0.38,1/s,SOURCED,SOURCED,,crossbridge.iib.k_adp_release,lognormal,declared_spread_unverified,UNASSIGNED,declared_read_complement,0,"NM2B unloaded ADP release, quoted from crossbridge.k_adp_release's own source line: 'Kovacs 2007 Table 1: NM2B single-headed 0.38 +/- 0.09, HMM 0.27 +/- 0.06; Wang 2003'. Kovacs 2007 PNAS 104:9994 (doi 10.1073/pnas.0701181104, PMID 17548820, SE424 OK). Same transition as crossbridge.k_adp_release (stroked -> free) for the OTHER isoform; Stam 2015 Table 2's 0.35/s is the same quantity via Wang 2003. Spread: the paper's own +/- 0.09 = 24 %",aleph/cell/spec.example.toml,1978
crossbridge.iib.k_off0,crossbridge,0.35,0.35,1/s,EXAMPLE,EXAMPLE,,crossbridge.iib.k_off0,target,target_without_band,UNASSIGNED,declared_read_complement,0,"no IIB value in the corpus; set equal to IIA (crossbridge.k_off0); PI-GAP target. crossbridge.k_off0's own source line states that NO measurement of the pre-stroke detachment exists for EITHER isoform (Stam 2015 Table 2's 0.35/s is an ADP-release rate misfiled as one), so this row is a placeholder standing on a placeholder and must not be read as an isoform difference. not in KB source_audit",aleph/cell/spec.example.toml,1996
crossbridge.iib.k_on,crossbridge,0.3,0.3,1/s,EXAMPLE,EXAMPLE,,crossbridge.iib.k_on,target,target_without_band,UNASSIGNED,declared_read_complement,0,"no IIB value in the corpus; set equal to IIA (crossbridge.k_on); PI-GAP target. What the corpus does say, from crossbridge.k_on's own source line, is that 'Stam 2015 Table 2 uses k_on = 0.2/s for BOTH nonmuscle isoforms' — the one published number does not distinguish the isoforms, while the IIA row itself departs from it (0.3, chosen on the engine's own 3-state duty). Carrying 0.2 here would make IIB differ from IIA for a reason that is NOT the isoform, so the honest placeholder is equality. not in KB source_audit",aleph/cell/spec.example.toml,1990
crossbridge.iib.k_stroke,crossbridge,22.0,22.0,1/s,EXAMPLE,EXAMPLE,,crossbridge.iib.k_stroke,target,target_without_band,UNASSIGNED,declared_read_complement,0,"no IIB value in the corpus; set equal to IIA (crossbridge.k_stroke); PI-GAP target. The IIA row is itself derived (stroke x rate = v0 0.12 um/s) and no unloaded sliding velocity for NMIIB appears in this file, aleph/docs or aleph/references. NMIIB is the slower, higher-duty isoform (crossbridge.k_on's source line: duty 0.105 IIA / 0.36 IIB), so equality here is KNOWN to be wrong in a named direction and is declared as such rather than guessed at. not in KB source_audit",aleph/cell/spec.example.toml,2002
crossbridge.iib.x_adp,crossbridge,0.0053,0.0053,um,SOURCED,SOURCED,,crossbridge.iib.x_adp,lognormal,declared_spread_unverified,UNASSIGNED,declared_read_complement,0,"NM2B Bell length, quoted from crossbridge.x_adp's own source line: '2B's 12x would give x = 5.32 nm, f_char = 0.80 pN' and 'NMIIB would be 5.3 nm' — derived there from Kovacs 2007's 12x slowing of 2B's ADP release at ~2 pN, x = kT ln12 / 2 pN at 310 K. KB: SE424 Kovacs2007_PNAS, source_audit OK 2026-09-06 12:0x. That same line records the consequence: f_char = kT/x = 0.80 pN lies OUTSIDE the KB's 1-2 pN band, which is a statement about that band's isoform, not a reason to move this number",aleph/cell/spec.example.toml,1984
crossbridge.k,crossbridge,700.0,700.0,pN/um,SWEPT,SWEPT,,crossbridge.k,loguniform,declared_range_unverified,UNASSIGNED,declared_read_complement,3,"PI signature 2026-09-11 17:11 (Lead transcript 14373ea7; KB-2026-09-11-crosslink-bell.md): NMII head-actin crossbridge stiffness (lever + neck, the same class of elastic element as the crosslink). Stam, Alberts, Gardel, Munro 2015 Biophys J 108:1997 (10.1016/j.bpj.2015.03.030, SE423 OK) Table 1 K_x-bridge = 0.7 pN/nm (ref. Veigel); band: the former declared test point 100 (world_phase4_native, UNSOURCED) to the ERM linker's 4600 (Braunger 2014)",aleph/cell/spec.example.toml,766
crossbridge.k_adp_release,crossbridge,2.7,2.7,1/s,SOURCED,SOURCED,,crossbridge.k_adp_release,lognormal,declared_spread_unverified,UNASSIGNED,declared_read_complement,1,"PI signature 2026-09-11 11:26 (Lead transcript 14373ea7; KB-2026-09-11-crossbridge-rates.md). ISOFORM ERROR CORRECTED: the former 0.35/s is NMIIB's unloaded ADP release (Kovacs 2007 Table 1: NM2B single-headed 0.38 +/- 0.09, HMM 0.27 +/- 0.06; Wang 2003). NMIIA — the engine's motor (hand_kmc.NMIIA_MYOSIN; x_adp derived for 2A) — is k0 = 2.7 +/- 0.3/s (single-headed, = Kovacs 2003 JBC 278:38132, 10.1074/jbc.M305453200, SE550 OK) / 2.9 +/- 1.0 (HMM); Stam 2015 carries 1.71/s from Kovacs 2003 -> spread: 1.7-2.9/s (lognormal prior, factor 1.3). Kovacs 2007 PNAS 104:9994 (doi 10.1073/pnas.0701181104, PMID 17548820, SE424 OK): resisting load slows it 5x (2A: 2.9 -> 0.59) / 12x (2B), assisting load speeds it 4x (11/s) — the load factors and x_adp were already 2A's, only the base rate was 2B's. Formerly: resisting load slows it 5x (2A) / 12x (2B) at ~2 pN, assisting load speeds it 4x. READ by bonds._crossbridge as the stroked state's detachment (2026-09-06, KB-2026-09-06 §4.8/§7.1b: unbound from the SWEPT k_off0). KB: SE424 Kovacs2007_PNAS, source_audit OK 2026-09-06 12:0x (key repaired from the encoding-stripped Kovcs2007; audit re-run). Spread: the paper gives ~0.35 /s (one significant figure), read as a factor of 1.4 either way",aleph/cell/spec.example.toml,1953
crossbridge.k_adp_release_free,crossbridge,100.0,100.0,1/s,EXAMPLE,EXAMPLE,,crossbridge.k_adp_release_free,target,target_without_band,UNASSIGNED,declared_read_complement,1,"ADP release from a DETACHED NMIIA head, unloaded and much faster than the actin-bound rate-limiting step (Kovacs 2003 JBC 278:38132 reports the actin-bound limit; the detached rate is not separately measured here). PI-GAP. not in KB source_audit — register before SOURCED",aleph/cell/spec.example.toml,3007
crossbridge.k_atp_apparent,crossbridge,0.5,0.5,1/(uM.s),EXAMPLE,EXAMPLE,,crossbridge.k_atp_apparent,target,target_without_band,UNASSIGNED,declared_read_complement,0,"apparent low-[ATP] slope of ATP-induced detachment; with k_atp_bind and k_atp_isomerize it identifies the mean first-passage time through the encounter state, not a microscopic rate. Must be strictly below crossbridge.k_atp_bind. PI-GAP. not in KB source_audit — register before SOURCED",aleph/cell/spec.example.toml,3019
crossbridge.k_atp_bind,crossbridge,1.0,1.0,1/(uM.s),EXAMPLE,EXAMPLE,,crossbridge.k_atp_bind,target,target_without_band,UNASSIGNED,declared_read_complement,0,"ATP binding to rigor head, second order ~1e6 /M/s (Kovacs 2003 NMIIA). PI-GAP. not in KB source_audit — register before SOURCED",aleph/cell/spec.example.toml,1935
crossbridge.k_atp_bind_free,crossbridge,1.0,1.0,1/(uM.s),EXAMPLE,EXAMPLE,,crossbridge.k_atp_bind_free,target,target_without_band,UNASSIGNED,declared_read_complement,0,"ATP association to a detached apo head, taken at the rigor-head coefficient for want of a separate measurement. PI-GAP. not in KB source_audit — register before SOURCED",aleph/cell/spec.example.toml,3013
crossbridge.k_atp_isomerize,crossbridge,1000.0,1000.0,1/s,EXAMPLE,EXAMPLE,,crossbridge.k_atp_isomerize,target,target_without_band,UNASSIGNED,declared_read_complement,1,saturating rate of the ATP-induced detachment isomerization — the high-[ATP] ceiling the encounter state imposes. PI-GAP. not in KB source_audit — register before SOURCED,aleph/cell/spec.example.toml,3025
crossbridge.k_hydrolysis,crossbridge,20.0,20.0,1/s,EXAMPLE,EXAMPLE,,crossbridge.k_hydrolysis,target,declared_band_unverified,UNASSIGNED,declared_read_complement,1,"ATP hydrolysis on the detached head, NMIIA ~10-100 /s (Kovacs 2003). PI-GAP. not in KB source_audit — register before SOURCED",aleph/cell/spec.example.toml,1941
crossbridge.k_off0,crossbridge,0.35,0.35,1/s,SWEPT,SWEPT,,crossbridge.k_off0,uniform,declared_range_unverified,UNASSIGNED,declared_read_complement,1,"bound (pre-stroke) -> free Bell slip, a SWEPT axis. Source line corrected at the PI signature 2026-09-11 11:26 (Lead transcript 14373ea7; KB-2026-09-11-crossbridge-rates.md): Stam 2015 Table 2's 0.35/s is NMIIB's ADP-release rate k_off(0) (Wang 2003), i.e. the STROKED -> free rate in this machine, not a pre-stroke slip; no measurement of the pre-stroke detachment exists. Duty is insensitive to this row (the stroke at 22/s empties the bound state 60x faster)",aleph/cell/spec.example.toml,780
crossbridge.k_on,crossbridge,0.3,0.3,1/s,SWEPT,SWEPT,,crossbridge.k_on,loguniform,declared_range_unverified,UNASSIGNED,declared_read_complement,1,"PI signature 2026-09-11 11:26 (Lead transcript 14373ea7; KB-2026-09-11-crossbridge-rates.md): per-head attachment rate while a partner is inside crossbridge.reach. Stam, Alberts, Gardel, Munro 2015 Biophys J 108:1997 (10.1016/j.bpj.2015.03.030, SE423 OK) Table 2 uses k_on = 0.2/s for BOTH nonmuscle isoforms (refs Kovacs 2003 / Wang 2003) with k_off(0) 1.71 (IIA) / 0.35 (IIB) -> duty 0.105 / 0.36. On the engine's 3-state machine (bonds.stationary) k_on 0.3 with k_adp_release 2.7 gives pi(free, bound, stroked) = (0.89, 0.01, 0.10), duty 0.11 = NMIIA; 1.0 gives 0.29 (NMIIB ceiling). The former 50/s (a config block, not a measurement) pinned duty at 0.99 (E census 2026-09-11). Only k_on x P(reach) is identifiable; P is measured on the build",aleph/cell/spec.example.toml,773
crossbridge.k_pi_release,crossbridge,50.0,50.0,1/s,EXAMPLE,EXAMPLE,,crossbridge.k_pi_release,target,target_without_band,UNASSIGNED,declared_read_complement,2,Pi release on actin binding (the force-generating step) — PI-GAP (a target Aleph must find; the number is an initial point). not in KB source_audit — register before SOURCED,aleph/cell/spec.example.toml,1947
crossbridge.k_stroke,crossbridge,22.0,22.0,1/s,SWEPT,SWEPT,,crossbridge.k_stroke,uniform,declared_range_unverified,UNASSIGNED,declared_read_complement,2,"set so stroke x rate = v0 0.12 um/s (laws/myosin_linear.V0_UM_S, tag KB-PIV-4 resolves to no row — a transfer, not a source)",aleph/cell/spec.example.toml,805
crossbridge.power_stroke.f_char,crossbridge,,2.0,pN,EXAMPLE,SWEPT,crossbridge.f_stall,crossbridge.f_stall,bound,bound_not_independent,UNASSIGNED,bound_alias,0,C2 crossbridge 1->2: direct force scale; binder reads crossbridge.f_stall,aleph/cell/spec.example.toml,1371
crossbridge.power_stroke.rate,crossbridge,,22.0,1/s,EXAMPLE,SWEPT,crossbridge.k_stroke,crossbridge.k_stroke,bound,bound_not_independent,UNASSIGNED,bound_alias,0,C2 crossbridge 1->2: zero-load rate; binder reads crossbridge.k_stroke. stroke rate slowed as exp(-f/f_stall).,aleph/cell/spec.example.toml,1359
crossbridge.power_stroke.rate_2,crossbridge,0.0,0.0,1/s,EXAMPLE,EXAMPLE,,crossbridge.power_stroke.rate_2,target,target_without_band,UNASSIGNED,declared_read_complement,0,C2 crossbridge 1->2: second-exponential rate (catch-slip); 0 = single exponential. NONZERO IS REFUSED until cell/bonds.py expresses two exponentials on one transition,aleph/cell/spec.example.toml,1395
crossbridge.power_stroke.sign,crossbridge,-1,-1,1,EXAMPLE,EXAMPLE,,crossbridge.power_stroke.sign,target,target_without_band,UNASSIGNED,declared_read_complement,0,"C2 crossbridge 1->2: +1 tension accelerates (slip), -1 tension slows (stall/catch)",aleph/cell/spec.example.toml,1377
crossbridge.power_stroke.stroke_dir,crossbridge,-1,-1,1,EXAMPLE,EXAMPLE,,crossbridge.power_stroke.stroke_dir,target,target_without_band,UNASSIGNED,declared_read_complement,0,C2 crossbridge 1->2: sign of the rest-length shift (-1 = shortening power stroke),aleph/cell/spec.example.toml,1389
crossbridge.power_stroke.stroke_len,crossbridge,,0.0055,um,EXAMPLE,SOURCED,crossbridge.stroke,crossbridge.stroke,bound,bound_not_independent,UNASSIGNED,bound_alias,0,C2 crossbridge 1->2: rest-length shift magnitude; binder reads crossbridge.stroke,aleph/cell/spec.example.toml,1383
crossbridge.power_stroke.x_beta,crossbridge,0.0,0.0,um,EXAMPLE,EXAMPLE,,crossbridge.power_stroke.x_beta,target,target_without_band,UNASSIGNED,declared_read_complement,0,C2 crossbridge 1->2: 0 = no Bell length on this transition,aleph/cell/spec.example.toml,1365
crossbridge.power_stroke.x_beta_2,crossbridge,0.0,0.0,um,EXAMPLE,EXAMPLE,,crossbridge.power_stroke.x_beta_2,target,target_without_band,UNASSIGNED,declared_read_complement,0,C2 crossbridge 1->2: second-exponential Bell length (catch-slip); 0 = none,aleph/cell/spec.example.toml,1401
crossbridge.reach,crossbridge,0.05,0.05,um,EXAMPLE,EXAMPLE,,crossbridge.reach,target,target_without_band,UNASSIGNED,declared_read_complement,2,head-actin capture radius; mean cortex node spacing in the shell is ~32 nm at 100/um^2 x 50 nm,aleph/cell/spec.example.toml,819
crossbridge.stroke,crossbridge,0.0055,0.0055,um,SOURCED,SOURCED,,crossbridge.stroke,lognormal,sourced_without_spread,UNASSIGNED,declared_read_complement,4,"power-stroke step 5.5 nm, Veigel 2003 (carried via Clausen 2017 Table 1)",aleph/cell/spec.example.toml,793
crossbridge.stroke_sign,crossbridge,1.0,1.0,1,EXAMPLE,EXAMPLE,,crossbridge.stroke_sign,target,target_without_band,UNASSIGNED,declared_read_complement,2,"PI A4 2026-08-29: the stroke walks the partner chain; +1 = ascending chain index. Which end of a built chain is the walked-toward end is a builder convention — sourcing the biological direction is the meaning layer's job, flagged",aleph/cell/spec.example.toml,799
crossbridge.x_adp,crossbridge,0.0034,0.0034,um,SOURCED,SOURCED,,crossbridge.x_adp,lognormal,declared_spread_unverified,UNASSIGNED,declared_read_complement,1,"derived from Kovacs 2007 for NMII-2A ONLY (the motor is hand_kmc.NMIIA_MYOSIN; 2B's 12x would give x = 5.32 nm, f_char = 0.80 pN, OUTSIDE the KB's 1-2 pN — so the 1-2 pN agreement is a consequence of the isoform choice, not an independent confirmation): resisting 2 pN slows ADP release 5x -> x = kT ln5 / 2 pN = 3.44 nm at 310 K; the assisting 4x gives 2.97 nm, so one Bell length fits both within 15 % (it over-predicts the assisting branch by 25 %). f_char = kT/x = 1.24 pN. The SIGN is the mechanism (bonds._crossbridge: tension SLOWS the stroked state's detachment). NMIIB would be 5.3 nm. KB: SE424 Kovacs2007_PNAS, source_audit OK 2026-09-06 12:0x. Spread: the two branches of the same paper give 3.44 and 2.97 nm — 15 %",aleph/cell/spec.example.toml,1959
crossbridge.x_beta,crossbridge,0.0006,0.0006,um,SOURCED,SOURCED,,crossbridge.x_beta,lognormal,sourced_without_spread,UNASSIGNED,declared_read_complement,2,"Veigel 2003 (Nat Cell Biol 5:980, 10.1038/ncb1060; the 2002 year was a mis-citation, KB-2026-09-06 §8) Bell length 0.6 nm (f_char ~7.1 pN) on the pre-stroke bound->free row — slip form. CAVEAT (KB §9 ㉗): that paper's abstract reports the FIRST-phase lifetime PROLONGED under load (catch direction) for smooth-muscle myosin; keeping the slip here is a modelling choice pending the full text's fold-change (SE427 verdict CHECK). The stroked->free row carries the measured direction (x_adp).",aleph/cell/spec.example.toml,787
crosslink.arm_reach,crosslink,0.03,0.03,um,EXAMPLE,EXAMPLE,,crosslink.arm_reach,target,declared_band_unverified,PER_STATE,declared_read_complement,0,"EXAMPLE per-arm capture: half the prior 60 nm whole-link reach. Independent arm geometry, no reach inflation.",aleph/cell/spec.example.toml,2970
crosslink.attach.f_char,crosslink,0.0,0.0,pN,EXAMPLE,EXAMPLE,,crosslink.attach.f_char,target,target_without_band,UNASSIGNED,declared_read_complement,0,C2 crosslink 0->1: 0 = force scale comes from x_beta (kBT/x_beta) or none,aleph/cell/spec.example.toml,1226
crosslink.attach.rate,crosslink,,10.0,1/s,EXAMPLE,EXAMPLE,crosslink.k_on,crosslink.k_on,bound,bound_not_independent,UNASSIGNED,bound_alias,0,C2 crosslink 0->1: zero-load rate; binder reads crosslink.k_on.,aleph/cell/spec.example.toml,1214
crosslink.attach.rate_2,crosslink,0.0,0.0,1/s,EXAMPLE,EXAMPLE,,crosslink.attach.rate_2,target,target_without_band,UNASSIGNED,declared_read_complement,0,C2 crosslink 0->1: second-exponential rate (catch-slip); 0 = single exponential. NONZERO IS REFUSED until cell/bonds.py expresses two exponentials on one transition,aleph/cell/spec.example.toml,1250
crosslink.attach.sign,crosslink,1,1,1,EXAMPLE,EXAMPLE,,crosslink.attach.sign,target,target_without_band,UNASSIGNED,declared_read_complement,0,"C2 crosslink 0->1: +1 tension accelerates (slip), -1 tension slows (stall/catch)",aleph/cell/spec.example.toml,1232
crosslink.attach.stroke_dir,crosslink,0,0,1,EXAMPLE,EXAMPLE,,crosslink.attach.stroke_dir,target,target_without_band,UNASSIGNED,declared_read_complement,0,C2 crosslink 0->1: sign of the rest-length shift (-1 = shortening power stroke),aleph/cell/spec.example.toml,1244
crosslink.attach.stroke_len,crosslink,0.0,0.0,um,EXAMPLE,EXAMPLE,,crosslink.attach.stroke_len,target,target_without_band,UNASSIGNED,declared_read_complement,0,C2 crosslink 0->1: no rest-length shift,aleph/cell/spec.example.toml,1238
crosslink.attach.x_beta,crosslink,0.0,0.0,um,EXAMPLE,EXAMPLE,,crosslink.attach.x_beta,target,target_without_band,UNASSIGNED,declared_read_complement,0,C2 crosslink 0->1: 0 = no Bell length on this transition,aleph/cell/spec.example.toml,1220
crosslink.attach.x_beta_2,crosslink,0.0,0.0,um,EXAMPLE,EXAMPLE,,crosslink.attach.x_beta_2,target,target_without_band,UNASSIGNED,declared_read_complement,0,C2 crosslink 0->1: second-exponential Bell length (catch-slip); 0 = none,aleph/cell/spec.example.toml,1256
crosslink.conc,crosslink,5.0,5.0,uM,EXAMPLE,EXAMPLE,,crosslink.conc,target,declared_band_unverified,UNASSIGNED,declared_read_complement,0,"alpha-actinin ~1-5 uM; PI-GAP for MCF7. not in KB source_audit — register before SOURCED. Sets the crosslink capacity = conc x cytoplasm volume x N_A (bonds.kinetic_owners, 2026-09-15); retired crosslink.sites_per_filament (CONVENIENCE spanning threshold, SWEPT 5-40)",aleph/cell/spec.example.toml,1819
crosslink.detach.f_char,crosslink,0.0,0.0,pN,EXAMPLE,EXAMPLE,,crosslink.detach.f_char,target,target_without_band,UNASSIGNED,declared_read_complement,0,C2 crosslink 1->0: 0 = force scale comes from x_beta (kBT/x_beta) or none,aleph/cell/spec.example.toml,1274
crosslink.detach.rate,crosslink,,0.066,1/s,EXAMPLE,SOURCED,crosslink.k_off0,crosslink.k_off0,bound,bound_not_independent,UNASSIGNED,bound_alias,0,C2 crosslink 1->0: zero-load rate; binder reads crosslink.k_off0.,aleph/cell/spec.example.toml,1262
crosslink.detach.rate_2,crosslink,0.0,0.0,1/s,EXAMPLE,EXAMPLE,,crosslink.detach.rate_2,target,target_without_band,UNASSIGNED,declared_read_complement,0,C2 crosslink 1->0: second-exponential rate (catch-slip); 0 = single exponential. NONZERO IS REFUSED until cell/bonds.py expresses two exponentials on one transition,aleph/cell/spec.example.toml,1298
crosslink.detach.sign,crosslink,1,1,1,EXAMPLE,EXAMPLE,,crosslink.detach.sign,target,target_without_band,UNASSIGNED,declared_read_complement,0,"C2 crosslink 1->0: +1 tension accelerates (slip), -1 tension slows (stall/catch)",aleph/cell/spec.example.toml,1280
crosslink.detach.stroke_dir,crosslink,0,0,1,EXAMPLE,EXAMPLE,,crosslink.detach.stroke_dir,target,target_without_band,UNASSIGNED,declared_read_complement,0,C2 crosslink 1->0: sign of the rest-length shift (-1 = shortening power stroke),aleph/cell/spec.example.toml,1292
crosslink.detach.stroke_len,crosslink,0.0,0.0,um,EXAMPLE,EXAMPLE,,crosslink.detach.stroke_len,target,target_without_band,UNASSIGNED,declared_read_complement,0,C2 crosslink 1->0: no rest-length shift,aleph/cell/spec.example.toml,1286
crosslink.detach.x_beta,crosslink,,0.000275,um,EXAMPLE,SOURCED,crosslink.x_beta,crosslink.x_beta,bound,bound_not_independent,UNASSIGNED,bound_alias,0,C2 crosslink 1->0: Bell length; binder reads crosslink.x_beta,aleph/cell/spec.example.toml,1268
crosslink.detach.x_beta_2,crosslink,0.0,0.0,um,EXAMPLE,EXAMPLE,,crosslink.detach.x_beta_2,target,target_without_band,UNASSIGNED,declared_read_complement,0,C2 crosslink 1->0: second-exponential Bell length (catch-slip); 0 = none,aleph/cell/spec.example.toml,1304
crosslink.k,crosslink,4600.0,4600.0,pN/um,EXAMPLE,EXAMPLE,,crosslink.k,target,declared_band_unverified,UNASSIGNED,declared_read_complement,0,"PI signature 2026-09-11 17:11 (Lead transcript 14373ea7; KB-2026-09-11-crosslink-bell.md): the effective axial stiffness of the alpha-actinin LINKER between two cortex nodes, an elastic element with the bond's rest at the built distance. FERRER MISREAD CORRECTED: the former 4.6e5 ('455 pN/nm, Ferrer 2008 AFM') is Ferrer 2008 PNAS 105:9221 (10.1073/pnas.0706124105, SE119 OK; optical tweezers, not AFM) Hummer-Szabo fit k_BT*kappa_m = 455 +/- 215 pN/nm — the curvature of the actin-ABP BOND's energy well over x‡ 0.28 nm, not the 35-nm rod's stiffness; no direct measurement of the intact rod's axial stiffness exists (EXAMPLE). Two bounds put the value here: (i) self-consistency with crosslink.k_off0 — the resting thermal load sqrt(k_BT k) must be << f_char = k_BT/x_beta, i.e. k << f_char^2/k_BT = 5.7e4 pN/um (at 4.6e5 every bond carried 44 pN rms at rest, Bell x17, and 58 % tore in 10 us on RESULT-2026-09-11-motor-occupancy); (ii) the step — a 4.4-nm thermal kick at dt 1e-6 must not push the Bell exponent past 1: k <= 3.5e3. Molecule: 8 spectrin repeats per rod, folded-repeat stiffness ~1700 pN/nm each (Paramore 2005 MD), flexible terminal regions (Golji 2009), and the repeats UNFOLD at 25-35 pN (Rief 1999 JMB 286:553) below the 40-80 pN bond rupture. DESIGN ITEM (PI 17:11): the crosslink as a YIELDING element — this stiffness up to f_y ~25-35 pN, then ~30 nm of unfolded extension per repeat, refolding < 1 s on release (a bonds/builder change); until then this elastic element is the stand-in",aleph/cell/spec.example.toml,734
crosslink.k_off0,crosslink,0.066,0.066,1/s,SOURCED,SOURCED,,crosslink.k_off0,lognormal,sourced_without_spread,UNASSIGNED,declared_read_complement,0,"Ferrer 2008 PNAS 105:9221 (SE119 OK) Hummer-Szabo intrinsic dissociation rate 0.066 +/- 0.028/s for alpha-actinin/actin (filamin 0.087 +/- 0.073). Spread (PI signature 2026-09-11 17:11 (Lead transcript 14373ea7; KB-2026-09-11-crosslink-bell.md)): 0.05-0.66/s — Wachsstock 1994 Biophys J 66:801 (10.1016/s0006-3495(94)80856-2) 0.66/s chicken smooth-muscle alpha-actinin (5.2/s Acanthamoeba); Miyata 1996 BBA 1290:83 (10.1016/0304-4165(96)00003-7) optical-trap lifetimes 0.1-20 s, two classes. Zero-load rate: valid only with a linker stiffness whose resting thermal load is << f_char (crosslink.k)",aleph/cell/spec.example.toml,747
crosslink.k_on,crosslink,10.0,10.0,1/s,EXAMPLE,EXAMPLE,,crosslink.k_on,target,target_without_band,UNASSIGNED,declared_read_complement,0,"laws/hand_kmc.ALPHA_ACTININ k_on, no citation",aleph/cell/spec.example.toml,741
crosslink.length,crosslink,0.035,0.035,um,EXAMPLE,EXAMPLE,,crosslink.length,target,target_without_band,UNASSIGNED,declared_read_complement,1,alpha-actinin rod length ~35 nm (Sjoblom 2008). not in KB source_audit — register before SOURCED,aleph/cell/spec.example.toml,1813
crosslink.molecular_model,crosslink,0,0,1,EXAMPLE,EXAMPLE,,crosslink.molecular_model,target,target_without_band,UNASSIGNED,declared_read_complement,4,"WHICH crosslinker representation the build uses, and the ONE row that chooses it. 0 = the incumbent owner-node idiom (the crosslinker is a relation owned by a filament node; cell/bonds.build_kinds). 1 = the finite two-arm MOLECULE of codex/bio-wiring-20260915 (cell/build/crosslinkers.build_two_arm_crosslinker): a massive freely hinged centre node per molecule, two independent arms of length/2 and stiffness 2k, population = conc x actual cytoplasm volume. The two are different physics, not a refactor: the owner-node idiom cannot represent a 0.16 um rod whose capture radius is smaller than its own length without every bond being born compressed, and the two-arm model has no such defect; the molecule model in turn needs the material-site machinery on the device before its arms bind exact monomer sites rather than segment endpoints. Default 0 until one device run compares them. Companion rows (<prefix>.molecular_weight, .radius, .arm_reach) are read only at 1.",aleph/cell/spec.example.toml,2950
crosslink.molecular_weight,crosslink,206000,206000,Da,EXAMPLE,EXAMPLE,,crosslink.molecular_weight,target,declared_band_unverified,PER_CELL_LINE,declared_read_complement,0,"Two approximately 103 kDa alpha-actinin monomers, species-specific molecular-weight example; source audit remains outstanding.",aleph/cell/spec.example.toml,2956
crosslink.radius,crosslink,0.005,0.005,um,EXAMPLE,EXAMPLE,,crosslink.radius,target,declared_band_unverified,PER_STATE,declared_read_complement,0,"Hydrated effective protein owner radius, distinct from axial whole-dimer length; EXAMPLE geometry.",aleph/cell/spec.example.toml,2963
crosslink.reach,crosslink,0.06,0.06,um,EXAMPLE,EXAMPLE,,crosslink.reach,target,target_without_band,UNASSIGNED,declared_read_complement,0,"capture radius 60 nm carried by both crosslinker cards (hand_kmc), no citation",aleph/cell/spec.example.toml,759
crosslink.x_beta,crosslink,0.000275,0.000275,um,SOURCED,SOURCED,,crosslink.x_beta,lognormal,sourced_without_spread,UNASSIGNED,declared_read_complement,0,PI signature 2026-09-11 17:11 (Lead transcript 14373ea7; KB-2026-09-11-crosslink-bell.md): Ferrer 2008 PNAS 105:9221 (SE119 OK) Hummer-Szabo transition distance x‡ = 2.75 +/- 0.79 A for alpha-actinin/actin (1.94 A filamin) -> f_char = k_BT/x_beta = 15.6 pN at 310 K; spread 0.19-0.35 nm (the fit's SEM). The former 0.4 nm had no line in the paper,aleph/cell/spec.example.toml,753
cytoplasm_actin.contour,cytoplasm_actin,2.0,2.0,um,EXAMPLE,EXAMPLE,,cytoplasm_actin.contour,target,declared_band_unverified,UNASSIGNED,declared_read_complement,1,by analogy with KB-3.18 cortical band 1-10 um; cytosolic filament length unsourced,aleph/cell/spec.example.toml,559
cytoplasm_actin.dormant_fraction,cytoplasm_actin,0.1,0.1,1,EXAMPLE,EXAMPLE,,cytoplasm_actin.dormant_fraction,target,target_without_band,UNASSIGNED,declared_read_complement,1,"dormant node rows per live cytoplasm_actin node for the growth insert pool, ceil(fraction x live); as cortex.dormant_fraction's clause (growth-wiring §4)",aleph/cell/spec.example.toml,579
cytoplasm_actin.f_actin_conc,cytoplasm_actin,50.0,50.0,uM,SWEPT,SWEPT,,cytoplasm_actin.f_actin_conc,uniform,declared_range_unverified,UNASSIGNED,declared_read_complement,1,"KB-GAP: no MCF7 cytosolic F-actin concentration registered (kb.duckdb 2026-08-28: 150 'actin concentration' chunks, none in-vivo cytosolic; Popov2016 simulations 12-20 uM). EXAMPLE value; count = conc x 602.2/um^3 per uM / 370 subunits per um x V_band / contour — density x geometry, never a typed count. cortex-equivalent is ~937 uM, so cortex:cytosol 10-40x",aleph/cell/spec.example.toml,553
cytoplasm_actin.gap,cytoplasm_actin,,0.15,um,EXAMPLE,EXAMPLE,if.gap,if.gap,bound,bound_not_independent,UNASSIGNED,bound_alias,1,clearance from the envelope and from the cortex inner face; same convenience as if.gap,aleph/cell/spec.example.toml,564
cytoplasm_actin.polarity_mix,cytoplasm_actin,0.5,0.5,1,EXAMPLE,EXAMPLE,,cytoplasm_actin.polarity_mix,target,target_without_band,UNASSIGNED,declared_read_complement,1,"fraction of filaments with barbed end last; as cortex.polarity_mix's clause (PI decision 4, 2026-08-21) — declared here because a family grows only with a polarity (growth-wiring §3.2, actin-chemistry §8)",aleph/cell/spec.example.toml,574
cytoplasm_actin.seg,cytoplasm_actin,,0.05,um,EXAMPLE,SWEPT,resolution.spacing,resolution.spacing,bound,bound_not_independent,UNASSIGNED,bound_alias,1,bead spacing = fluid cell (directive 6),aleph/cell/spec.example.toml,569
dynein.attach.f_char,dynein,0.0,0.0,pN,EXAMPLE,EXAMPLE,,dynein.attach.f_char,target,target_without_band,UNASSIGNED,declared_read_complement,0,C2 dynein.attach: 0 = no direct force scale on this transition,aleph/cell/spec.example.toml,3316
dynein.attach.rate,dynein,,1.0,1/s,EXAMPLE,EXAMPLE,dynein.k_on,dynein.k_on,bound,bound_not_independent,UNASSIGNED,bound_alias,0,C2 dynein 0->1: zero-load attachment; binder reads dynein.k_on,aleph/cell/spec.example.toml,3304
dynein.attach.rate_2,dynein,0.0,0.0,1/s,EXAMPLE,EXAMPLE,,dynein.attach.rate_2,target,target_without_band,UNASSIGNED,declared_read_complement,0,C2 dynein.attach: second-exponential rate (catch-slip); 0 = single exponential. NONZERO IS REFUSED until cell/bonds.py expresses two exponentials on one transition,aleph/cell/spec.example.toml,3340
dynein.attach.sign,dynein,0,0,1,EXAMPLE,EXAMPLE,,dynein.attach.sign,target,target_without_band,UNASSIGNED,declared_read_complement,0,C2 dynein 0->1: a free motor feels no bond load,aleph/cell/spec.example.toml,3322
dynein.attach.stroke_dir,dynein,0,0,1,EXAMPLE,EXAMPLE,,dynein.attach.stroke_dir,target,target_without_band,UNASSIGNED,declared_read_complement,0,C2 dynein.attach: 0 = no stroke on this transition,aleph/cell/spec.example.toml,3334
dynein.attach.stroke_len,dynein,0.0,0.0,um,EXAMPLE,EXAMPLE,,dynein.attach.stroke_len,target,target_without_band,UNASSIGNED,declared_read_complement,0,C2 dynein.attach: 0 = this transition shifts no rest length,aleph/cell/spec.example.toml,3328
dynein.attach.x_beta,dynein,0.0,0.0,um,EXAMPLE,EXAMPLE,,dynein.attach.x_beta,target,target_without_band,UNASSIGNED,declared_read_complement,0,C2 dynein.attach: 0 = no Bell length on this transition (the force scale is f_char),aleph/cell/spec.example.toml,3310
dynein.attach.x_beta_2,dynein,0.0,0.0,um,EXAMPLE,EXAMPLE,,dynein.attach.x_beta_2,target,target_without_band,UNASSIGNED,declared_read_complement,0,C2 dynein.attach: second-exponential Bell length (catch-slip); 0 = none,aleph/cell/spec.example.toml,3346
dynein.count,dynein,1000,1000,1,EXAMPLE,EXAMPLE,,dynein.count,target,target_without_band,UNASSIGNED,declared_read_complement,0,"active dynein motors on the MT array — UNKNOWN, PI-GAP (a target Aleph must find; the number is an initial point); a new bond kind (MT partner range). not in KB source_audit — register before SOURCED",aleph/cell/spec.example.toml,2458
dynein.detach_primed.f_char,dynein,,7.0,pN,EXAMPLE,EXAMPLE,dynein.stall_force,dynein.stall_force,bound,bound_not_independent,UNASSIGNED,bound_alias,0,C2 dynein 1->0: direct force scale; binder reads dynein.stall_force,aleph/cell/spec.example.toml,3460
dynein.detach_primed.rate,dynein,,1.0,1/s,EXAMPLE,EXAMPLE,dynein.k_off0,dynein.k_off0,bound,bound_not_independent,UNASSIGNED,bound_alias,0,C2 dynein 1->0: zero-load detachment; binder reads dynein.k_off0,aleph/cell/spec.example.toml,3448
dynein.detach_primed.rate_2,dynein,0.0,0.0,1/s,EXAMPLE,EXAMPLE,,dynein.detach_primed.rate_2,target,target_without_band,UNASSIGNED,declared_read_complement,0,C2 dynein.detach_primed: second-exponential rate (catch-slip); 0 = single exponential. NONZERO IS REFUSED until cell/bonds.py expresses two exponentials on one transition,aleph/cell/spec.example.toml,3484
dynein.detach_primed.sign,dynein,1,1,1,EXAMPLE,EXAMPLE,,dynein.detach_primed.sign,target,target_without_band,UNASSIGNED,declared_read_complement,0,"C2 dynein 1->0: +1, tension ACCELERATES detachment (Bell slip)",aleph/cell/spec.example.toml,3466
dynein.detach_primed.stroke_dir,dynein,0,0,1,EXAMPLE,EXAMPLE,,dynein.detach_primed.stroke_dir,target,target_without_band,UNASSIGNED,declared_read_complement,0,C2 dynein.detach_primed: 0 = no stroke on this transition,aleph/cell/spec.example.toml,3478
dynein.detach_primed.stroke_len,dynein,0.0,0.0,um,EXAMPLE,EXAMPLE,,dynein.detach_primed.stroke_len,target,target_without_band,UNASSIGNED,declared_read_complement,0,C2 dynein.detach_primed: 0 = this transition shifts no rest length,aleph/cell/spec.example.toml,3472
dynein.detach_primed.x_beta,dynein,0.0,0.0,um,EXAMPLE,EXAMPLE,,dynein.detach_primed.x_beta,target,target_without_band,UNASSIGNED,declared_read_complement,0,C2 dynein.detach_primed: 0 = no Bell length on this transition (the force scale is f_char),aleph/cell/spec.example.toml,3454
dynein.detach_primed.x_beta_2,dynein,0.0,0.0,um,EXAMPLE,EXAMPLE,,dynein.detach_primed.x_beta_2,target,target_without_band,UNASSIGNED,declared_read_complement,0,C2 dynein.detach_primed: second-exponential Bell length (catch-slip); 0 = none,aleph/cell/spec.example.toml,3490
dynein.detach_stepped.f_char,dynein,,7.0,pN,EXAMPLE,EXAMPLE,dynein.stall_force,dynein.stall_force,bound,bound_not_independent,UNASSIGNED,bound_alias,0,C2 dynein 2->0: direct force scale; binder reads dynein.stall_force,aleph/cell/spec.example.toml,3508
dynein.detach_stepped.rate,dynein,,1.0,1/s,EXAMPLE,EXAMPLE,dynein.k_off0,dynein.k_off0,bound,bound_not_independent,UNASSIGNED,bound_alias,0,C2 dynein 2->0: zero-load detachment; binder reads dynein.k_off0,aleph/cell/spec.example.toml,3496
dynein.detach_stepped.rate_2,dynein,0.0,0.0,1/s,EXAMPLE,EXAMPLE,,dynein.detach_stepped.rate_2,target,target_without_band,UNASSIGNED,declared_read_complement,0,C2 dynein.detach_stepped: second-exponential rate (catch-slip); 0 = single exponential. NONZERO IS REFUSED until cell/bonds.py expresses two exponentials on one transition,aleph/cell/spec.example.toml,3532
dynein.detach_stepped.sign,dynein,1,1,1,EXAMPLE,EXAMPLE,,dynein.detach_stepped.sign,target,target_without_band,UNASSIGNED,declared_read_complement,0,"C2 dynein 2->0: +1, tension ACCELERATES detachment (Bell slip)",aleph/cell/spec.example.toml,3514
dynein.detach_stepped.stroke_dir,dynein,0,0,1,EXAMPLE,EXAMPLE,,dynein.detach_stepped.stroke_dir,target,target_without_band,UNASSIGNED,declared_read_complement,0,C2 dynein.detach_stepped: 0 = no stroke on this transition,aleph/cell/spec.example.toml,3526
dynein.detach_stepped.stroke_len,dynein,0.0,0.0,um,EXAMPLE,EXAMPLE,,dynein.detach_stepped.stroke_len,target,target_without_band,UNASSIGNED,declared_read_complement,0,C2 dynein.detach_stepped: 0 = this transition shifts no rest length,aleph/cell/spec.example.toml,3520
dynein.detach_stepped.x_beta,dynein,0.0,0.0,um,EXAMPLE,EXAMPLE,,dynein.detach_stepped.x_beta,target,target_without_band,UNASSIGNED,declared_read_complement,0,C2 dynein.detach_stepped: 0 = no Bell length on this transition (the force scale is f_char),aleph/cell/spec.example.toml,3502
dynein.detach_stepped.x_beta_2,dynein,0.0,0.0,um,EXAMPLE,EXAMPLE,,dynein.detach_stepped.x_beta_2,target,target_without_band,UNASSIGNED,declared_read_complement,0,C2 dynein.detach_stepped: second-exponential Bell length (catch-slip); 0 = none,aleph/cell/spec.example.toml,3538
dynein.k,dynein,300.0,300.0,pN/um,EXAMPLE,EXAMPLE,,dynein.k,target,target_without_band,UNASSIGNED,declared_read_complement,0,dynein stalk stiffness ~0.3 pN/nm — PI-GAP (a target Aleph must find; the number is an initial point). not in KB source_audit — register before SOURCED,aleph/cell/spec.example.toml,2494
dynein.k_off0,dynein,1.0,1.0,1/s,EXAMPLE,EXAMPLE,,dynein.k_off0,target,target_without_band,UNASSIGNED,declared_read_complement,0,dynein detachment at zero load ~1 /s (Schnitzer 2000). PI-GAP. not in KB source_audit — register before SOURCED,aleph/cell/spec.example.toml,2488
dynein.k_on,dynein,1.0,1.0,1/s,EXAMPLE,EXAMPLE,,dynein.k_on,target,target_without_band,UNASSIGNED,declared_read_complement,0,cytoplasmic dynein attachment to a microtubule within reach — PI-GAP. not in KB source_audit — register before SOURCED,aleph/cell/spec.example.toml,3052
dynein.primed_fraction,dynein,0.5,0.5,1,EXAMPLE,EXAMPLE,,dynein.primed_fraction,target,target_without_band,UNASSIGNED,declared_read_complement,0,EXAMPLE the share of one mechanical cycle the attached motor spends primed rather than stepped; 0.5 is the maximum-entropy split of ONE measured cycle time over two substates. PI-GAP,aleph/cell/spec.example.toml,3578
dynein.reach,dynein,0.05,0.05,um,EXAMPLE,EXAMPLE,,dynein.reach,target,target_without_band,UNASSIGNED,declared_read_complement,0,the dynein motor domain stands ~50 nm off the lattice (Carter 2011): the furthest partner node a free motor can bind. not in KB source_audit — register before SOURCED,aleph/cell/spec.example.toml,3058
dynein.reprime.f_char,dynein,0.0,0.0,pN,EXAMPLE,EXAMPLE,,dynein.reprime.f_char,target,target_without_band,UNASSIGNED,declared_read_complement,0,C2 dynein.reprime: 0 = no direct force scale on this transition,aleph/cell/spec.example.toml,3412
dynein.reprime.rate,dynein,,1.0,um/s,EXAMPLE,EXAMPLE,dynein.velocity,dynein.velocity,bound,bound_not_independent,UNASSIGNED,bound_alias,0,"C2 dynein 2->1: the second leg of one mechanical cycle, same conversion as the walk — the cycle time is split evenly over the two attached substates",aleph/cell/spec.example.toml,3400
dynein.reprime.rate_2,dynein,0.0,0.0,1/s,EXAMPLE,EXAMPLE,,dynein.reprime.rate_2,target,target_without_band,UNASSIGNED,declared_read_complement,0,C2 dynein.reprime: second-exponential rate (catch-slip); 0 = single exponential. NONZERO IS REFUSED until cell/bonds.py expresses two exponentials on one transition,aleph/cell/spec.example.toml,3436
dynein.reprime.sign,dynein,0,0,1,EXAMPLE,EXAMPLE,,dynein.reprime.sign,target,target_without_band,UNASSIGNED,declared_read_complement,0,C2 dynein 2->1: re-priming carries no declared load dependence,aleph/cell/spec.example.toml,3418
dynein.reprime.stroke_dir,dynein,0,0,1,EXAMPLE,EXAMPLE,,dynein.reprime.stroke_dir,target,target_without_band,UNASSIGNED,declared_read_complement,0,C2 dynein.reprime: 0 = no stroke on this transition,aleph/cell/spec.example.toml,3430
dynein.reprime.stroke_len,dynein,0.0,0.0,um,EXAMPLE,EXAMPLE,,dynein.reprime.stroke_len,target,target_without_band,UNASSIGNED,declared_read_complement,0,C2 dynein.reprime: 0 = this transition shifts no rest length,aleph/cell/spec.example.toml,3424
dynein.reprime.x_beta,dynein,0.0,0.0,um,EXAMPLE,EXAMPLE,,dynein.reprime.x_beta,target,target_without_band,UNASSIGNED,declared_read_complement,0,C2 dynein.reprime: 0 = no Bell length on this transition (the force scale is f_char),aleph/cell/spec.example.toml,3406
dynein.reprime.x_beta_2,dynein,0.0,0.0,um,EXAMPLE,EXAMPLE,,dynein.reprime.x_beta_2,target,target_without_band,UNASSIGNED,declared_read_complement,0,C2 dynein.reprime: second-exponential Bell length (catch-slip); 0 = none,aleph/cell/spec.example.toml,3442
dynein.run_length,dynein,1.0,1.0,um,EXAMPLE,EXAMPLE,,dynein.run_length,target,target_without_band,UNASSIGNED,declared_read_complement,0,"cytoplasmic dynein: stall ~7 pN (Gennerich 2007), ~1 um/s retrograde, run ~1 um. not in KB source_audit — register before SOURCED",aleph/cell/spec.example.toml,2482
dynein.stall_force,dynein,7.0,7.0,pN,EXAMPLE,EXAMPLE,,dynein.stall_force,target,target_without_band,UNASSIGNED,declared_read_complement,0,"cytoplasmic dynein: stall ~7 pN (Gennerich 2007), ~1 um/s retrograde, run ~1 um. not in KB source_audit — register before SOURCED",aleph/cell/spec.example.toml,2464
dynein.step,dynein,0.008,0.008,um,EXAMPLE,EXAMPLE,,dynein.step,target,target_without_band,UNASSIGNED,declared_read_complement,0,8 nm step (tubulin dimer repeat). not in KB source_audit — register before SOURCED,aleph/cell/spec.example.toml,2476
dynein.velocity,dynein,1.0,1.0,um/s,EXAMPLE,EXAMPLE,,dynein.velocity,target,target_without_band,UNASSIGNED,declared_read_complement,0,"cytoplasmic dynein: stall ~7 pN (Gennerich 2007), ~1 um/s retrograde, run ~1 um. not in KB source_audit — register before SOURCED",aleph/cell/spec.example.toml,2470
dynein.walk.f_char,dynein,,7.0,pN,EXAMPLE,EXAMPLE,dynein.stall_force,dynein.stall_force,bound,bound_not_independent,UNASSIGNED,bound_alias,0,"C2 dynein 1->2: direct force scale; binder reads dynein.stall_force, so the step rate falls by e at stall",aleph/cell/spec.example.toml,3364
dynein.walk.rate,dynein,,1.0,um/s,EXAMPLE,EXAMPLE,dynein.velocity,dynein.velocity,bound,bound_not_independent,UNASSIGNED,bound_alias,0,"C2 dynein 1->2: the binder reads dynein.velocity and DIVIDES by the built MT node spacing (cell/bonds.motor_walk_rate) — the row carries the measured speed, the kernel gets 1/s. The unit is the target row's on purpose: the rate is not a measured rate",aleph/cell/spec.example.toml,3352
dynein.walk.rate_2,dynein,0.0,0.0,1/s,EXAMPLE,EXAMPLE,,dynein.walk.rate_2,target,target_without_band,UNASSIGNED,declared_read_complement,0,C2 dynein.walk: second-exponential rate (catch-slip); 0 = single exponential. NONZERO IS REFUSED until cell/bonds.py expresses two exponentials on one transition,aleph/cell/spec.example.toml,3388
dynein.walk.sign,dynein,-1,-1,1,EXAMPLE,EXAMPLE,,dynein.walk.sign,target,target_without_band,UNASSIGNED,declared_read_complement,0,"C2 dynein 1->2: -1, resisting tension SLOWS the step (stall)",aleph/cell/spec.example.toml,3370
dynein.walk.stroke_dir,dynein,-1,-1,1,EXAMPLE,EXAMPLE,,dynein.walk.stroke_dir,target,target_without_band,UNASSIGNED,declared_read_complement,0,"C2 dynein 1->2: sign of the stroke as the crossbridge writes it; the WALK direction is the kind's stroke_sign (-1, minus end)",aleph/cell/spec.example.toml,3382
dynein.walk.stroke_len,dynein,,0.008,um,EXAMPLE,EXAMPLE,dynein.step,dynein.step,bound,bound_not_independent,UNASSIGNED,bound_alias,0,"C2 dynein 1->2: the molecule's stride; binder reads dynein.step. stroke_mode 1 reads only its SIGN — the walk moves one partner NODE, not one stride",aleph/cell/spec.example.toml,3376
dynein.walk.x_beta,dynein,0.0,0.0,um,EXAMPLE,EXAMPLE,,dynein.walk.x_beta,target,target_without_band,UNASSIGNED,declared_read_complement,0,C2 dynein.walk: 0 = no Bell length on this transition (the force scale is f_char),aleph/cell/spec.example.toml,3358
dynein.walk.x_beta_2,dynein,0.0,0.0,um,EXAMPLE,EXAMPLE,,dynein.walk.x_beta_2,target,target_without_band,UNASSIGNED,declared_read_complement,0,C2 dynein.walk: second-exponential Bell length (catch-slip); 0 = none,aleph/cell/spec.example.toml,3394
dynein_cargo.attach.f_char,dynein_cargo,0.0,0.0,pN,EXAMPLE,EXAMPLE,,dynein_cargo.attach.f_char,target,target_without_band,UNASSIGNED,declared_read_complement,0,C2 dynein_cargo attach: same value as the sliding role's f_char,aleph/cell/spec.example.toml,3841
dynein_cargo.attach.rate,dynein_cargo,,1.0,1/s,EXAMPLE,EXAMPLE,dynein.k_on,dynein.k_on,bound,bound_not_independent,UNASSIGNED,bound_alias,0,C2 dynein_cargo attach: the cargo role is the same molecule; binder reads dynein.k_on,aleph/cell/spec.example.toml,3829
dynein_cargo.attach.rate_2,dynein_cargo,0.0,0.0,1/s,EXAMPLE,EXAMPLE,,dynein_cargo.attach.rate_2,target,target_without_band,UNASSIGNED,declared_read_complement,0,C2 dynein_cargo attach: same value as the sliding role's rate_2,aleph/cell/spec.example.toml,3865
dynein_cargo.attach.sign,dynein_cargo,0,0,1,EXAMPLE,EXAMPLE,,dynein_cargo.attach.sign,target,target_without_band,UNASSIGNED,declared_read_complement,0,C2 dynein_cargo attach: same value as the sliding role's sign,aleph/cell/spec.example.toml,3847
dynein_cargo.attach.stroke_dir,dynein_cargo,0,0,1,EXAMPLE,EXAMPLE,,dynein_cargo.attach.stroke_dir,target,target_without_band,UNASSIGNED,declared_read_complement,0,C2 dynein_cargo attach: same value as the sliding role's stroke_dir,aleph/cell/spec.example.toml,3859
dynein_cargo.attach.stroke_len,dynein_cargo,0.0,0.0,um,EXAMPLE,EXAMPLE,,dynein_cargo.attach.stroke_len,target,target_without_band,UNASSIGNED,declared_read_complement,0,C2 dynein_cargo attach: same value as the sliding role's stroke_len,aleph/cell/spec.example.toml,3853
dynein_cargo.attach.x_beta,dynein_cargo,0.0,0.0,um,EXAMPLE,EXAMPLE,,dynein_cargo.attach.x_beta,target,target_without_band,UNASSIGNED,declared_read_complement,0,C2 dynein_cargo attach: same value as the sliding role's x_beta,aleph/cell/spec.example.toml,3835
dynein_cargo.attach.x_beta_2,dynein_cargo,0.0,0.0,um,EXAMPLE,EXAMPLE,,dynein_cargo.attach.x_beta_2,target,target_without_band,UNASSIGNED,declared_read_complement,0,C2 dynein_cargo attach: same value as the sliding role's x_beta_2,aleph/cell/spec.example.toml,3871
dynein_cargo.detach_primed.f_char,dynein_cargo,,7.0,pN,EXAMPLE,EXAMPLE,dynein.stall_force,dynein.stall_force,bound,bound_not_independent,UNASSIGNED,bound_alias,0,C2 dynein_cargo detach_primed: the cargo role is the same molecule; binder reads dynein.stall_force,aleph/cell/spec.example.toml,3985
dynein_cargo.detach_primed.rate,dynein_cargo,,1.0,1/s,EXAMPLE,EXAMPLE,dynein.k_off0,dynein.k_off0,bound,bound_not_independent,UNASSIGNED,bound_alias,0,C2 dynein_cargo detach_primed: the cargo role is the same molecule; binder reads dynein.k_off0,aleph/cell/spec.example.toml,3973
dynein_cargo.detach_primed.rate_2,dynein_cargo,0.0,0.0,1/s,EXAMPLE,EXAMPLE,,dynein_cargo.detach_primed.rate_2,target,target_without_band,UNASSIGNED,declared_read_complement,0,C2 dynein_cargo detach_primed: same value as the sliding role's rate_2,aleph/cell/spec.example.toml,4009
dynein_cargo.detach_primed.sign,dynein_cargo,1,1,1,EXAMPLE,EXAMPLE,,dynein_cargo.detach_primed.sign,target,target_without_band,UNASSIGNED,declared_read_complement,0,C2 dynein_cargo detach_primed: same value as the sliding role's sign,aleph/cell/spec.example.toml,3991
dynein_cargo.detach_primed.stroke_dir,dynein_cargo,0,0,1,EXAMPLE,EXAMPLE,,dynein_cargo.detach_primed.stroke_dir,target,target_without_band,UNASSIGNED,declared_read_complement,0,C2 dynein_cargo detach_primed: same value as the sliding role's stroke_dir,aleph/cell/spec.example.toml,4003
dynein_cargo.detach_primed.stroke_len,dynein_cargo,0.0,0.0,um,EXAMPLE,EXAMPLE,,dynein_cargo.detach_primed.stroke_len,target,target_without_band,UNASSIGNED,declared_read_complement,0,C2 dynein_cargo detach_primed: same value as the sliding role's stroke_len,aleph/cell/spec.example.toml,3997
dynein_cargo.detach_primed.x_beta,dynein_cargo,0.0,0.0,um,EXAMPLE,EXAMPLE,,dynein_cargo.detach_primed.x_beta,target,target_without_band,UNASSIGNED,declared_read_complement,0,C2 dynein_cargo detach_primed: same value as the sliding role's x_beta,aleph/cell/spec.example.toml,3979
dynein_cargo.detach_primed.x_beta_2,dynein_cargo,0.0,0.0,um,EXAMPLE,EXAMPLE,,dynein_cargo.detach_primed.x_beta_2,target,target_without_band,UNASSIGNED,declared_read_complement,0,C2 dynein_cargo detach_primed: same value as the sliding role's x_beta_2,aleph/cell/spec.example.toml,4015
dynein_cargo.detach_stepped.f_char,dynein_cargo,,7.0,pN,EXAMPLE,EXAMPLE,dynein.stall_force,dynein.stall_force,bound,bound_not_independent,UNASSIGNED,bound_alias,0,C2 dynein_cargo detach_stepped: the cargo role is the same molecule; binder reads dynein.stall_force,aleph/cell/spec.example.toml,4033
dynein_cargo.detach_stepped.rate,dynein_cargo,,1.0,1/s,EXAMPLE,EXAMPLE,dynein.k_off0,dynein.k_off0,bound,bound_not_independent,UNASSIGNED,bound_alias,0,C2 dynein_cargo detach_stepped: the cargo role is the same molecule; binder reads dynein.k_off0,aleph/cell/spec.example.toml,4021
dynein_cargo.detach_stepped.rate_2,dynein_cargo,0.0,0.0,1/s,EXAMPLE,EXAMPLE,,dynein_cargo.detach_stepped.rate_2,target,target_without_band,UNASSIGNED,declared_read_complement,0,C2 dynein_cargo detach_stepped: same value as the sliding role's rate_2,aleph/cell/spec.example.toml,4057
dynein_cargo.detach_stepped.sign,dynein_cargo,1,1,1,EXAMPLE,EXAMPLE,,dynein_cargo.detach_stepped.sign,target,target_without_band,UNASSIGNED,declared_read_complement,0,C2 dynein_cargo detach_stepped: same value as the sliding role's sign,aleph/cell/spec.example.toml,4039
dynein_cargo.detach_stepped.stroke_dir,dynein_cargo,0,0,1,EXAMPLE,EXAMPLE,,dynein_cargo.detach_stepped.stroke_dir,target,target_without_band,UNASSIGNED,declared_read_complement,0,C2 dynein_cargo detach_stepped: same value as the sliding role's stroke_dir,aleph/cell/spec.example.toml,4051
dynein_cargo.detach_stepped.stroke_len,dynein_cargo,0.0,0.0,um,EXAMPLE,EXAMPLE,,dynein_cargo.detach_stepped.stroke_len,target,target_without_band,UNASSIGNED,declared_read_complement,0,C2 dynein_cargo detach_stepped: same value as the sliding role's stroke_len,aleph/cell/spec.example.toml,4045
dynein_cargo.detach_stepped.x_beta,dynein_cargo,0.0,0.0,um,EXAMPLE,EXAMPLE,,dynein_cargo.detach_stepped.x_beta,target,target_without_band,UNASSIGNED,declared_read_complement,0,C2 dynein_cargo detach_stepped: same value as the sliding role's x_beta,aleph/cell/spec.example.toml,4027
dynein_cargo.detach_stepped.x_beta_2,dynein_cargo,0.0,0.0,um,EXAMPLE,EXAMPLE,,dynein_cargo.detach_stepped.x_beta_2,target,target_without_band,UNASSIGNED,declared_read_complement,0,C2 dynein_cargo detach_stepped: same value as the sliding role's x_beta_2,aleph/cell/spec.example.toml,4063
dynein_cargo.reprime.f_char,dynein_cargo,0.0,0.0,pN,EXAMPLE,EXAMPLE,,dynein_cargo.reprime.f_char,target,target_without_band,UNASSIGNED,declared_read_complement,0,C2 dynein_cargo reprime: same value as the sliding role's f_char,aleph/cell/spec.example.toml,3937
dynein_cargo.reprime.rate,dynein_cargo,,1.0,um/s,EXAMPLE,EXAMPLE,dynein.velocity,dynein.velocity,bound,bound_not_independent,UNASSIGNED,bound_alias,0,C2 dynein_cargo reprime: the cargo role is the same molecule; binder reads dynein.velocity,aleph/cell/spec.example.toml,3925
dynein_cargo.reprime.rate_2,dynein_cargo,0.0,0.0,1/s,EXAMPLE,EXAMPLE,,dynein_cargo.reprime.rate_2,target,target_without_band,UNASSIGNED,declared_read_complement,0,C2 dynein_cargo reprime: same value as the sliding role's rate_2,aleph/cell/spec.example.toml,3961
dynein_cargo.reprime.sign,dynein_cargo,0,0,1,EXAMPLE,EXAMPLE,,dynein_cargo.reprime.sign,target,target_without_band,UNASSIGNED,declared_read_complement,0,C2 dynein_cargo reprime: same value as the sliding role's sign,aleph/cell/spec.example.toml,3943
dynein_cargo.reprime.stroke_dir,dynein_cargo,0,0,1,EXAMPLE,EXAMPLE,,dynein_cargo.reprime.stroke_dir,target,target_without_band,UNASSIGNED,declared_read_complement,0,C2 dynein_cargo reprime: same value as the sliding role's stroke_dir,aleph/cell/spec.example.toml,3955
dynein_cargo.reprime.stroke_len,dynein_cargo,0.0,0.0,um,EXAMPLE,EXAMPLE,,dynein_cargo.reprime.stroke_len,target,target_without_band,UNASSIGNED,declared_read_complement,0,C2 dynein_cargo reprime: same value as the sliding role's stroke_len,aleph/cell/spec.example.toml,3949
dynein_cargo.reprime.x_beta,dynein_cargo,0.0,0.0,um,EXAMPLE,EXAMPLE,,dynein_cargo.reprime.x_beta,target,target_without_band,UNASSIGNED,declared_read_complement,0,C2 dynein_cargo reprime: same value as the sliding role's x_beta,aleph/cell/spec.example.toml,3931
dynein_cargo.reprime.x_beta_2,dynein_cargo,0.0,0.0,um,EXAMPLE,EXAMPLE,,dynein_cargo.reprime.x_beta_2,target,target_without_band,UNASSIGNED,declared_read_complement,0,C2 dynein_cargo reprime: same value as the sliding role's x_beta_2,aleph/cell/spec.example.toml,3967
dynein_cargo.walk.f_char,dynein_cargo,,7.0,pN,EXAMPLE,EXAMPLE,dynein.stall_force,dynein.stall_force,bound,bound_not_independent,UNASSIGNED,bound_alias,0,C2 dynein_cargo walk: the cargo role is the same molecule; binder reads dynein.stall_force,aleph/cell/spec.example.toml,3889
dynein_cargo.walk.rate,dynein_cargo,,1.0,um/s,EXAMPLE,EXAMPLE,dynein.velocity,dynein.velocity,bound,bound_not_independent,UNASSIGNED,bound_alias,0,C2 dynein_cargo walk: the cargo role is the same molecule; binder reads dynein.velocity,aleph/cell/spec.example.toml,3877
dynein_cargo.walk.rate_2,dynein_cargo,0.0,0.0,1/s,EXAMPLE,EXAMPLE,,dynein_cargo.walk.rate_2,target,target_without_band,UNASSIGNED,declared_read_complement,0,C2 dynein_cargo walk: same value as the sliding role's rate_2,aleph/cell/spec.example.toml,3913
dynein_cargo.walk.sign,dynein_cargo,-1,-1,1,EXAMPLE,EXAMPLE,,dynein_cargo.walk.sign,target,target_without_band,UNASSIGNED,declared_read_complement,0,C2 dynein_cargo walk: same value as the sliding role's sign,aleph/cell/spec.example.toml,3895
dynein_cargo.walk.stroke_dir,dynein_cargo,-1,-1,1,EXAMPLE,EXAMPLE,,dynein_cargo.walk.stroke_dir,target,target_without_band,UNASSIGNED,declared_read_complement,0,C2 dynein_cargo walk: same value as the sliding role's stroke_dir,aleph/cell/spec.example.toml,3907
dynein_cargo.walk.stroke_len,dynein_cargo,,0.008,um,EXAMPLE,EXAMPLE,dynein.step,dynein.step,bound,bound_not_independent,UNASSIGNED,bound_alias,0,C2 dynein_cargo walk: the cargo role is the same molecule; binder reads dynein.step,aleph/cell/spec.example.toml,3901
dynein_cargo.walk.x_beta,dynein_cargo,0.0,0.0,um,EXAMPLE,EXAMPLE,,dynein_cargo.walk.x_beta,target,target_without_band,UNASSIGNED,declared_read_complement,0,C2 dynein_cargo walk: same value as the sliding role's x_beta,aleph/cell/spec.example.toml,3883
dynein_cargo.walk.x_beta_2,dynein_cargo,0.0,0.0,um,EXAMPLE,EXAMPLE,,dynein_cargo.walk.x_beta_2,target,target_without_band,UNASSIGNED,declared_read_complement,0,C2 dynein_cargo walk: same value as the sliding role's x_beta_2,aleph/cell/spec.example.toml,3919
envelope.area_modulus,envelope,486000.0,486000.0,pN/um,SOURCED,SOURCED,,envelope.area_modulus,lognormal,sourced_without_spread,UNASSIGNED,declared_read_complement,0,"KB-2026-09-06-nuclear-envelope-shear-modulus §2: unbound from membrane.area_modulus — the nuclear envelope is TWO bilayers in parallel, so K_A = 2 x the single-bilayer value. Rawicz 2000 Biophys J 79:328 (10.1016/S0006-3495(00)76295-3, SE211, audit OK; KB-3.B1.3 verified/High) K_A = 243 mN/m +/- 10 % across 12 PCs = 2.43e5 pN/um -> 4.86e5 here. This is the GLOBAL area term (assemble.py k_area -> Surfaces.k_area, g = k_area/area0 * dA), additive to the mu_2d edge network's own areal response K_A = 2 mu_2d; the membranes are slack until envelope.excess_area = 0.30 is spent, which is why the lamina (Dahl 25 mN/m) and not the bilayers sets the measured NE stiffness. The lamina's own contribution is envelope.mu_2d + the lamina population, NOT this row.",aleph/cell/spec.example.toml,265
envelope.areal_density,envelope,0.01,0.01,pg/um^2,EXAMPLE,EXAMPLE,,envelope.areal_density,target,target_without_band,UNASSIGNED,declared_read_complement,1,double bilayer,aleph/cell/spec.example.toml,239
envelope.double_sheet,envelope,0,0,1,EXAMPLE,EXAMPLE,,envelope.double_sheet,target,target_without_band,UNASSIGNED,declared_read_complement,3,"switch: 1 builds the inner sheet at envelope.spacing inside the outer one and ties them one-to-one. DEFAULT 0 = the single-sheet build, tables bit-identical. not in KB source_audit — register before SOURCED",aleph/cell/spec.example.toml,4134
envelope.excess_area,envelope,0.3,0.3,1,SWEPT,SWEPT,,envelope.excess_area,uniform,declared_range_unverified,UNASSIGNED,declared_read_complement,2,"nuclear surface-area undulations 'roughly 20 % to 40 % excess area' (Li 2015 Biophys J 10.1016/j.bpj.2015.07.006, cellpress_bundle, NOT in source_audit); the envelope folds between lamina / chromatin tethers; PI decision E2",aleph/cell/spec.example.toml,245
envelope.kappa_bend,envelope,4.0,4.0,pN.um,EXAMPLE,EXAMPLE,,envelope.kappa_bend,target,target_without_band,UNASSIGNED,declared_read_complement,1,"BOUND 2026-09-16 21:14 at 4.0 = twice the lamina-shell estimate's top: P8s (4.0, dt 1e-4, 30 steps) read 0/0 folds and area_res 0.003/0.024/0.036 (PASS), P8q (2.0) 0/3 folds but area_res 0.887 at k=30 (fails the 0.3 line), P8p (8.3) 0.100. Earlier: PI decision 2026-09-16 18:57 (RESULT-2026-09-15 s10.3-s10.8): the nuclear envelope's bending rigidity is the LAMINA SHELL's, not a bilayer's. Shell estimate kappa = K h^2 / 12 with K = 2.5e4 pN/um (Dahl 2004 J Cell Sci 117:4779, lamina 2-D modulus, audit OK) and h = 15-30 nm -> 0.5-2.0 pN.um (6-25x the bilayer's 0.083 = 20 kT that stood here until 09-16); 2.0 is the shell estimate's top. The 09-16 decade (P8m-P9c, dt 1e-4 and 1e-3) was run at the sweep point 8.3 (100x, the range's ceiling) through the launcher's spec_kappa variant; 2.0 is NOT yet verified to hold the sheet (the next 1e-4 30-step arm reads that). At 0.083 the 30 %-excess-area envelope folded within 1 ms at 1e-4 unless the fluid slaved it x100 (P8i/P8l). This row carries the lamina shell's bending share only; the lamina population (build/lamina.py) carries its own axial/bending terms.",aleph/cell/spec.example.toml,226
envelope.mesh,envelope,,0.05,um,EXAMPLE,SWEPT,resolution.spacing,resolution.spacing,bound,bound_not_independent,UNASSIGNED,bound_alias,2,"was 0.1 um by analogy with the cortical band CEILING (world/build/envelope.ENVELOPE_MESH_PI_GAP); bound to resolution.spacing 2026-08-28 (0.096 -> 0.048 um realised, subdiv 6 -> 7, 40,962 -> 163,842 nodes) — the lamin meshwork is the coarser 0.4 um structure and is its own population",aleph/cell/spec.example.toml,214
envelope.mu_2d,envelope,250.0,250.0,pN/um,EXAMPLE,EXAMPLE,,envelope.mu_2d,target,declared_band_unverified,UNASSIGNED,declared_read_complement,2,"KB-2026-09-06-nuclear-envelope-shear-modulus §1: unbound from membrane.mu_2d — the plasma membrane's mu is carried by the spectrin/ERM-cortex, the NE's by the NPC-lamin connections; not the same quantity. NO source isolates the double-bilayer + NPC in-plane shear from the lamina's, because the lamin meshwork is its own population here (build/lamina.py). What the OK-verdict evidence constrains is the SUM envelope+lamina: Stephens 2017 MBoC 28:1984 (10.1091/mbc.E16-09-0653, audit OK) single-nucleus micromanipulation gives a short-extension spring 0.41-0.70 nN/um with 1.5-2.5x strain stiffening carried by lamin-A/C, i.e. a lamin-attributable 2.5e2-7.5e2 pN/um for a somatic mammalian nucleus (a shell spring k ~ C*mu, C = O(1) — order of magnitude, not a modulus). The lamina as BUILT already delivers 1.3e2-5.1e2 pN/um (EA = material.if.E * pi * material.if.radius^2 = 471 pN over lamina.filament = 0.4 um -> k_edge 1178 pN/um; mu = sqrt(3)k/4 = 510 affine, 128 after the z=4.5 vs z_c=4 knockdown), so 2.5e2 here puts the sum at 3.8e2-7.6e2 pN/um, inside the measured band. Ceiling 2.5e4 = Dahl 2004 J Cell Sci 117:4779 (10.1242/jcs.01357, audit OK, SE562): 25 mN/m network elastic modulus, micropipette aspiration of ISOLATED XENOPUS OOCYTE envelopes — an amphibian lamin-B-rich oocyte NE, 30-100x above the somatic band, and Swift 2013 (10.1126/science.1240104, audit OK) is why it may not be transferred to a human somatic cell unqualified. Dahl does not split K_A from mu; the engine's triangular network fixes K_A = 2 mu, and the measured K/mu is 1.5 +/- 0.3 (HeLa, Rowat 2005) to 5.1 +/- 1.3 (WT MEF, Rowat 2006) — both PENDING SE registration, see the KB doc §3. Its own K_edge = 4 mu_2d / sqrt(3) = 577 pN/um per envelope edge (PLAN-2026-09-03ab §1), x25 tonight's 23.094: the envelope's in-plane branch moves 1.9e5 -> 4.7e6 /s (object_spectra_20260905T152006Z), still below the IF/MT branches. The gate is NOT this row: aspirate the built nucleus and score k_short / k_long against Stephens 0.41-0.70 nN/um and 1.5-2.5x.",aleph/cell/spec.example.toml,271
envelope.pore_density,envelope,5.0,5.0,1/um^2,EXAMPLE,EXAMPLE,,envelope.pore_density,target,declared_band_unverified,UNASSIGNED,declared_read_complement,3,nuclear pore density ~3-10 /um^2. not in KB source_audit — register before SOURCED,aleph/cell/spec.example.toml,2314
envelope.pore_length,envelope,0.05,0.05,um,EXAMPLE,EXAMPLE,,envelope.pore_length,target,declared_band_unverified,UNASSIGNED,declared_read_complement,1,"length of the channel across the envelope, ~50 nm = envelope.spacing 40 nm plus the two bilayers. Same provenance as envelope.pore_radius (INVENTORY-2026-09-21 E' P1); not in KB source_audit — register before SOURCED. Not BOUND to envelope.spacing because it is the spacing PLUS the two membranes, not the spacing; the build refuses a length below envelope.spacing.",aleph/cell/spec.example.toml,2330
envelope.pore_radius,envelope,0.0045,0.0045,um,EXAMPLE,EXAMPLE,,envelope.pore_radius,target,declared_band_unverified,UNASSIGNED,declared_read_complement,1,"radius of the NPC's passive-diffusion channel, ~9 nm diameter — the literature figure quoted in INVENTORY-2026-09-21 E' P1 and in language.BOUNDED_OMISSIONS['envelope_pores'] before this lane built the mechanism. Not read in a paper by this session and not in KB source_audit — EXAMPLE, register before SOURCED. Poiseuille with this radius and bulk water is a conductance CEILING: the FG-nucleoporin mesh inside the channel only adds resistance.",aleph/cell/spec.example.toml,2323
envelope.pressure,envelope,2.353,2.353,pN/um^2,EXAMPLE,EXAMPLE,,envelope.pressure,target,target_without_band,UNASSIGNED,declared_read_complement,1,PI decision 2026-09-16 12:44 (RESULT-2026-09-15-split-cost-and-1e-5 s9): the Laplace equilibrium 2 sigma / R of the spec's own envelope.tension (6 pN/um) at the built radius cell.radius x cell.nc_ratio (5.1 um) — the interior excess pressure at which a closed sheet of that tension stands at that radius; not a nucleoplasm measurement (no law bound; nucleus.eta/g_prime are FRONTIER). At 0 the envelope's tension minimum is the sphere of area A0/1.3 and it folded 27-48 % of its faces within 3 ms at dt 1e-4 (P8a/P8b/P8c). Re-derive if tension or radius change.,aleph/cell/spec.example.toml,233
envelope.spacing,envelope,0.04,0.04,um,EXAMPLE,EXAMPLE,,envelope.spacing,target,declared_band_unverified,UNASSIGNED,declared_read_complement,2,perinuclear space ~30-50 nm between the two envelope membranes. not in KB source_audit — register before SOURCED,aleph/cell/spec.example.toml,2308
envelope.tension,envelope,6.0,6.0,pN/um,EXAMPLE,EXAMPLE,,envelope.tension,target,target_without_band,UNASSIGNED,declared_read_complement,1,"E_nuc 399 Pa (Fischer 2020, MCF7 in situ) x lamina thickness 15 nm (surfaced proxy); laws/nucleus_envelope",aleph/cell/spec.example.toml,220
envelope.volume_modulus,envelope,773100.0,773100.0,pN/um^2,EXAMPLE,EXAMPLE,,envelope.volume_modulus,target,target_without_band,UNASSIGNED,declared_read_complement,0,"PI decision 2026-09-16 18:57: KEEP. DERIVED row, as membrane.volume_modulus: the nucleoplasm is an enclosed ~300 mOsm solution too (the nuclear pores pass water and ions, not the macromolecular colloid that sets the pressure on the ms scale); K_V = 300 mM x 2577 pN/um^2/mM. DERIVED, not measured. Without it the envelope deflated 29 % in 3 ms at dt 1e-4 (P8m, 2026-09-16).",aleph/cell/spec.example.toml,259
envelope.wrinkle_wavelength,envelope,1.0,1.0,um,EXAMPLE,EXAMPLE,,envelope.wrinkle_wavelength,target,target_without_band,UNASSIGNED,declared_read_complement,3,"option (b) of PLAN-2026-09-06b item 3 (PI 2026-09-07 15:31): the nuclear envelope's excess area is carried as wrinkles of this correlation length; nuclear surface undulations of order 1 um are the EXAMPLE, to be SOURCED from Li 2015 Biophys J 10.1016/j.bpj.2015.07.006 (the same source as envelope.excess_area) by the KB lane",aleph/cell/spec.example.toml,252
envelope_inner.area_modulus,envelope_inner,,486000.0,pN/um,EXAMPLE,SOURCED,envelope.area_modulus,envelope.area_modulus,bound,bound_not_independent,UNASSIGNED,bound_alias,0,the inner nuclear membrane is the same bilayer as the outer one; bound to envelope.area_modulus so the two sheets cannot differ by an unstated number,aleph/cell/spec.example.toml,4116
envelope_inner.areal_density,envelope_inner,,0.01,pg/um^2,EXAMPLE,EXAMPLE,envelope.areal_density,envelope.areal_density,bound,bound_not_independent,UNASSIGNED,bound_alias,1,the inner nuclear membrane is the same bilayer as the outer one; bound to envelope.areal_density so the two sheets cannot differ by an unstated number,aleph/cell/spec.example.toml,4098
envelope_inner.excess_area,envelope_inner,,0.3,1,EXAMPLE,SWEPT,envelope.excess_area,envelope.excess_area,bound,bound_not_independent,UNASSIGNED,bound_alias,2,the inner nuclear membrane is the same bilayer as the outer one; bound to envelope.excess_area so the two sheets cannot differ by an unstated number,aleph/cell/spec.example.toml,4104
envelope_inner.kappa_bend,envelope_inner,,4.0,pN.um,EXAMPLE,EXAMPLE,envelope.kappa_bend,envelope.kappa_bend,bound,bound_not_independent,UNASSIGNED,bound_alias,1,the inner nuclear membrane is the same bilayer as the outer one; bound to envelope.kappa_bend so the two sheets cannot differ by an unstated number,aleph/cell/spec.example.toml,4086
envelope_inner.mesh,envelope_inner,,0.05,um,EXAMPLE,SWEPT,envelope.mesh,resolution.spacing,bound,bound_not_independent,UNASSIGNED,bound_alias,1,the inner nuclear membrane is the same bilayer as the outer one; bound to envelope.mesh so the two sheets cannot differ by an unstated number,aleph/cell/spec.example.toml,4074
envelope_inner.mu_2d,envelope_inner,,250.0,pN/um,EXAMPLE,EXAMPLE,envelope.mu_2d,envelope.mu_2d,bound,bound_not_independent,UNASSIGNED,bound_alias,2,the inner nuclear membrane is the same bilayer as the outer one; bound to envelope.mu_2d so the two sheets cannot differ by an unstated number,aleph/cell/spec.example.toml,4128
envelope_inner.pressure,envelope_inner,,2.353,pN/um^2,EXAMPLE,EXAMPLE,envelope.pressure,envelope.pressure,bound,bound_not_independent,UNASSIGNED,bound_alias,1,the inner nuclear membrane is the same bilayer as the outer one; bound to envelope.pressure so the two sheets cannot differ by an unstated number,aleph/cell/spec.example.toml,4092
envelope_inner.tension,envelope_inner,,6.0,pN/um,EXAMPLE,EXAMPLE,envelope.tension,envelope.tension,bound,bound_not_independent,UNASSIGNED,bound_alias,1,the inner nuclear membrane is the same bilayer as the outer one; bound to envelope.tension so the two sheets cannot differ by an unstated number,aleph/cell/spec.example.toml,4080
envelope_inner.volume_modulus,envelope_inner,,773100.0,pN/um^2,EXAMPLE,EXAMPLE,envelope.volume_modulus,envelope.volume_modulus,bound,bound_not_independent,UNASSIGNED,bound_alias,0,the inner nuclear membrane is the same bilayer as the outer one; bound to envelope.volume_modulus so the two sheets cannot differ by an unstated number,aleph/cell/spec.example.toml,4122
envelope_inner.wrinkle_wavelength,envelope_inner,,1.0,um,EXAMPLE,EXAMPLE,envelope.wrinkle_wavelength,envelope.wrinkle_wavelength,bound,bound_not_independent,UNASSIGNED,bound_alias,0,the inner nuclear membrane is the same bilayer as the outer one; bound to envelope.wrinkle_wavelength so the two sheets cannot differ by an unstated number,aleph/cell/spec.example.toml,4110
envelope_sheets.k,envelope_sheets,,100.0,pN/um,EXAMPLE,EXAMPLE,linc.k,linc.k,bound,bound_not_independent,UNASSIGNED,bound_alias,1,"the tie holding the two nuclear membranes at envelope.spacing. Bound to linc.k: the LINC (SUN/nesprin) bridges are what span the perinuclear space, so the tie invents no new stiffness",aleph/cell/spec.example.toml,4140
erm.areal_density,erm,600.0,600.0,1/um^2,SWEPT,SWEPT,,erm.areal_density,uniform,declared_range_unverified,UNASSIGNED,declared_read_complement,0,"PI signature 2026-09-11 00:35 (Lead transcript 14373ea7; KB-2026-09-1x-erm-kon-reach §6): the only measured membrane-cortex linker density — Diz-Munoz, Krieg, Bergert, ..., Paluch, Heisenberg 2010 PLoS Biol 8:e1000544 (10.1371/journal.pbio.1000544), dynamic AFM tether spectroscopy on zebrafish mesendoderm progenitors: 41 nm mean lateral spacing = ~600/um^2, strongly reduced by DN-ezrin / ezrin-MO; T_app 46 uN/m, static tether 25-32 pN. At this density the bleb-nucleation threshold of Tinevez 2009 PNAS 106:18581 (10.1073/pnas.0903353106; total tension 200-240 pN/um on a ~1 um cortex hole, suspended L929) is ~18 pN per link = Alert 2015's sigma*/rho_0. Lower edge 100 = the former axis's order; the 2026-08-21 geometric centre 21.2 was 30x below the measurement. MCF7/MDA density KB-GAP. Count is CAPACITY; the build starts the population at occupancy k_on/(k_on+k_off0) (a693ab1f). Harvester candidates, not yet in source_audit",aleph/cell/spec.example.toml,700
erm.attach.f_char,erm,0.0,0.0,pN,EXAMPLE,EXAMPLE,,erm.attach.f_char,target,target_without_band,UNASSIGNED,declared_read_complement,0,C2 erm 0->1: 0 = force scale comes from x_beta (kBT/x_beta) or none,aleph/cell/spec.example.toml,1129
erm.attach.rate,erm,,10.0,1/s,EXAMPLE,SWEPT,erm.k_on,erm.k_on,bound,bound_not_independent,UNASSIGNED,bound_alias,0,C2 erm 0->1: zero-load rate; binder reads erm.k_on.,aleph/cell/spec.example.toml,1117
erm.attach.rate_2,erm,0.0,0.0,1/s,EXAMPLE,EXAMPLE,,erm.attach.rate_2,target,target_without_band,UNASSIGNED,declared_read_complement,0,C2 erm 0->1: second-exponential rate (catch-slip); 0 = single exponential. NONZERO IS REFUSED until cell/bonds.py expresses two exponentials on one transition,aleph/cell/spec.example.toml,1153
erm.attach.sign,erm,1,1,1,EXAMPLE,EXAMPLE,,erm.attach.sign,target,target_without_band,UNASSIGNED,declared_read_complement,0,"C2 erm 0->1: +1 tension accelerates (slip), -1 tension slows (stall/catch)",aleph/cell/spec.example.toml,1135
erm.attach.stroke_dir,erm,0,0,1,EXAMPLE,EXAMPLE,,erm.attach.stroke_dir,target,target_without_band,UNASSIGNED,declared_read_complement,0,C2 erm 0->1: sign of the rest-length shift (-1 = shortening power stroke),aleph/cell/spec.example.toml,1147
erm.attach.stroke_len,erm,0.0,0.0,um,EXAMPLE,EXAMPLE,,erm.attach.stroke_len,target,target_without_band,UNASSIGNED,declared_read_complement,0,C2 erm 0->1: no rest-length shift,aleph/cell/spec.example.toml,1141
erm.attach.x_beta,erm,0.0,0.0,um,EXAMPLE,EXAMPLE,,erm.attach.x_beta,target,target_without_band,UNASSIGNED,declared_read_complement,0,C2 erm 0->1: 0 = no Bell length on this transition,aleph/cell/spec.example.toml,1123
erm.attach.x_beta_2,erm,0.0,0.0,um,EXAMPLE,EXAMPLE,,erm.attach.x_beta_2,target,target_without_band,UNASSIGNED,declared_read_complement,0,C2 erm 0->1: second-exponential Bell length (catch-slip); 0 = none,aleph/cell/spec.example.toml,1159
erm.detach.f_char,erm,0.0,0.0,pN,EXAMPLE,EXAMPLE,,erm.detach.f_char,target,target_without_band,UNASSIGNED,declared_read_complement,0,C2 erm 1->0: 0 = force scale comes from x_beta (kBT/x_beta) or none,aleph/cell/spec.example.toml,1177
erm.detach.rate,erm,,1.3,1/s,EXAMPLE,SOURCED,erm.k_off0,erm.k_off0,bound,bound_not_independent,UNASSIGNED,bound_alias,0,C2 erm 1->0: zero-load rate; binder reads erm.k_off0.,aleph/cell/spec.example.toml,1165
erm.detach.rate_2,erm,0.0,0.0,1/s,EXAMPLE,EXAMPLE,,erm.detach.rate_2,target,target_without_band,UNASSIGNED,declared_read_complement,0,C2 erm 1->0: second-exponential rate (catch-slip); 0 = single exponential. NONZERO IS REFUSED until cell/bonds.py expresses two exponentials on one transition,aleph/cell/spec.example.toml,1201
erm.detach.sign,erm,1,1,1,EXAMPLE,EXAMPLE,,erm.detach.sign,target,target_without_band,UNASSIGNED,declared_read_complement,0,"C2 erm 1->0: +1 tension accelerates (slip), -1 tension slows (stall/catch)",aleph/cell/spec.example.toml,1183
erm.detach.stroke_dir,erm,0,0,1,EXAMPLE,EXAMPLE,,erm.detach.stroke_dir,target,target_without_band,UNASSIGNED,declared_read_complement,0,C2 erm 1->0: sign of the rest-length shift (-1 = shortening power stroke),aleph/cell/spec.example.toml,1195
erm.detach.stroke_len,erm,0.0,0.0,um,EXAMPLE,EXAMPLE,,erm.detach.stroke_len,target,target_without_band,UNASSIGNED,declared_read_complement,0,C2 erm 1->0: no rest-length shift,aleph/cell/spec.example.toml,1189
erm.detach.x_beta,erm,,0.0007,um,EXAMPLE,SOURCED,erm.x_beta,erm.x_beta,bound,bound_not_independent,UNASSIGNED,bound_alias,0,C2 erm 1->0: Bell length; binder reads erm.x_beta,aleph/cell/spec.example.toml,1171
erm.detach.x_beta_2,erm,0.0,0.0,um,EXAMPLE,EXAMPLE,,erm.detach.x_beta_2,target,target_without_band,UNASSIGNED,declared_read_complement,0,C2 erm 1->0: second-exponential Bell length (catch-slip); 0 = none,aleph/cell/spec.example.toml,1207
erm.k,erm,4600.0,4600.0,pN/um,SOURCED,SOURCED,,erm.k,lognormal,sourced_without_spread,UNASSIGNED,declared_read_complement,0,"single ezrin-F-actin linker stiffness 4.6 pN/nm, Braunger 2014 JBC 289(14):9833 (KB-3.B1.6, PI-ratified 2026-07-21)",aleph/cell/spec.example.toml,687
erm.k_off0,erm,1.3,1.3,1/s,SOURCED,SOURCED,,erm.k_off0,lognormal,sourced_without_spread,UNASSIGNED,declared_read_complement,0,"Braunger 2014 JBC (SE543) zero-force off-rate, single ezrin-F-actin bond at 294 K (an OBSERVATION of the 37 C parameter, PI decision D4). UNCHANGED at the 2026-09-11 00:35 signature: erm.k_on is paired with THIS value (occupancy 0.88); the in-cell pair (Coscoy 2002 tau 5.7 s; Charras 2006 bleb re-cover ~5 s -> k_off ~0.03-0.2/s) would reproduce bleb healing but requires re-ratifying this row — OPEN two-row PI decision (KB-2026-09-1x-erm-kon-reach §6)",aleph/cell/spec.example.toml,714
erm.k_on,erm,10.0,10.0,1/s,SWEPT,SWEPT,,erm.k_on,loguniform,declared_range_unverified,UNASSIGNED,declared_read_complement,0,"PI signature 2026-09-11 00:35 (Lead transcript 14373ea7; KB-2026-09-1x-erm-kon-reach §2, §6). Sourced as the DATASET pair with erm.k_off0 = 1.3/s (PI decision J): every in-cell observation needs occupancy 0.75-0.9 — Coscoy 2002 PNAS 99:12813 (10.1073/pnas.192084599) two-photon FRAP, 25 % of membrane ezrin exchanging on tau = 5.7 s, rest on 1-2 min; Alert 2015 rho_b*/rho_0 ~ 0.9; Diz-Munoz 2010 density — and with k_off0 1.3 that occupancy is k_on*P ~ 4-12/s (0.88 at 10). Only k_on*P(reach) is identifiable (laws/erm_kinetics). The former '1e4/s (Alert 2015)' is DELETED: Alert's Table 1 takes k_on 1e4 and k_off0 10 from Rognoni 2012 PNAS (10.1073/pnas.1211274109), a FILAMIN Ig20-21 measurement, and fits only chi = k_off/k_on. STATED RESIDUAL: this pair relaxes to occupancy in ~90 ms, while ezrin re-covers a bare bleb membrane in ~5 s (Charras 2006 JCB 175:477, 10.1083/jcb.200602085: ezrin precedes actin by 4.9 +/- 3 s) — a bleb-healing row is ~50x too fast with this pair; the in-cell pair (k_on ~0.2, k_off ~0.03-0.2) needs a re-ratification of k_off0 = a two-row PI decision, OPEN. No mus/ms row sees the difference",aleph/cell/spec.example.toml,707
erm.r0,erm,0.02,0.02,um,SWEPT,SWEPT,,erm.r0,uniform,declared_range_unverified,UNASSIGNED,declared_read_complement,1,"ERM linker unstressed span; the membrane-cortex separation falls out of it. Clausen 2017 J Phys D 50:064002 (PMC5390943): gap bi-modal <10 nm / max 20 nm, monomer span 10-50 nm. UNRATIFIED_PROXY",aleph/cell/spec.example.toml,693
erm.reach,erm,0.045,0.045,um,SWEPT,SWEPT,,erm.reach,loguniform,declared_range_unverified,UNASSIGNED,declared_read_complement,0,"PI signature 2026-09-11 00:35 (Lead transcript 14373ea7; KB-2026-09-1x-erm-kon-reach §3, §6). A pairing filter on the node lattice, not a bond length: the native cortex has 4.59 M nodes in a 0.2 um shell (~0.031 um apart) with its edge at depth 0.018-0.020 um, so a membrane vertex's nearest cortex NODE is at median 0.034 um and the former 0.025 paired 8-11 % of vertices (RESULT-2026-09-10-fixed-build-first-row; Monte-Carlo erm_reach_coverage.json: 0.045 -> 92 %, 0.050 -> 98 %). Inside the molecule: ERM monomer span 10-50 nm, live membrane-cortex boundary gap <10 / <=20 nm (Clausen ... Fritzsche, Eggeling 2017 J Phys D 50:064002, 10.1088/1361-6463/aa52a1, STED on live Jurkat). Every pair RESTS at its built distance (bonds.attach; occupy_at_build a693ab1f) so no initial-load cap is needed — Bell at erm.k 4600 and x_beta 0.7 nm gives k_off(115 pN) ~ 2e8/s, a pair rested at r0 with 25 nm of stretch would die in one step. erm.r0 = 0.020 is the unstressed span. Replaces PI-GAP card E4",aleph/cell/spec.example.toml,726
erm.x_beta,erm,0.0007,0.0007,um,SOURCED,SOURCED,,erm.x_beta,lognormal,sourced_without_spread,UNASSIGNED,declared_read_complement,0,Braunger 2014 Bell barrier width 0.7 nm; f_char = kBT/x_beta,aleph/cell/spec.example.toml,720
fascin.k,fascin,1000.0,1000.0,pN/um,EXAMPLE,EXAMPLE,,fascin.k,target,target_without_band,UNASSIGNED,declared_read_complement,0,"fascin linker stiffness — UNKNOWN, PI-GAP (a target Aleph must find; the number is an initial point). not in KB source_audit — register before SOURCED",aleph/cell/spec.example.toml,1873
fascin.k_off0,fascin,0.1,0.1,1/s,EXAMPLE,EXAMPLE,,fascin.k_off0,target,target_without_band,UNASSIGNED,declared_read_complement,0,fascin unbinding ~0.1 /s ORDER OF MAGNITUDE (Aratyn 2007). PI-GAP. not in KB source_audit — register before SOURCED,aleph/cell/spec.example.toml,1867
fascin.k_on,fascin,1.0,1.0,1/s,EXAMPLE,EXAMPLE,,fascin.k_on,target,target_without_band,UNASSIGNED,declared_read_complement,0,fascin bundling k_on — PI-GAP (a target Aleph must find; the number is an initial point) (Aratyn 2007 turnover ~s). not in KB source_audit — register before SOURCED,aleph/cell/spec.example.toml,1861
fascin.length,fascin,0.0085,0.0085,um,EXAMPLE,EXAMPLE,,fascin.length,target,target_without_band,UNASSIGNED,declared_read_complement,0,"fascin-crosslinked inter-filament spacing 8.1-8.5 nm (Courson & Rock 2010 JBC 285:26350, the same source filopodium.spacing already cites) read as the crosslinker's centre-to-centre SPAN. EXAMPLE, not SOURCED: that paper measures a bundle spacing, not a molecular maximum extension, and no source in this corpus gives fascin a maximum span. The build checks this span against the reach the packing implies and REFUSES a bundle it cannot sit in (cell/bonds._bundle_crosslink). not in KB source_audit — register before SOURCED",aleph/cell/spec.example.toml,4155
fascin.sites_per_node,fascin,3.0,3.0,1,EXAMPLE,EXAMPLE,,fascin.sites_per_node,target,target_without_band,UNASSIGNED,declared_read_complement,0,"crosslinker slots one filopodial core node carries, each holding a DIFFERENT neighbour filament — PI-GAP (a target Aleph must find; the number is an initial point). The same rule and the same measurement as microvillus_bundler.sites_per_node, on the 8 nm fascin packing. not in KB source_audit — register before SOURCED",aleph/cell/spec.example.toml,4213
fascin.x_beta,fascin,0.0004,0.0004,um,EXAMPLE,EXAMPLE,,fascin.x_beta,target,target_without_band,UNASSIGNED,declared_read_complement,0,"fascin Bell length — UNKNOWN, PI-GAP (a target Aleph must find; the number is an initial point). Same initial point as filamin.x_beta, which is the only measured crosslinker Bell length in this file (Ferrer 2008); fascin's own load-dependent off-rate is unmeasured here. not in KB source_audit — register before SOURCED",aleph/cell/spec.example.toml,4161
fascin_filopodium.attach.f_char,fascin_filopodium,0.0,0.0,pN,EXAMPLE,EXAMPLE,,fascin_filopodium.attach.f_char,target,target_without_band,UNASSIGNED,declared_read_complement,0,C2 fascin_filopodium attach: the binder reads no f_char on this transition,aleph/cell/spec.example.toml,4335
fascin_filopodium.attach.rate,fascin_filopodium,,1.0,1/s,EXAMPLE,EXAMPLE,fascin.k_on,fascin.k_on,bound,bound_not_independent,UNASSIGNED,bound_alias,0,C2 fascin_filopodium attach: the binder reads fascin.k_on,aleph/cell/spec.example.toml,4323
fascin_filopodium.attach.rate_2,fascin_filopodium,0.0,0.0,1/s,EXAMPLE,EXAMPLE,,fascin_filopodium.attach.rate_2,target,target_without_band,UNASSIGNED,declared_read_complement,0,C2 fascin_filopodium attach: the binder reads no rate_2 on this transition,aleph/cell/spec.example.toml,4359
fascin_filopodium.attach.sign,fascin_filopodium,0.0,0.0,1,EXAMPLE,EXAMPLE,,fascin_filopodium.attach.sign,target,target_without_band,UNASSIGNED,declared_read_complement,0,C2 fascin_filopodium attach: the binder reads no sign on this transition,aleph/cell/spec.example.toml,4341
fascin_filopodium.attach.stroke_dir,fascin_filopodium,0.0,0.0,1,EXAMPLE,EXAMPLE,,fascin_filopodium.attach.stroke_dir,target,target_without_band,UNASSIGNED,declared_read_complement,0,C2 fascin_filopodium attach: the binder reads no stroke_dir on this transition,aleph/cell/spec.example.toml,4353
fascin_filopodium.attach.stroke_len,fascin_filopodium,0.0,0.0,um,EXAMPLE,EXAMPLE,,fascin_filopodium.attach.stroke_len,target,target_without_band,UNASSIGNED,declared_read_complement,0,C2 fascin_filopodium attach: the binder reads no stroke_len on this transition,aleph/cell/spec.example.toml,4347
fascin_filopodium.attach.x_beta,fascin_filopodium,0.0,0.0,um,EXAMPLE,EXAMPLE,,fascin_filopodium.attach.x_beta,target,target_without_band,UNASSIGNED,declared_read_complement,0,C2 fascin_filopodium attach: the binder reads no x_beta on this transition,aleph/cell/spec.example.toml,4329
fascin_filopodium.attach.x_beta_2,fascin_filopodium,0.0,0.0,um,EXAMPLE,EXAMPLE,,fascin_filopodium.attach.x_beta_2,target,target_without_band,UNASSIGNED,declared_read_complement,0,C2 fascin_filopodium attach: the binder reads no x_beta_2 on this transition,aleph/cell/spec.example.toml,4365
fascin_filopodium.detach.f_char,fascin_filopodium,0.0,0.0,pN,EXAMPLE,EXAMPLE,,fascin_filopodium.detach.f_char,target,target_without_band,UNASSIGNED,declared_read_complement,0,C2 fascin_filopodium detach: the binder reads no f_char on this transition,aleph/cell/spec.example.toml,4383
fascin_filopodium.detach.rate,fascin_filopodium,,0.1,1/s,EXAMPLE,EXAMPLE,fascin.k_off0,fascin.k_off0,bound,bound_not_independent,UNASSIGNED,bound_alias,0,C2 fascin_filopodium detach: the binder reads fascin.k_off0,aleph/cell/spec.example.toml,4371
fascin_filopodium.detach.rate_2,fascin_filopodium,0.0,0.0,1/s,EXAMPLE,EXAMPLE,,fascin_filopodium.detach.rate_2,target,target_without_band,UNASSIGNED,declared_read_complement,0,C2 fascin_filopodium detach: the binder reads no rate_2 on this transition,aleph/cell/spec.example.toml,4407
fascin_filopodium.detach.sign,fascin_filopodium,1.0,1.0,1,EXAMPLE,EXAMPLE,,fascin_filopodium.detach.sign,target,target_without_band,UNASSIGNED,declared_read_complement,0,C2 fascin_filopodium detach: Bell SLIP — load shortens the lifetime (+1),aleph/cell/spec.example.toml,4389
fascin_filopodium.detach.stroke_dir,fascin_filopodium,0.0,0.0,1,EXAMPLE,EXAMPLE,,fascin_filopodium.detach.stroke_dir,target,target_without_band,UNASSIGNED,declared_read_complement,0,C2 fascin_filopodium detach: the binder reads no stroke_dir on this transition,aleph/cell/spec.example.toml,4401
fascin_filopodium.detach.stroke_len,fascin_filopodium,0.0,0.0,um,EXAMPLE,EXAMPLE,,fascin_filopodium.detach.stroke_len,target,target_without_band,UNASSIGNED,declared_read_complement,0,C2 fascin_filopodium detach: the binder reads no stroke_len on this transition,aleph/cell/spec.example.toml,4395
fascin_filopodium.detach.x_beta,fascin_filopodium,,0.0004,um,EXAMPLE,EXAMPLE,fascin.x_beta,fascin.x_beta,bound,bound_not_independent,UNASSIGNED,bound_alias,0,C2 fascin_filopodium detach: the binder reads fascin.x_beta,aleph/cell/spec.example.toml,4377
fascin_filopodium.detach.x_beta_2,fascin_filopodium,0.0,0.0,um,EXAMPLE,EXAMPLE,,fascin_filopodium.detach.x_beta_2,target,target_without_band,UNASSIGNED,declared_read_complement,0,C2 fascin_filopodium detach: the binder reads no x_beta_2 on this transition,aleph/cell/spec.example.toml,4413
filamin.arm_reach,filamin,0.1,0.1,um,EXAMPLE,EXAMPLE,,filamin.arm_reach,target,declared_band_unverified,PER_STATE,declared_read_complement,0,"EXAMPLE per-arm capture distance, separate from 80 nm arm rest length.",aleph/cell/spec.example.toml,2991
filamin.attach.f_char,filamin,0.0,0.0,pN,EXAMPLE,EXAMPLE,,filamin.attach.f_char,target,target_without_band,UNASSIGNED,declared_read_complement,0,C2 filamin 0->1: 0 = force scale comes from x_beta (kBT/x_beta) or none,aleph/cell/spec.example.toml,2795
filamin.attach.rate,filamin,,1.0,1/s,EXAMPLE,EXAMPLE,filamin.k_on,filamin.k_on,bound,bound_not_independent,UNASSIGNED,bound_alias,0,C2 filamin 0->1: zero-load rate; binder reads filamin.k_on.,aleph/cell/spec.example.toml,2783
filamin.attach.rate_2,filamin,0.0,0.0,1/s,EXAMPLE,EXAMPLE,,filamin.attach.rate_2,target,target_without_band,UNASSIGNED,declared_read_complement,0,C2 filamin 0->1: second-exponential rate (catch-slip); 0 = single exponential. NONZERO IS REFUSED until cell/bonds.py expresses two exponentials on one transition,aleph/cell/spec.example.toml,2819
filamin.attach.sign,filamin,0.0,0.0,1,EXAMPLE,EXAMPLE,,filamin.attach.sign,target,target_without_band,UNASSIGNED,declared_read_complement,0,"C2 filamin 0->1: +1 tension accelerates (slip), -1 tension slows (stall/catch)",aleph/cell/spec.example.toml,2801
filamin.attach.stroke_dir,filamin,0.0,0.0,1,EXAMPLE,EXAMPLE,,filamin.attach.stroke_dir,target,target_without_band,UNASSIGNED,declared_read_complement,0,C2 filamin 0->1: sign of the rest-length shift (-1 = shortening power stroke),aleph/cell/spec.example.toml,2813
filamin.attach.stroke_len,filamin,0.0,0.0,um,EXAMPLE,EXAMPLE,,filamin.attach.stroke_len,target,target_without_band,UNASSIGNED,declared_read_complement,0,C2 filamin 0->1: no rest-length shift,aleph/cell/spec.example.toml,2807
filamin.attach.x_beta,filamin,0.0,0.0,um,EXAMPLE,EXAMPLE,,filamin.attach.x_beta,target,target_without_band,UNASSIGNED,declared_read_complement,0,C2 filamin 0->1: 0 = no Bell length on this transition,aleph/cell/spec.example.toml,2789
filamin.attach.x_beta_2,filamin,0.0,0.0,um,EXAMPLE,EXAMPLE,,filamin.attach.x_beta_2,target,target_without_band,UNASSIGNED,declared_read_complement,0,C2 filamin 0->1: second-exponential Bell length (catch-slip); 0 = none,aleph/cell/spec.example.toml,2825
filamin.catch.f_char,filamin,0.0,0.0,pN,EXAMPLE,EXAMPLE,,filamin.catch.f_char,target,target_without_band,UNASSIGNED,declared_read_complement,0,C2 filamin 1->2: 0 = the force scale comes from x_beta (kBT/x_beta),aleph/cell/spec.example.toml,2909
filamin.catch.rate,filamin,,0.1,1/s,EXAMPLE,EXAMPLE,filamin.k_catch0,filamin.k_catch0,bound,bound_not_independent,UNASSIGNED,bound_alias,0,"C2 filamin 1->2 (CATCH branch, load SLOWS it): binder reads filamin.k_catch0",aleph/cell/spec.example.toml,2897
filamin.catch.rate_2,filamin,0.0,0.0,1/s,EXAMPLE,EXAMPLE,,filamin.catch.rate_2,target,target_without_band,UNASSIGNED,declared_read_complement,0,"C2 filamin 1->2: second-exponential rate; 0 — the second branch is the SEPARATE 1->2 edge, not a second term on 1->0",aleph/cell/spec.example.toml,2933
filamin.catch.sign,filamin,0.0,0.0,1,EXAMPLE,EXAMPLE,,filamin.catch.sign,target,target_without_band,UNASSIGNED,declared_read_complement,0,"C2 filamin 1->2: -1 would be the declaration, but the SIGN lives in the kind (force_sign = -1) as it does for every other transition; 0 here means no separate force scale row",aleph/cell/spec.example.toml,2915
filamin.catch.stroke_dir,filamin,0.0,0.0,1,EXAMPLE,EXAMPLE,,filamin.catch.stroke_dir,target,target_without_band,UNASSIGNED,declared_read_complement,0,C2 filamin 1->2: no stroke on this transition,aleph/cell/spec.example.toml,2927
filamin.catch.stroke_len,filamin,0.0,0.0,um,EXAMPLE,EXAMPLE,,filamin.catch.stroke_len,target,target_without_band,UNASSIGNED,declared_read_complement,0,C2 filamin 1->2: no rest-length shift,aleph/cell/spec.example.toml,2921
filamin.catch.x_beta,filamin,,0.0008,um,EXAMPLE,EXAMPLE,filamin.x_catch,filamin.x_catch,bound,bound_not_independent,UNASSIGNED,bound_alias,0,"C2 filamin 1->2 (CATCH branch, load SLOWS it): binder reads filamin.x_catch",aleph/cell/spec.example.toml,2903
filamin.catch.x_beta_2,filamin,0.0,0.0,um,EXAMPLE,EXAMPLE,,filamin.catch.x_beta_2,target,target_without_band,UNASSIGNED,declared_read_complement,0,"C2 filamin 1->2: second-exponential Bell length; 0, same reason",aleph/cell/spec.example.toml,2939
filamin.conc,filamin,1.0,1.0,uM,EXAMPLE,EXAMPLE,,filamin.conc,target,target_without_band,UNASSIGNED,declared_read_complement,0,filamin A ~1 uM; PI-GAP. not in KB source_audit — register before SOURCED,aleph/cell/spec.example.toml,1825
filamin.detach.f_char,filamin,0.0,0.0,pN,EXAMPLE,EXAMPLE,,filamin.detach.f_char,target,target_without_band,UNASSIGNED,declared_read_complement,0,C2 filamin 1->0: 0 = force scale comes from x_beta (kBT/x_beta) or none,aleph/cell/spec.example.toml,2843
filamin.detach.rate,filamin,,0.087,1/s,EXAMPLE,EXAMPLE,filamin.k_off0,filamin.k_off0,bound,bound_not_independent,UNASSIGNED,bound_alias,0,C2 filamin 1->0: zero-load rate; binder reads filamin.k_off0.,aleph/cell/spec.example.toml,2831
filamin.detach.rate_2,filamin,0.0,0.0,1/s,EXAMPLE,EXAMPLE,,filamin.detach.rate_2,target,target_without_band,UNASSIGNED,declared_read_complement,0,C2 filamin 1->0: second-exponential rate (catch-slip); 0 = single exponential. NONZERO IS REFUSED until cell/bonds.py expresses two exponentials on one transition,aleph/cell/spec.example.toml,2867
filamin.detach.sign,filamin,0.0,0.0,1,EXAMPLE,EXAMPLE,,filamin.detach.sign,target,target_without_band,UNASSIGNED,declared_read_complement,0,"C2 filamin 1->0: +1 tension accelerates (slip), -1 tension slows (stall/catch)",aleph/cell/spec.example.toml,2849
filamin.detach.stroke_dir,filamin,0.0,0.0,1,EXAMPLE,EXAMPLE,,filamin.detach.stroke_dir,target,target_without_band,UNASSIGNED,declared_read_complement,0,C2 filamin 1->0: sign of the rest-length shift (-1 = shortening power stroke),aleph/cell/spec.example.toml,2861
filamin.detach.stroke_len,filamin,0.0,0.0,um,EXAMPLE,EXAMPLE,,filamin.detach.stroke_len,target,target_without_band,UNASSIGNED,declared_read_complement,0,C2 filamin 1->0: no rest-length shift,aleph/cell/spec.example.toml,2855
filamin.detach.x_beta,filamin,,0.0004,um,EXAMPLE,EXAMPLE,filamin.x_beta,filamin.x_beta,bound,bound_not_independent,UNASSIGNED,bound_alias,0,C2 filamin 1->0: Bell length; binder reads filamin.x_beta.,aleph/cell/spec.example.toml,2837
filamin.detach.x_beta_2,filamin,0.0,0.0,um,EXAMPLE,EXAMPLE,,filamin.detach.x_beta_2,target,target_without_band,UNASSIGNED,declared_read_complement,0,C2 filamin 1->0: second-exponential Bell length (catch-slip); 0 = none,aleph/cell/spec.example.toml,2873
filamin.k,filamin,1000.0,1000.0,pN/um,EXAMPLE,EXAMPLE,,filamin.k,target,target_without_band,UNASSIGNED,declared_read_complement,1,"filamin linker stiffness — UNKNOWN (flexible hinge), PI-GAP (a target Aleph must find; the number is an initial point); a new crosslink-like kind needs it. not in KB source_audit — register before SOURCED",aleph/cell/spec.example.toml,1837
filamin.k_catch0,filamin,0.1,0.1,1/s,EXAMPLE,EXAMPLE,,filamin.k_catch0,target,target_without_band,UNASSIGNED,declared_read_complement,1,"Pereverzev two-pathway catch branch zero-load rate for filamin/F-actin (KU-3.19), as recorded in this repo at aleph/laws/hand_kmc.py FILAMIN.cs_k_catch0 = 0.1. Used AS-RECORDED, no tuning. The companion slip branch in that card is cs_k_slip0 = 0.02 /s with cs_x_slip = 0.3 nm; this wiring keeps the Ferrer 2008 slip rows already in the file (filamin.k_off0 = 0.087 /s, filamin.x_beta = 0.4 nm) as the slip branch and takes only the catch branch from the Pereverzev card — the two cards are not one fit, and mixing them is declared here rather than hidden. not in KB source_audit — register before SOURCED",aleph/cell/spec.example.toml,2885
filamin.k_off0,filamin,0.087,0.087,1/s,EXAMPLE,EXAMPLE,,filamin.k_off0,target,target_without_band,UNASSIGNED,declared_read_complement,1,Ferrer 2008 PNAS measured filamin unbinding beside alpha-actinin; VERIFY the value against the KB SE before use. not in KB source_audit — register before SOURCED,aleph/cell/spec.example.toml,1849
filamin.k_on,filamin,1.0,1.0,1/s,EXAMPLE,EXAMPLE,,filamin.k_on,target,target_without_band,UNASSIGNED,declared_read_complement,2,filamin binding — PI-GAP (a target Aleph must find; the number is an initial point). not in KB source_audit — register before SOURCED,aleph/cell/spec.example.toml,1843
filamin.length,filamin,0.16,0.16,um,EXAMPLE,EXAMPLE,,filamin.length,target,target_without_band,UNASSIGNED,declared_read_complement,1,filamin A dimer ~160 nm (Nakamura 2011). not in KB source_audit — register before SOURCED,aleph/cell/spec.example.toml,1831
filamin.molecular_weight,filamin,560000,560000,Da,EXAMPLE,EXAMPLE,,filamin.molecular_weight,target,declared_band_unverified,PER_CELL_LINE,declared_read_complement,0,"Two approximately 280 kDa FLNa monomers; molecular-weight transfer example, not audited SOURCED.",aleph/cell/spec.example.toml,2977
filamin.radius,filamin,0.008,0.008,um,EXAMPLE,EXAMPLE,,filamin.radius,target,declared_band_unverified,PER_STATE,declared_read_complement,0,"Hydrated effective protein owner radius, distinct from 160 nm whole-dimer axial span; EXAMPLE geometry.",aleph/cell/spec.example.toml,2984
filamin.reach,filamin,0.16,0.16,um,EXAMPLE,EXAMPLE,,filamin.reach,target,target_without_band,UNASSIGNED,declared_read_complement,1,"WHOLE-LINK capture radius of the two-arm filamin dimer. codex/bio-wiring-20260915 declares filamin.arm_reach = 0.1 um per arm (range 0.04-0.16, EXAMPLE, explicit exploration assumption, not a measurement); this owner-node kind carries one whole link, so its reach is the rod's own span filamin.length = 0.16 um, inside 2 x arm_reach. NOT the 60 nm alpha-actinin card (laws/hand_kmc): at 60 nm, under 0.5 %% of the built slots find any partner at all (coarse cell, 2026-09-21). not in KB source_audit — register before SOURCED",aleph/cell/spec.example.toml,2776
filamin.x_beta,filamin,0.0004,0.0004,um,EXAMPLE,EXAMPLE,,filamin.x_beta,target,target_without_band,UNASSIGNED,declared_read_complement,1,"filamin Bell length — VERIFY (Ferrer 2008); the catch-slip form (Rognoni 2012, Ig20) is rate_2/x_beta_2 on the kind's transition table. not in KB source_audit — register before SOURCED",aleph/cell/spec.example.toml,1855
filamin.x_catch,filamin,0.0008,0.0008,um,EXAMPLE,EXAMPLE,,filamin.x_catch,target,target_without_band,UNASSIGNED,declared_read_complement,1,"Pereverzev catch-branch distance for filamin/F-actin (KU-3.19), as recorded at aleph/laws/hand_kmc.py FILAMIN.cs_x_catch_um = 0.8e-3. With the rows beside it the lifetime peaks at f* = kT*ln(k_c x_c / k_s x_s)/(x_c + x_s) ~ 3 pN. not in KB source_audit — register before SOURCED",aleph/cell/spec.example.toml,2891
filopodium.cap_angle,filopodium,60.0,60.0,deg,EXAMPLE,EXAMPLE,,filopodium.cap_angle,target,target_without_band,UNASSIGNED,declared_read_complement,1,half-angle of the cap the fingers spread over (polarisation state),aleph/cell/spec.example.toml,540
filopodium.contour,filopodium,3.0,3.0,um,EXAMPLE,EXAMPLE,,filopodium.contour,target,target_without_band,UNASSIGNED,declared_read_complement,2,architecture_spec bundle length,aleph/cell/spec.example.toml,522
filopodium.count,filopodium,0,0,1,SWEPT,SWEPT,,filopodium.count,uniform,declared_range_unverified,UNASSIGNED,declared_read_complement,3,"SUSPENDED BASELINE = 0: PI decision 2026-09-07 21:49 (transcript 0185ec79, opus-driver) — adhesion-dependent family, and the built world has NO adhesion population (no clutch/integrin/FA/ECM/substrate nodes), so it stood without its cause; applied to the spec on PI go 2026-09-11 02:32 'ㄱㄱ' (lane-scopes transcript cdec934c, step 1 (b) option 1). Physiology: a filopodium (bundle rooted in the lamellipodium) needs an adhesive substrate (Tinevez 2009 PNAS suspended L929: rounded cell, cortex + blebs only; micropipette aspiration measures this state). Band upper end = the former adherent value (50; absent from the KB entirely); the adherent cell is option 1 of the same decision, deferred until an adhesion population is built. Removes 61000 nodes from the native census.",aleph/cell/spec.example.toml,509
filopodium.filaments,filopodium,20,20,1,EXAMPLE,EXAMPLE,,filopodium.filaments,target,target_without_band,UNASSIGNED,declared_read_complement,1,"architecture_spec.FILOPODIUM band 10-30, fascin PI-gated",aleph/cell/spec.example.toml,516
filopodium.seg,filopodium,,0.05,um,EXAMPLE,SWEPT,cortex.seg,resolution.spacing,bound,bound_not_independent,UNASSIGNED,bound_alias,1,"C1 binding: the file said 'cortex step reused' — a value equal to another's is a binding, never a copy. Un-bind = give this population its own segment length",aleph/cell/spec.example.toml,528
filopodium.spacing,filopodium,0.008,0.008,um,SOURCED,SOURCED,,filopodium.spacing,lognormal,sourced_without_spread,UNASSIGNED,declared_read_complement,1,"fascin inter-filament spacing ~8 nm, Courson & Rock 2010 JBC 285:26350 (10.1074/jbc.M110.123117) — sourced but NOT registered in source_audit",aleph/cell/spec.example.toml,534
filopodium.tip_clearance,filopodium,0.25,0.25,um,EXAMPLE,EXAMPLE,,filopodium.tip_clearance,target,target_without_band,UNASSIGNED,declared_read_complement,1,world/geometry: tip rooted a clearance short of the membrane,aleph/cell/spec.example.toml,546
fluid.box_cells,fluid,0,0,1,EXAMPLE,EXAMPLE,,fluid.box_cells,target,target_without_band,UNASSIGNED,declared_read_complement,1,"numerical: the fluid box's cell count per side stated outright (cell/assemble.grid_box); 0 = derive the box from fluid.padding. For a series that must place the wall at a chosen distance with a chosen multigrid depth (CALIBRATION-2026-09-20): refused if odd, if not a multiple of fluid.cells_multiple, or if the box does not hold max|x| + fluid.padding, which then acts as a floor",aleph/cell/spec.example.toml,857
fluid.cells_multiple,fluid,1,1,1,EXAMPLE,EXAMPLE,,fluid.cells_multiple,target,target_without_band,UNASSIGNED,declared_read_complement,1,"numerical, not biological: cell/assemble.grid_box rounds the fluid box's cell count per side UP to a multiple of this, SYMMETRICALLY. The staggered device grid already rounds to 16 by itself (physics.fluid_mac.MacGrid) but puts the extra cells on the + side only, so the built box is off-centre (row-1 native: 362 asked, 368 built, + walls 0.30 um farther) and is not the box the tables record; 16 here makes the device's rounding a no-op. It buys NO multigrid depth — a first version of this row claimed the native grid had two levels; it has five (368 = 16 x 23), and that claim is withdrawn (2026-09-21). 1 = the box as it always was",aleph/cell/spec.example.toml,851
fluid.cytosol_water_fraction,fluid,0.7,0.7,1,EXAMPLE,EXAMPLE,,fluid.cytosol_water_fraction,target,target_without_band,UNASSIGNED,declared_read_complement,6,cytosol ~70% water by volume (Milo & Phillips). not in KB source_audit — register before SOURCED,aleph/cell/spec.example.toml,2227
fluid.density,fluid,1.0,1.0,pg/um^3,SOURCED,SOURCED,,fluid.density,lognormal,sourced_without_spread,UNASSIGNED,declared_read_complement,2,water density 1 g/cm^3 = 1 pg/um^3 (physical constant),aleph/cell/spec.example.toml,2221
fluid.dx,fluid,,0.05,um,EXAMPLE,SWEPT,resolution.spacing,resolution.spacing,bound,bound_not_independent,UNASSIGNED,bound_alias,8,"PI 2026-08-28: 0.05 um default, swept over {0.05, 0.1, 0.25}; matched to the membrane marker spacing. Bound to resolution.spacing (the sweep lives there) so the grid cell can never differ from the node spacing (directive 6). assemble._adapt still reads this key",aleph/cell/spec.example.toml,839
fluid.eta_solvent,fluid,0.000692,0.000692,pN.s/um^2,SOURCED,SOURCED,,fluid.eta_solvent,lognormal,sourced_without_spread,UNASSIGNED,declared_read_complement,6,"water at 37 C, 0.692 mPa.s (CRC Handbook; 1.002 is the 20 C value, which stood here as 'water at 37 C' until 2026-09-21). One fluid grid serves inside and outside the cell, so this is water at the stage temperature; composite cytoplasm viscosity is an OUTPUT (directive 9). laws/units.ETA_SOLVENT still holds the old literal. PARAMETERS-2026-09-21",aleph/cell/spec.example.toml,833
fluid.nucleoplasm_water_fraction,fluid,,0.7,1,EXAMPLE,EXAMPLE,fluid.cytosol_water_fraction,fluid.cytosol_water_fraction,bound,bound_not_independent,UNASSIGNED,bound_alias,1,"envelope-pores lane (2026-09-21): the nucleoplasm's water fraction, bound to the cytosol's because no measurement here separates them. It is a SEPARATE row rather than a reuse so that a nucleoplasm measurement can unbind it without touching the cytosol.",aleph/cell/spec.example.toml,2233
fluid.padding,fluid,0.375,0.375,um,EXAMPLE,EXAMPLE,,fluid.padding,target,target_without_band,UNASSIGNED,declared_read_complement,1,"box half-width = R_cell + padding = 7.875 um -> 15.75 um box, 315^3 cells at dx 0.05 (plan §4)",aleph/cell/spec.example.toml,869
fluid.slip_length_envelope,fluid,,0.0,um,EXAMPLE,EXAMPLE,fluid.slip_length_membrane,fluid.slip_length_membrane,bound,bound_not_independent,UNASSIGNED,bound_alias,1,"the nuclear envelope is the same bilayer as the plasma membrane; bound to fluid.slip_length_membrane so the two sheets cannot differ by an unstated number. 0 there selects the exact tangent rows on both, which is why osmotic.water_permeation = 1 needs fluid_coupling='saddle'.",aleph/cell/spec.example.toml,2337
fluid.slip_length_membrane,fluid,0.0,0.0,um,EXAMPLE,EXAMPLE,,fluid.slip_length_membrane,target,target_without_band,UNASSIGNED,declared_read_complement,1,no-slip at the bilayer (0); a nonzero slip length is a modelling decision. not in KB source_audit — register before SOURCED,aleph/cell/spec.example.toml,2239
fluid.spacing_factor,fluid,2.0,2.0,1,EXAMPLE,EXAMPLE,,fluid.spacing_factor,target,target_without_band,UNASSIGNED,declared_read_complement,2,"directive 6 as a BAND: the fluid grid cell dx must lie within this factor of every closed surface's measured node spacing (fluid.check_spacing at build, 2026-09-06, lane opus-fsi item 5; wired in cell/assemble.py). 2.0 = within a factor of two of the ≈; the PI confirms or sweeps it",aleph/cell/spec.example.toml,845
fluid.staggered,fluid,0,0,1,EXAMPLE,EXAMPLE,,fluid.staggered,target,target_without_band,UNASSIGNED,declared_read_complement,2,"which pressure discretisation the cell's grid IS: 0 = collocated StokesGrid (fluid.py), 1 = staggered MacGrid (fluid_mac.py, lane opus-fluid f6a94d1e). The step dispatches on the GRID TYPE (integrate._fluid_module, opus-fsi), never on a flag beside it, so this row is read ONCE at build (cell/assemble.py). 0 until the K3ke two-solver row (RESULT-2026-09-06-fluid-pressure-cost-table §4c) has run once on a card",aleph/cell/spec.example.toml,863
footprint.clearance,footprint,0.85,0.85,1,EXAMPLE,EXAMPLE,,footprint.clearance,target,target_without_band,UNASSIGNED,declared_read_complement,1,inscribed-square clearance keeping basal structures inside the membrane (world/geometry),aleph/cell/spec.example.toml,680
footprint.z_basal,footprint,-7.0,-7.0,um,EXAMPLE,EXAMPLE,,footprint.z_basal,target,target_without_band,UNASSIGNED,declared_read_complement,1,"basal plane; a sphere in contact, not a spread cell (SPHERE_CANNOT_BE_ADHERENT_2026-08-21)",aleph/cell/spec.example.toml,674
formin.areal_density,formin,1.0,1.0,1/um^2,EXAMPLE,EXAMPLE,,formin.areal_density,target,target_without_band,UNASSIGNED,declared_read_complement,1,"cortical formin nucleator density — UNKNOWN, PI-GAP (a target Aleph must find; the number is an initial point). not in KB source_audit — register before SOURCED",aleph/cell/spec.example.toml,1806
formin.capped_k_off,formin,0.00634,0.00634,1/s,EXAMPLE,EXAMPLE,,formin.capped_k_off,target,target_without_band,UNASSIGNED,declared_read_complement,1,"Shekhar2015 Figure2 doi:10.1038/ncomms9730; formin release from ternary end, distinct from signed free-end row",aleph/cell/spec.example.toml,2750
formin.capped_k_on,formin,1.6,1.6,1/(uM.s),EXAMPLE,EXAMPLE,,formin.capped_k_on,target,target_without_band,UNASSIGNED,declared_read_complement,1,Shekhar2015 Table1 doi:10.1038/ncomms9730; association to CP-bound end,aleph/cell/spec.example.toml,2756
formin.elongation_factor,formin,3.0,3.0,1,EXAMPLE,EXAMPLE,,formin.elongation_factor,target,target_without_band,UNASSIGNED,declared_read_complement,1,profilin-actin elongation acceleration by formin ~2-5x (Kovar 2006 mDia1). PI-GAP. not in KB source_audit — register before SOURCED,aleph/cell/spec.example.toml,1794
formin.k_off,formin,0.0002,0.0002,1/s,EXAMPLE,EXAMPLE,,formin.k_off,target,target_without_band,UNASSIGNED,declared_read_complement,2,processive formin dissociation ~1e-4 /s (Kovar 2006). PI-GAP. not in KB source_audit — register before SOURCED,aleph/cell/spec.example.toml,1800
formin.k_on,formin,29.1,29.1,1/(uM.s),EXAMPLE,EXAMPLE,,formin.k_on,target,target_without_band,UNASSIGNED,declared_read_complement,2,Shekhar2015 Table1 doi:10.1038/ncomms9730; mDia1 assay transfer,aleph/cell/spec.example.toml,2762
if.gap,if,0.15,0.15,um,EXAMPLE,EXAMPLE,,if.gap,target,target_without_band,UNASSIGNED,declared_read_complement,2,clearance at both spoke ends; incumbent convenience,aleph/cell/spec.example.toml,661
if.max_strain,if,2.5,2.5,1,EXAMPLE,EXAMPLE,,if.max_strain,target,target_without_band,UNASSIGNED,declared_read_complement,0,single IFs extend to ~250% before failure (Kreplak 2005). not in KB source_audit — register before SOURCED,aleph/cell/spec.example.toml,2519
if.mesh,if,0.4,0.4,um,EXAMPLE,EXAMPLE,,if.mesh,target,target_without_band,UNASSIGNED,declared_read_complement,2,"D3 DECIDED — PI 2026-08-29 00:34 KST: spoke count = 4 pi r_mid^2 / mesh^2 (density x geometry; r_mid = mid-span radius), replacing the typed 60. keratin 8/18 in-vitro 1 mg/ml mesh ~400 nm 'comparable to the extracted cytoskeleton' (Comparison of nanomechanical properties of in vivo and in vitro keratin 8/18 networks, clipped, NOT in source_audit); alternative KB-DRAFT-3.B-06 cage ~7,600 filaments (draft, evidence empty). MCF7 value: KB-GAP",aleph/cell/spec.example.toml,655
if.seg,if,,0.05,um,EXAMPLE,SWEPT,cortex.seg,resolution.spacing,bound,bound_not_independent,UNASSIGNED,bound_alias,1,"C1 binding: the file said 'cortex step reused' — a value equal to another's is a binding, never a copy. Un-bind = give this population its own segment length",aleph/cell/spec.example.toml,667
if.stiffening_onset_strain,if,0.5,0.5,1,EXAMPLE,EXAMPLE,,if.stiffening_onset_strain,target,target_without_band,UNASSIGNED,declared_read_complement,0,IF networks strain-stiffen beyond ~50% (Janmey 1991). not in KB source_audit — register before SOURCED,aleph/cell/spec.example.toml,2507
if.stiffening_ratio,if,1.0,1.0,1,EXAMPLE,EXAMPLE,,if.stiffening_ratio,target,target_without_band,UNASSIGNED,declared_read_complement,0,"the tangent-stiffness ratio at if.max_strain. 1.0 = LINEAR, the launch default: the engine's axial relation is unchanged until this row is swept. IF networks stiffen by roughly an order of magnitude over the same strain range (Janmey 1991) — that is the SWEEP range, not a value this file asserts. not in KB source_audit — register before SOURCED",aleph/cell/spec.example.toml,2513
if.turnover_rate,if,0.001,0.001,1/s,EXAMPLE,EXAMPLE,,if.turnover_rate,target,target_without_band,UNASSIGNED,declared_read_complement,0,"vimentin subunit exchange, minutes-hours; ORDER OF MAGNITUDE. PI-GAP. not in KB source_audit — register before SOURCED",aleph/cell/spec.example.toml,2501
integrin.areal_density,integrin,300.0,300.0,1/um^2,EXAMPLE,EXAMPLE,,integrin.areal_density,target,declared_band_unverified,UNASSIGNED,declared_absent_in_specimen,0,integrin surface density ~100-1000 /um^2. PI-GAP for MCF7. not in KB source_audit — register before SOURCED,aleph/cell/spec.example.toml,2526
kinesin.attach.f_char,kinesin,0.0,0.0,pN,EXAMPLE,EXAMPLE,,kinesin.attach.f_char,target,target_without_band,UNASSIGNED,declared_read_complement,0,C2 kinesin.attach: 0 = no direct force scale on this transition,aleph/cell/spec.example.toml,3076
kinesin.attach.rate,kinesin,,5.0,1/s,EXAMPLE,EXAMPLE,kinesin.k_on,kinesin.k_on,bound,bound_not_independent,UNASSIGNED,bound_alias,0,C2 kinesin 0->1: zero-load attachment; binder reads kinesin.k_on,aleph/cell/spec.example.toml,3064
kinesin.attach.rate_2,kinesin,0.0,0.0,1/s,EXAMPLE,EXAMPLE,,kinesin.attach.rate_2,target,target_without_band,UNASSIGNED,declared_read_complement,0,C2 kinesin.attach: second-exponential rate (catch-slip); 0 = single exponential. NONZERO IS REFUSED until cell/bonds.py expresses two exponentials on one transition,aleph/cell/spec.example.toml,3100
kinesin.attach.sign,kinesin,0,0,1,EXAMPLE,EXAMPLE,,kinesin.attach.sign,target,target_without_band,UNASSIGNED,declared_read_complement,0,C2 kinesin 0->1: a free motor feels no bond load,aleph/cell/spec.example.toml,3082
kinesin.attach.stroke_dir,kinesin,0,0,1,EXAMPLE,EXAMPLE,,kinesin.attach.stroke_dir,target,target_without_band,UNASSIGNED,declared_read_complement,0,C2 kinesin.attach: 0 = no stroke on this transition,aleph/cell/spec.example.toml,3094
kinesin.attach.stroke_len,kinesin,0.0,0.0,um,EXAMPLE,EXAMPLE,,kinesin.attach.stroke_len,target,target_without_band,UNASSIGNED,declared_read_complement,0,C2 kinesin.attach: 0 = this transition shifts no rest length,aleph/cell/spec.example.toml,3088
kinesin.attach.x_beta,kinesin,0.0,0.0,um,EXAMPLE,EXAMPLE,,kinesin.attach.x_beta,target,target_without_band,UNASSIGNED,declared_read_complement,0,C2 kinesin.attach: 0 = no Bell length on this transition (the force scale is f_char),aleph/cell/spec.example.toml,3070
kinesin.attach.x_beta_2,kinesin,0.0,0.0,um,EXAMPLE,EXAMPLE,,kinesin.attach.x_beta_2,target,target_without_band,UNASSIGNED,declared_read_complement,0,C2 kinesin.attach: second-exponential Bell length (catch-slip); 0 = none,aleph/cell/spec.example.toml,3106
kinesin.count,kinesin,1000,1000,1,EXAMPLE,EXAMPLE,,kinesin.count,target,target_without_band,UNASSIGNED,declared_read_complement,0,"active kinesin motors on the MT array — UNKNOWN, PI-GAP (a target Aleph must find; the number is an initial point); a new bond kind (MT partner range). not in KB source_audit — register before SOURCED",aleph/cell/spec.example.toml,2416
kinesin.detach_primed.f_char,kinesin,,6.0,pN,EXAMPLE,EXAMPLE,kinesin.stall_force,kinesin.stall_force,bound,bound_not_independent,UNASSIGNED,bound_alias,0,C2 kinesin 1->0: direct force scale; binder reads kinesin.stall_force,aleph/cell/spec.example.toml,3220
kinesin.detach_primed.rate,kinesin,,1.0,1/s,EXAMPLE,EXAMPLE,kinesin.k_off0,kinesin.k_off0,bound,bound_not_independent,UNASSIGNED,bound_alias,0,C2 kinesin 1->0: zero-load detachment; binder reads kinesin.k_off0,aleph/cell/spec.example.toml,3208
kinesin.detach_primed.rate_2,kinesin,0.0,0.0,1/s,EXAMPLE,EXAMPLE,,kinesin.detach_primed.rate_2,target,target_without_band,UNASSIGNED,declared_read_complement,0,C2 kinesin.detach_primed: second-exponential rate (catch-slip); 0 = single exponential. NONZERO IS REFUSED until cell/bonds.py expresses two exponentials on one transition,aleph/cell/spec.example.toml,3244
kinesin.detach_primed.sign,kinesin,1,1,1,EXAMPLE,EXAMPLE,,kinesin.detach_primed.sign,target,target_without_band,UNASSIGNED,declared_read_complement,0,"C2 kinesin 1->0: +1, tension ACCELERATES detachment (Bell slip)",aleph/cell/spec.example.toml,3226
kinesin.detach_primed.stroke_dir,kinesin,0,0,1,EXAMPLE,EXAMPLE,,kinesin.detach_primed.stroke_dir,target,target_without_band,UNASSIGNED,declared_read_complement,0,C2 kinesin.detach_primed: 0 = no stroke on this transition,aleph/cell/spec.example.toml,3238
kinesin.detach_primed.stroke_len,kinesin,0.0,0.0,um,EXAMPLE,EXAMPLE,,kinesin.detach_primed.stroke_len,target,target_without_band,UNASSIGNED,declared_read_complement,0,C2 kinesin.detach_primed: 0 = this transition shifts no rest length,aleph/cell/spec.example.toml,3232
kinesin.detach_primed.x_beta,kinesin,0.0,0.0,um,EXAMPLE,EXAMPLE,,kinesin.detach_primed.x_beta,target,target_without_band,UNASSIGNED,declared_read_complement,0,C2 kinesin.detach_primed: 0 = no Bell length on this transition (the force scale is f_char),aleph/cell/spec.example.toml,3214
kinesin.detach_primed.x_beta_2,kinesin,0.0,0.0,um,EXAMPLE,EXAMPLE,,kinesin.detach_primed.x_beta_2,target,target_without_band,UNASSIGNED,declared_read_complement,0,C2 kinesin.detach_primed: second-exponential Bell length (catch-slip); 0 = none,aleph/cell/spec.example.toml,3250
kinesin.detach_stepped.f_char,kinesin,,6.0,pN,EXAMPLE,EXAMPLE,kinesin.stall_force,kinesin.stall_force,bound,bound_not_independent,UNASSIGNED,bound_alias,0,C2 kinesin 2->0: direct force scale; binder reads kinesin.stall_force,aleph/cell/spec.example.toml,3268
kinesin.detach_stepped.rate,kinesin,,1.0,1/s,EXAMPLE,EXAMPLE,kinesin.k_off0,kinesin.k_off0,bound,bound_not_independent,UNASSIGNED,bound_alias,0,C2 kinesin 2->0: zero-load detachment; binder reads kinesin.k_off0,aleph/cell/spec.example.toml,3256
kinesin.detach_stepped.rate_2,kinesin,0.0,0.0,1/s,EXAMPLE,EXAMPLE,,kinesin.detach_stepped.rate_2,target,target_without_band,UNASSIGNED,declared_read_complement,0,C2 kinesin.detach_stepped: second-exponential rate (catch-slip); 0 = single exponential. NONZERO IS REFUSED until cell/bonds.py expresses two exponentials on one transition,aleph/cell/spec.example.toml,3292
kinesin.detach_stepped.sign,kinesin,1,1,1,EXAMPLE,EXAMPLE,,kinesin.detach_stepped.sign,target,target_without_band,UNASSIGNED,declared_read_complement,0,"C2 kinesin 2->0: +1, tension ACCELERATES detachment (Bell slip)",aleph/cell/spec.example.toml,3274
kinesin.detach_stepped.stroke_dir,kinesin,0,0,1,EXAMPLE,EXAMPLE,,kinesin.detach_stepped.stroke_dir,target,target_without_band,UNASSIGNED,declared_read_complement,0,C2 kinesin.detach_stepped: 0 = no stroke on this transition,aleph/cell/spec.example.toml,3286
kinesin.detach_stepped.stroke_len,kinesin,0.0,0.0,um,EXAMPLE,EXAMPLE,,kinesin.detach_stepped.stroke_len,target,target_without_band,UNASSIGNED,declared_read_complement,0,C2 kinesin.detach_stepped: 0 = this transition shifts no rest length,aleph/cell/spec.example.toml,3280
kinesin.detach_stepped.x_beta,kinesin,0.0,0.0,um,EXAMPLE,EXAMPLE,,kinesin.detach_stepped.x_beta,target,target_without_band,UNASSIGNED,declared_read_complement,0,C2 kinesin.detach_stepped: 0 = no Bell length on this transition (the force scale is f_char),aleph/cell/spec.example.toml,3262
kinesin.detach_stepped.x_beta_2,kinesin,0.0,0.0,um,EXAMPLE,EXAMPLE,,kinesin.detach_stepped.x_beta_2,target,target_without_band,UNASSIGNED,declared_read_complement,0,C2 kinesin.detach_stepped: second-exponential Bell length (catch-slip); 0 = none,aleph/cell/spec.example.toml,3298
kinesin.k,kinesin,300.0,300.0,pN/um,EXAMPLE,EXAMPLE,,kinesin.k,target,target_without_band,UNASSIGNED,declared_read_complement,0,kinesin stalk stiffness ~0.3 pN/nm — PI-GAP (a target Aleph must find; the number is an initial point). not in KB source_audit — register before SOURCED,aleph/cell/spec.example.toml,2452
kinesin.k_off0,kinesin,1.0,1.0,1/s,EXAMPLE,EXAMPLE,,kinesin.k_off0,target,target_without_band,UNASSIGNED,declared_read_complement,0,kinesin detachment at zero load ~1 /s (Schnitzer 2000). PI-GAP. not in KB source_audit — register before SOURCED,aleph/cell/spec.example.toml,2446
kinesin.k_on,kinesin,5.0,5.0,1/s,EXAMPLE,EXAMPLE,,kinesin.k_on,target,target_without_band,UNASSIGNED,declared_read_complement,0,kinesin-1 attachment to a microtubule within reach — PI-GAP (a target Aleph must find; the number is an initial point). not in KB source_audit — register before SOURCED,aleph/cell/spec.example.toml,3040
kinesin.primed_fraction,kinesin,0.5,0.5,1,EXAMPLE,EXAMPLE,,kinesin.primed_fraction,target,target_without_band,UNASSIGNED,declared_read_complement,0,"EXAMPLE the share of one mechanical cycle the attached motor spends primed rather than stepped; 0.5 is the maximum-entropy split of ONE measured cycle time (velocity/spacing) over two substates, and no measurement here divides it. PI-GAP",aleph/cell/spec.example.toml,3572
kinesin.reach,kinesin,0.08,0.08,um,EXAMPLE,EXAMPLE,,kinesin.reach,target,target_without_band,UNASSIGNED,declared_read_complement,0,kinesin-1 is ~80 nm from head to cargo tail (Hirokawa 2009): the furthest partner node a free motor can bind. not in KB source_audit — register before SOURCED,aleph/cell/spec.example.toml,3046
kinesin.reprime.f_char,kinesin,0.0,0.0,pN,EXAMPLE,EXAMPLE,,kinesin.reprime.f_char,target,target_without_band,UNASSIGNED,declared_read_complement,0,C2 kinesin.reprime: 0 = no direct force scale on this transition,aleph/cell/spec.example.toml,3172
kinesin.reprime.rate,kinesin,,0.8,um/s,EXAMPLE,EXAMPLE,kinesin.velocity,kinesin.velocity,bound,bound_not_independent,UNASSIGNED,bound_alias,0,"C2 kinesin 2->1: the second leg of one mechanical cycle, same conversion as the walk — the cycle time is split evenly over the two attached substates",aleph/cell/spec.example.toml,3160
kinesin.reprime.rate_2,kinesin,0.0,0.0,1/s,EXAMPLE,EXAMPLE,,kinesin.reprime.rate_2,target,target_without_band,UNASSIGNED,declared_read_complement,0,C2 kinesin.reprime: second-exponential rate (catch-slip); 0 = single exponential. NONZERO IS REFUSED until cell/bonds.py expresses two exponentials on one transition,aleph/cell/spec.example.toml,3196
kinesin.reprime.sign,kinesin,0,0,1,EXAMPLE,EXAMPLE,,kinesin.reprime.sign,target,target_without_band,UNASSIGNED,declared_read_complement,0,C2 kinesin 2->1: re-priming carries no declared load dependence,aleph/cell/spec.example.toml,3178
kinesin.reprime.stroke_dir,kinesin,0,0,1,EXAMPLE,EXAMPLE,,kinesin.reprime.stroke_dir,target,target_without_band,UNASSIGNED,declared_read_complement,0,C2 kinesin.reprime: 0 = no stroke on this transition,aleph/cell/spec.example.toml,3190
kinesin.reprime.stroke_len,kinesin,0.0,0.0,um,EXAMPLE,EXAMPLE,,kinesin.reprime.stroke_len,target,target_without_band,UNASSIGNED,declared_read_complement,0,C2 kinesin.reprime: 0 = this transition shifts no rest length,aleph/cell/spec.example.toml,3184
kinesin.reprime.x_beta,kinesin,0.0,0.0,um,EXAMPLE,EXAMPLE,,kinesin.reprime.x_beta,target,target_without_band,UNASSIGNED,declared_read_complement,0,C2 kinesin.reprime: 0 = no Bell length on this transition (the force scale is f_char),aleph/cell/spec.example.toml,3166
kinesin.reprime.x_beta_2,kinesin,0.0,0.0,um,EXAMPLE,EXAMPLE,,kinesin.reprime.x_beta_2,target,target_without_band,UNASSIGNED,declared_read_complement,0,C2 kinesin.reprime: second-exponential Bell length (catch-slip); 0 = none,aleph/cell/spec.example.toml,3202
kinesin.run_length,kinesin,1.0,1.0,um,EXAMPLE,EXAMPLE,,kinesin.run_length,target,target_without_band,UNASSIGNED,declared_read_complement,0,"kinesin-1: stall ~6 pN (Svoboda 1994), ~0.8 um/s (Howard), run ~1 um. not in KB source_audit — register before SOURCED",aleph/cell/spec.example.toml,2440
kinesin.stall_force,kinesin,6.0,6.0,pN,EXAMPLE,EXAMPLE,,kinesin.stall_force,target,target_without_band,UNASSIGNED,declared_read_complement,0,"kinesin-1: stall ~6 pN (Svoboda 1994), ~0.8 um/s (Howard), run ~1 um. not in KB source_audit — register before SOURCED",aleph/cell/spec.example.toml,2422
kinesin.step,kinesin,0.008,0.008,um,EXAMPLE,EXAMPLE,,kinesin.step,target,target_without_band,UNASSIGNED,declared_read_complement,0,8 nm step (tubulin dimer repeat). not in KB source_audit — register before SOURCED,aleph/cell/spec.example.toml,2434
kinesin.velocity,kinesin,0.8,0.8,um/s,EXAMPLE,EXAMPLE,,kinesin.velocity,target,target_without_band,UNASSIGNED,declared_read_complement,0,"kinesin-1: stall ~6 pN (Svoboda 1994), ~0.8 um/s (Howard), run ~1 um. not in KB source_audit — register before SOURCED",aleph/cell/spec.example.toml,2428
kinesin.walk.f_char,kinesin,,6.0,pN,EXAMPLE,EXAMPLE,kinesin.stall_force,kinesin.stall_force,bound,bound_not_independent,UNASSIGNED,bound_alias,0,"C2 kinesin 1->2: direct force scale; binder reads kinesin.stall_force, so the step rate falls by e at stall",aleph/cell/spec.example.toml,3124
kinesin.walk.rate,kinesin,,0.8,um/s,EXAMPLE,EXAMPLE,kinesin.velocity,kinesin.velocity,bound,bound_not_independent,UNASSIGNED,bound_alias,0,"C2 kinesin 1->2: the binder reads kinesin.velocity and DIVIDES by the built MT node spacing (cell/bonds.motor_walk_rate) — the row carries the measured speed, the kernel gets 1/s. The unit is the target row's on purpose: the rate is not a measured rate",aleph/cell/spec.example.toml,3112
kinesin.walk.rate_2,kinesin,0.0,0.0,1/s,EXAMPLE,EXAMPLE,,kinesin.walk.rate_2,target,target_without_band,UNASSIGNED,declared_read_complement,0,C2 kinesin.walk: second-exponential rate (catch-slip); 0 = single exponential. NONZERO IS REFUSED until cell/bonds.py expresses two exponentials on one transition,aleph/cell/spec.example.toml,3148
kinesin.walk.sign,kinesin,-1,-1,1,EXAMPLE,EXAMPLE,,kinesin.walk.sign,target,target_without_band,UNASSIGNED,declared_read_complement,0,"C2 kinesin 1->2: -1, resisting tension SLOWS the step (stall)",aleph/cell/spec.example.toml,3130
kinesin.walk.stroke_dir,kinesin,-1,-1,1,EXAMPLE,EXAMPLE,,kinesin.walk.stroke_dir,target,target_without_band,UNASSIGNED,declared_read_complement,0,"C2 kinesin 1->2: sign of the stroke as the crossbridge writes it; the WALK direction is the kind's stroke_sign (+1, plus end)",aleph/cell/spec.example.toml,3142
kinesin.walk.stroke_len,kinesin,,0.008,um,EXAMPLE,EXAMPLE,kinesin.step,kinesin.step,bound,bound_not_independent,UNASSIGNED,bound_alias,0,"C2 kinesin 1->2: the molecule's stride; binder reads kinesin.step. stroke_mode 1 reads only its SIGN — the walk moves one partner NODE, not one stride",aleph/cell/spec.example.toml,3136
kinesin.walk.x_beta,kinesin,0.0,0.0,um,EXAMPLE,EXAMPLE,,kinesin.walk.x_beta,target,target_without_band,UNASSIGNED,declared_read_complement,0,C2 kinesin.walk: 0 = no Bell length on this transition (the force scale is f_char),aleph/cell/spec.example.toml,3118
kinesin.walk.x_beta_2,kinesin,0.0,0.0,um,EXAMPLE,EXAMPLE,,kinesin.walk.x_beta_2,target,target_without_band,UNASSIGNED,declared_read_complement,0,C2 kinesin.walk: second-exponential Bell length (catch-slip); 0 = none,aleph/cell/spec.example.toml,3154
kinesin_cargo.attach.f_char,kinesin_cargo,0.0,0.0,pN,EXAMPLE,EXAMPLE,,kinesin_cargo.attach.f_char,target,target_without_band,UNASSIGNED,declared_read_complement,0,C2 kinesin_cargo attach: same value as the sliding role's f_char,aleph/cell/spec.example.toml,3601
kinesin_cargo.attach.rate,kinesin_cargo,,5.0,1/s,EXAMPLE,EXAMPLE,kinesin.k_on,kinesin.k_on,bound,bound_not_independent,UNASSIGNED,bound_alias,0,C2 kinesin_cargo attach: the cargo role is the same molecule; binder reads kinesin.k_on,aleph/cell/spec.example.toml,3589
kinesin_cargo.attach.rate_2,kinesin_cargo,0.0,0.0,1/s,EXAMPLE,EXAMPLE,,kinesin_cargo.attach.rate_2,target,target_without_band,UNASSIGNED,declared_read_complement,0,C2 kinesin_cargo attach: same value as the sliding role's rate_2,aleph/cell/spec.example.toml,3625
kinesin_cargo.attach.sign,kinesin_cargo,0,0,1,EXAMPLE,EXAMPLE,,kinesin_cargo.attach.sign,target,target_without_band,UNASSIGNED,declared_read_complement,0,C2 kinesin_cargo attach: same value as the sliding role's sign,aleph/cell/spec.example.toml,3607
kinesin_cargo.attach.stroke_dir,kinesin_cargo,0,0,1,EXAMPLE,EXAMPLE,,kinesin_cargo.attach.stroke_dir,target,target_without_band,UNASSIGNED,declared_read_complement,0,C2 kinesin_cargo attach: same value as the sliding role's stroke_dir,aleph/cell/spec.example.toml,3619
kinesin_cargo.attach.stroke_len,kinesin_cargo,0.0,0.0,um,EXAMPLE,EXAMPLE,,kinesin_cargo.attach.stroke_len,target,target_without_band,UNASSIGNED,declared_read_complement,0,C2 kinesin_cargo attach: same value as the sliding role's stroke_len,aleph/cell/spec.example.toml,3613
kinesin_cargo.attach.x_beta,kinesin_cargo,0.0,0.0,um,EXAMPLE,EXAMPLE,,kinesin_cargo.attach.x_beta,target,target_without_band,UNASSIGNED,declared_read_complement,0,C2 kinesin_cargo attach: same value as the sliding role's x_beta,aleph/cell/spec.example.toml,3595
kinesin_cargo.attach.x_beta_2,kinesin_cargo,0.0,0.0,um,EXAMPLE,EXAMPLE,,kinesin_cargo.attach.x_beta_2,target,target_without_band,UNASSIGNED,declared_read_complement,0,C2 kinesin_cargo attach: same value as the sliding role's x_beta_2,aleph/cell/spec.example.toml,3631
kinesin_cargo.detach_primed.f_char,kinesin_cargo,,6.0,pN,EXAMPLE,EXAMPLE,kinesin.stall_force,kinesin.stall_force,bound,bound_not_independent,UNASSIGNED,bound_alias,0,C2 kinesin_cargo detach_primed: the cargo role is the same molecule; binder reads kinesin.stall_force,aleph/cell/spec.example.toml,3745
kinesin_cargo.detach_primed.rate,kinesin_cargo,,1.0,1/s,EXAMPLE,EXAMPLE,kinesin.k_off0,kinesin.k_off0,bound,bound_not_independent,UNASSIGNED,bound_alias,0,C2 kinesin_cargo detach_primed: the cargo role is the same molecule; binder reads kinesin.k_off0,aleph/cell/spec.example.toml,3733
kinesin_cargo.detach_primed.rate_2,kinesin_cargo,0.0,0.0,1/s,EXAMPLE,EXAMPLE,,kinesin_cargo.detach_primed.rate_2,target,target_without_band,UNASSIGNED,declared_read_complement,0,C2 kinesin_cargo detach_primed: same value as the sliding role's rate_2,aleph/cell/spec.example.toml,3769
kinesin_cargo.detach_primed.sign,kinesin_cargo,1,1,1,EXAMPLE,EXAMPLE,,kinesin_cargo.detach_primed.sign,target,target_without_band,UNASSIGNED,declared_read_complement,0,C2 kinesin_cargo detach_primed: same value as the sliding role's sign,aleph/cell/spec.example.toml,3751
kinesin_cargo.detach_primed.stroke_dir,kinesin_cargo,0,0,1,EXAMPLE,EXAMPLE,,kinesin_cargo.detach_primed.stroke_dir,target,target_without_band,UNASSIGNED,declared_read_complement,0,C2 kinesin_cargo detach_primed: same value as the sliding role's stroke_dir,aleph/cell/spec.example.toml,3763
kinesin_cargo.detach_primed.stroke_len,kinesin_cargo,0.0,0.0,um,EXAMPLE,EXAMPLE,,kinesin_cargo.detach_primed.stroke_len,target,target_without_band,UNASSIGNED,declared_read_complement,0,C2 kinesin_cargo detach_primed: same value as the sliding role's stroke_len,aleph/cell/spec.example.toml,3757
kinesin_cargo.detach_primed.x_beta,kinesin_cargo,0.0,0.0,um,EXAMPLE,EXAMPLE,,kinesin_cargo.detach_primed.x_beta,target,target_without_band,UNASSIGNED,declared_read_complement,0,C2 kinesin_cargo detach_primed: same value as the sliding role's x_beta,aleph/cell/spec.example.toml,3739
kinesin_cargo.detach_primed.x_beta_2,kinesin_cargo,0.0,0.0,um,EXAMPLE,EXAMPLE,,kinesin_cargo.detach_primed.x_beta_2,target,target_without_band,UNASSIGNED,declared_read_complement,0,C2 kinesin_cargo detach_primed: same value as the sliding role's x_beta_2,aleph/cell/spec.example.toml,3775
kinesin_cargo.detach_stepped.f_char,kinesin_cargo,,6.0,pN,EXAMPLE,EXAMPLE,kinesin.stall_force,kinesin.stall_force,bound,bound_not_independent,UNASSIGNED,bound_alias,0,C2 kinesin_cargo detach_stepped: the cargo role is the same molecule; binder reads kinesin.stall_force,aleph/cell/spec.example.toml,3793
kinesin_cargo.detach_stepped.rate,kinesin_cargo,,1.0,1/s,EXAMPLE,EXAMPLE,kinesin.k_off0,kinesin.k_off0,bound,bound_not_independent,UNASSIGNED,bound_alias,0,C2 kinesin_cargo detach_stepped: the cargo role is the same molecule; binder reads kinesin.k_off0,aleph/cell/spec.example.toml,3781
kinesin_cargo.detach_stepped.rate_2,kinesin_cargo,0.0,0.0,1/s,EXAMPLE,EXAMPLE,,kinesin_cargo.detach_stepped.rate_2,target,target_without_band,UNASSIGNED,declared_read_complement,0,C2 kinesin_cargo detach_stepped: same value as the sliding role's rate_2,aleph/cell/spec.example.toml,3817
kinesin_cargo.detach_stepped.sign,kinesin_cargo,1,1,1,EXAMPLE,EXAMPLE,,kinesin_cargo.detach_stepped.sign,target,target_without_band,UNASSIGNED,declared_read_complement,0,C2 kinesin_cargo detach_stepped: same value as the sliding role's sign,aleph/cell/spec.example.toml,3799
kinesin_cargo.detach_stepped.stroke_dir,kinesin_cargo,0,0,1,EXAMPLE,EXAMPLE,,kinesin_cargo.detach_stepped.stroke_dir,target,target_without_band,UNASSIGNED,declared_read_complement,0,C2 kinesin_cargo detach_stepped: same value as the sliding role's stroke_dir,aleph/cell/spec.example.toml,3811
kinesin_cargo.detach_stepped.stroke_len,kinesin_cargo,0.0,0.0,um,EXAMPLE,EXAMPLE,,kinesin_cargo.detach_stepped.stroke_len,target,target_without_band,UNASSIGNED,declared_read_complement,0,C2 kinesin_cargo detach_stepped: same value as the sliding role's stroke_len,aleph/cell/spec.example.toml,3805
kinesin_cargo.detach_stepped.x_beta,kinesin_cargo,0.0,0.0,um,EXAMPLE,EXAMPLE,,kinesin_cargo.detach_stepped.x_beta,target,target_without_band,UNASSIGNED,declared_read_complement,0,C2 kinesin_cargo detach_stepped: same value as the sliding role's x_beta,aleph/cell/spec.example.toml,3787
kinesin_cargo.detach_stepped.x_beta_2,kinesin_cargo,0.0,0.0,um,EXAMPLE,EXAMPLE,,kinesin_cargo.detach_stepped.x_beta_2,target,target_without_band,UNASSIGNED,declared_read_complement,0,C2 kinesin_cargo detach_stepped: same value as the sliding role's x_beta_2,aleph/cell/spec.example.toml,3823
kinesin_cargo.reprime.f_char,kinesin_cargo,0.0,0.0,pN,EXAMPLE,EXAMPLE,,kinesin_cargo.reprime.f_char,target,target_without_band,UNASSIGNED,declared_read_complement,0,C2 kinesin_cargo reprime: same value as the sliding role's f_char,aleph/cell/spec.example.toml,3697
kinesin_cargo.reprime.rate,kinesin_cargo,,0.8,um/s,EXAMPLE,EXAMPLE,kinesin.velocity,kinesin.velocity,bound,bound_not_independent,UNASSIGNED,bound_alias,0,C2 kinesin_cargo reprime: the cargo role is the same molecule; binder reads kinesin.velocity,aleph/cell/spec.example.toml,3685
kinesin_cargo.reprime.rate_2,kinesin_cargo,0.0,0.0,1/s,EXAMPLE,EXAMPLE,,kinesin_cargo.reprime.rate_2,target,target_without_band,UNASSIGNED,declared_read_complement,0,C2 kinesin_cargo reprime: same value as the sliding role's rate_2,aleph/cell/spec.example.toml,3721
kinesin_cargo.reprime.sign,kinesin_cargo,0,0,1,EXAMPLE,EXAMPLE,,kinesin_cargo.reprime.sign,target,target_without_band,UNASSIGNED,declared_read_complement,0,C2 kinesin_cargo reprime: same value as the sliding role's sign,aleph/cell/spec.example.toml,3703
kinesin_cargo.reprime.stroke_dir,kinesin_cargo,0,0,1,EXAMPLE,EXAMPLE,,kinesin_cargo.reprime.stroke_dir,target,target_without_band,UNASSIGNED,declared_read_complement,0,C2 kinesin_cargo reprime: same value as the sliding role's stroke_dir,aleph/cell/spec.example.toml,3715
kinesin_cargo.reprime.stroke_len,kinesin_cargo,0.0,0.0,um,EXAMPLE,EXAMPLE,,kinesin_cargo.reprime.stroke_len,target,target_without_band,UNASSIGNED,declared_read_complement,0,C2 kinesin_cargo reprime: same value as the sliding role's stroke_len,aleph/cell/spec.example.toml,3709
kinesin_cargo.reprime.x_beta,kinesin_cargo,0.0,0.0,um,EXAMPLE,EXAMPLE,,kinesin_cargo.reprime.x_beta,target,target_without_band,UNASSIGNED,declared_read_complement,0,C2 kinesin_cargo reprime: same value as the sliding role's x_beta,aleph/cell/spec.example.toml,3691
kinesin_cargo.reprime.x_beta_2,kinesin_cargo,0.0,0.0,um,EXAMPLE,EXAMPLE,,kinesin_cargo.reprime.x_beta_2,target,target_without_band,UNASSIGNED,declared_read_complement,0,C2 kinesin_cargo reprime: same value as the sliding role's x_beta_2,aleph/cell/spec.example.toml,3727
kinesin_cargo.walk.f_char,kinesin_cargo,,6.0,pN,EXAMPLE,EXAMPLE,kinesin.stall_force,kinesin.stall_force,bound,bound_not_independent,UNASSIGNED,bound_alias,0,C2 kinesin_cargo walk: the cargo role is the same molecule; binder reads kinesin.stall_force,aleph/cell/spec.example.toml,3649
kinesin_cargo.walk.rate,kinesin_cargo,,0.8,um/s,EXAMPLE,EXAMPLE,kinesin.velocity,kinesin.velocity,bound,bound_not_independent,UNASSIGNED,bound_alias,0,C2 kinesin_cargo walk: the cargo role is the same molecule; binder reads kinesin.velocity,aleph/cell/spec.example.toml,3637
kinesin_cargo.walk.rate_2,kinesin_cargo,0.0,0.0,1/s,EXAMPLE,EXAMPLE,,kinesin_cargo.walk.rate_2,target,target_without_band,UNASSIGNED,declared_read_complement,0,C2 kinesin_cargo walk: same value as the sliding role's rate_2,aleph/cell/spec.example.toml,3673
kinesin_cargo.walk.sign,kinesin_cargo,-1,-1,1,EXAMPLE,EXAMPLE,,kinesin_cargo.walk.sign,target,target_without_band,UNASSIGNED,declared_read_complement,0,C2 kinesin_cargo walk: same value as the sliding role's sign,aleph/cell/spec.example.toml,3655
kinesin_cargo.walk.stroke_dir,kinesin_cargo,-1,-1,1,EXAMPLE,EXAMPLE,,kinesin_cargo.walk.stroke_dir,target,target_without_band,UNASSIGNED,declared_read_complement,0,C2 kinesin_cargo walk: same value as the sliding role's stroke_dir,aleph/cell/spec.example.toml,3667
kinesin_cargo.walk.stroke_len,kinesin_cargo,,0.008,um,EXAMPLE,EXAMPLE,kinesin.step,kinesin.step,bound,bound_not_independent,UNASSIGNED,bound_alias,0,C2 kinesin_cargo walk: the cargo role is the same molecule; binder reads kinesin.step,aleph/cell/spec.example.toml,3661
kinesin_cargo.walk.x_beta,kinesin_cargo,0.0,0.0,um,EXAMPLE,EXAMPLE,,kinesin_cargo.walk.x_beta,target,target_without_band,UNASSIGNED,declared_read_complement,0,C2 kinesin_cargo walk: same value as the sliding role's x_beta,aleph/cell/spec.example.toml,3643
kinesin_cargo.walk.x_beta_2,kinesin_cargo,0.0,0.0,um,EXAMPLE,EXAMPLE,,kinesin_cargo.walk.x_beta_2,target,target_without_band,UNASSIGNED,declared_read_complement,0,C2 kinesin_cargo walk: same value as the sliding role's x_beta_2,aleph/cell/spec.example.toml,3679
lamellipodium.contour,lamellipodium,1.0,1.0,um,EXAMPLE,EXAMPLE,,lamellipodium.contour,target,target_without_band,UNASSIGNED,declared_read_complement,1,architecture_spec Arp2/3 short filament,aleph/cell/spec.example.toml,490
lamellipodium.mode_angle,lamellipodium,35.0,35.0,deg,SOURCED,SOURCED,,lamellipodium.mode_angle,lognormal,sourced_without_spread,UNASSIGNED,declared_read_complement,1,+/-35 deg = theta0/2 of the 70 deg Arp2/3 branch (Mueller 2017; Fassler 2020),aleph/cell/spec.example.toml,502
lamellipodium.n_filaments,lamellipodium,0,0,1,SWEPT,SWEPT,,lamellipodium.n_filaments,uniform,declared_range_unverified,UNASSIGNED,declared_read_complement,2,"SUSPENDED BASELINE = 0: PI decision 2026-09-07 21:49 (transcript 0185ec79, opus-driver) — adhesion-dependent family, and the built world has NO adhesion population (no clutch/integrin/FA/ECM/substrate nodes), so it stood without its cause; applied to the spec on PI go 2026-09-11 02:32 'ㄱㄱ' (lane-scopes transcript cdec934c, step 1 (b) option 1). Physiology: a lamellipodium (Arp2/3 sheet at the leading edge) needs an adhesive substrate (Tinevez 2009 PNAS suspended L929: rounded cell, cortex + blebs only; micropipette aspiration measures this state). Band upper end = the former adherent value (200; laws/architecture_spec.LAMELLIPODIUM explicit n=200; no lamellipodial areal actin density in the KB); the adherent cell is option 1 of the same decision, deferred until an adhesion population is built. Removes 4200 nodes from the native census.",aleph/cell/spec.example.toml,483
lamellipodium.seg,lamellipodium,,0.05,um,EXAMPLE,SWEPT,cortex.seg,resolution.spacing,bound,bound_not_independent,UNASSIGNED,bound_alias,1,"C1 binding: the file said 'cortex step reused' — a value equal to another's is a binding, never a copy. Un-bind = give this population its own segment length",aleph/cell/spec.example.toml,496
lamina.areal_density,lamina,0.02,0.02,pg/um^2,EXAMPLE,EXAMPLE,,lamina.areal_density,target,target_without_band,UNASSIGNED,declared_read_complement,1,1.35 pg/um^3 x 15 nm lamina thickness,aleph/cell/spec.example.toml,290
lamina.filament,lamina,0.4,0.4,um,SOURCED,SOURCED,,lamina.filament,lognormal,sourced_without_spread,UNASSIGNED,declared_read_complement,1,"SOURCED_SECONDARY: lamin meshwork spacing 0.4 um (experimental), N 1000-3000, z=4 — Stephens 2017 MBoC 28:1984 Table 1 p7 citing Shimi 2015 (Shimi not in corpus)",aleph/cell/spec.example.toml,278
lamina.neighbours,lamina,3,3,1,EXAMPLE,EXAMPLE,,lamina.neighbours,target,target_without_band,UNASSIGNED,declared_read_complement,1,k nearest neighbours joined per node; symmetric union gives mean degree ~4.5 against the sourced z = 4 (exp) / 4.5 (sim),aleph/cell/spec.example.toml,284
lamina.seg,lamina,,0.05,um,EXAMPLE,SWEPT,resolution.spacing,resolution.spacing,bound,bound_not_independent,UNASSIGNED,bound_alias,1,interior bead spacing along each 0.4 um meshwork edge (2026-08-28): the edge was one segment spanning 8 fluid cells; now IF-material beads at the fluid cell,aleph/cell/spec.example.toml,296
lamina.turnover_rate,lamina,0.0001,0.0001,1/s,EXAMPLE,EXAMPLE,,lamina.turnover_rate,target,target_without_band,UNASSIGNED,declared_read_complement,0,lamin A/C exchange is slow (hours); ORDER OF MAGNITUDE. PI-GAP. not in KB source_audit — register before SOURCED,aleph/cell/spec.example.toml,2343
lamina_envelope.k,lamina_envelope,,100.0,pN/um,EXAMPLE,EXAMPLE,linc.k,linc.k,bound,bound_not_independent,UNASSIGNED,bound_alias,0,"C2 static: lamina node -> nearest envelope vertex; binder reads linc.k (a LINC proxy, unsourced)",aleph/cell/spec.example.toml,1510
linc.areal_density,linc,10.0,10.0,1/um^2,EXAMPLE,EXAMPLE,,linc.areal_density,target,target_without_band,UNASSIGNED,declared_read_complement,1,"nesprin/SUN complex density — UNKNOWN, PI-GAP (a target Aleph must find; the number is an initial point). not in KB source_audit — register before SOURCED",aleph/cell/spec.example.toml,2355
linc.k,linc,100.0,100.0,pN/um,EXAMPLE,EXAMPLE,,linc.k,target,target_without_band,UNASSIGNED,declared_read_complement,2,incumbent k_linc = 1e2 pN/um labelled PI GAP; the sourced 8 pN LINC datum is a TENSION not a stiffness (Dejardin),aleph/cell/spec.example.toml,826
linc.tension,linc,8.0,8.0,pN,EXAMPLE,EXAMPLE,,linc.tension,target,target_without_band,UNASSIGNED,declared_read_complement,0,the sourced LINC datum is a tension of ~8 pN (Dejardin — see linc.k source). not in KB source_audit — register before SOURCED,aleph/cell/spec.example.toml,2349
linc_if.k,linc_if,,100.0,pN/um,EXAMPLE,EXAMPLE,linc.k,linc.k,bound,bound_not_independent,UNASSIGNED,bound_alias,0,C2 static: IF spoke inner end -> nearest envelope vertex; binder reads linc.k,aleph/cell/spec.example.toml,1504
material.actin.EA,material,44000.0,44000.0,pN,SOURCED,SOURCED,,material.actin.EA,lognormal,declared_spread_unverified,UNASSIGNED,declared_read_complement,8,Kojima 1994 PNAS 91:12962 — 43.7 +/- 4.6 pN/nm over 1 um => EA = 4.4e4 pN; laws/kim_network.EA_ACTIN_PN,aleph/cell/spec.example.toml,75
material.actin.kappa,material,0.0728,0.0728,pN.um^2,SOURCED,SOURCED,,material.actin.kappa,lognormal,sourced_without_spread,UNASSIGNED,declared_read_complement,8,kBT(310 K) x Lp 17 um (Gittes 1993); laws/units.KAPPA_ACTIN,aleph/cell/spec.example.toml,81
material.actin.radius,material,0.004,0.004,um,SOURCED,SOURCED,,material.actin.radius,lognormal,sourced_without_spread,UNASSIGNED,declared_read_complement,12,F-actin diameter ~8 nm (Gittes 1993 J Cell Biol 120:923); laws/units.ACTIN_DIAMETER_UM,aleph/cell/spec.example.toml,69
material.chromatin.k_backbone,material,,1600.0,pN/um,EXAMPLE,SOURCED,chromatin.k_backbone,chromatin.k_backbone,bound,bound_not_independent,UNASSIGNED,bound_alias,0,C3: the chromatin chain's axial stiffness is its own row; this is the per-population alias,aleph/cell/spec.example.toml,1109
material.cortex.EA,material,,44000.0,pN,EXAMPLE,SOURCED,material.actin.EA,material.actin.EA,bound,bound_not_independent,UNASSIGNED,bound_alias,0,C3: cortex axial modulus; builder reads material.actin.EA,aleph/cell/spec.example.toml,887
material.cortex.density,material,,1.35,pg/um^3,EXAMPLE,EXAMPLE,material.protein_density,material.protein_density,bound,bound_not_independent,UNASSIGNED,bound_alias,0,C3: cortex node mass density; builder reads material.protein_density,aleph/cell/spec.example.toml,899
material.cortex.kappa,material,,0.0728,pN.um^2,EXAMPLE,SOURCED,material.actin.kappa,material.actin.kappa,bound,bound_not_independent,UNASSIGNED,bound_alias,0,C3: cortex flexural rigidity; builder reads material.actin.kappa,aleph/cell/spec.example.toml,893
material.cortex.radius,material,,0.004,um,EXAMPLE,SOURCED,material.actin.radius,material.actin.radius,bound,bound_not_independent,UNASSIGNED,bound_alias,0,C3: cortex filament radius; builder reads material.actin.radius,aleph/cell/spec.example.toml,881
material.cytoplasm_actin.EA,material,,44000.0,pN,EXAMPLE,SOURCED,material.actin.EA,material.actin.EA,bound,bound_not_independent,UNASSIGNED,bound_alias,0,C3: cytoplasm_actin; builder reads material.actin.EA,aleph/cell/spec.example.toml,935
material.cytoplasm_actin.density,material,,1.35,pg/um^3,EXAMPLE,EXAMPLE,material.protein_density,material.protein_density,bound,bound_not_independent,UNASSIGNED,bound_alias,0,C3: cytoplasm_actin; builder reads material.protein_density,aleph/cell/spec.example.toml,947
material.cytoplasm_actin.kappa,material,,0.0728,pN.um^2,EXAMPLE,SOURCED,material.actin.kappa,material.actin.kappa,bound,bound_not_independent,UNASSIGNED,bound_alias,0,C3: cytoplasm_actin; builder reads material.actin.kappa,aleph/cell/spec.example.toml,941
material.cytoplasm_actin.radius,material,,0.004,um,EXAMPLE,SOURCED,material.actin.radius,material.actin.radius,bound,bound_not_independent,UNASSIGNED,bound_alias,0,C3: cytoplasm_actin; builder reads material.actin.radius,aleph/cell/spec.example.toml,929
material.filopodium.EA,material,,44000.0,pN,EXAMPLE,SOURCED,material.actin.EA,material.actin.EA,bound,bound_not_independent,UNASSIGNED,bound_alias,0,C3: filopodium axial modulus; builder reads material.actin.EA,aleph/cell/spec.example.toml,1031
material.filopodium.density,material,,1.35,pg/um^3,EXAMPLE,EXAMPLE,material.protein_density,material.protein_density,bound,bound_not_independent,UNASSIGNED,bound_alias,0,C3: filopodium node mass density; builder reads material.protein_density,aleph/cell/spec.example.toml,1043
material.filopodium.kappa,material,,0.0728,pN.um^2,EXAMPLE,SOURCED,material.actin.kappa,material.actin.kappa,bound,bound_not_independent,UNASSIGNED,bound_alias,0,C3: filopodium flexural rigidity; builder reads material.actin.kappa,aleph/cell/spec.example.toml,1037
material.filopodium.radius,material,,0.004,um,EXAMPLE,SOURCED,material.actin.radius,material.actin.radius,bound,bound_not_independent,UNASSIGNED,bound_alias,0,C3: filopodium filament radius; builder reads material.actin.radius,aleph/cell/spec.example.toml,1025
material.if.E,material,6000000.0,6000000.0,pN/um^2,SOURCED,SOURCED,,material.if.E,lognormal,sourced_without_spread,UNASSIGNED,declared_read_complement,2,"IF axial Young's modulus 6 MPa, band 1-10 MPa (Kreplak 2005 / Guo 2013); laws/intermediate_filaments.E_IF_PA. EA and kappa are derived from E and the radius",aleph/cell/spec.example.toml,111
material.if.radius,material,0.005,0.005,um,SOURCED,SOURCED,,material.if.radius,lognormal,sourced_without_spread,UNASSIGNED,declared_read_complement,2,assembled IF diameter 10 nm (Mucke 2004); laws/intermediate_filaments.D_IF_UM,aleph/cell/spec.example.toml,105
material.if_pop.E,material,,6000000.0,pN/um^2,EXAMPLE,SOURCED,material.if.E,material.if.E,bound,bound_not_independent,UNASSIGNED,bound_alias,0,C3: builder reads material.if.E,aleph/cell/spec.example.toml,1079
material.if_pop.density,material,,1.35,pg/um^3,EXAMPLE,EXAMPLE,material.protein_density,material.protein_density,bound,bound_not_independent,UNASSIGNED,bound_alias,0,C3: builder reads material.protein_density,aleph/cell/spec.example.toml,1085
material.if_pop.radius,material,,0.005,um,EXAMPLE,SOURCED,material.if.radius,material.if.radius,bound,bound_not_independent,UNASSIGNED,bound_alias,0,C3: IF cage radius; builder reads material.if.radius (EA = E·πr² derived in the builder),aleph/cell/spec.example.toml,1073
material.lamellipodium.EA,material,,44000.0,pN,EXAMPLE,SOURCED,material.actin.EA,material.actin.EA,bound,bound_not_independent,UNASSIGNED,bound_alias,0,C3: lamellipodium axial modulus; builder reads material.actin.EA,aleph/cell/spec.example.toml,1007
material.lamellipodium.density,material,,1.35,pg/um^3,EXAMPLE,EXAMPLE,material.protein_density,material.protein_density,bound,bound_not_independent,UNASSIGNED,bound_alias,0,C3: lamellipodium node mass density; builder reads material.protein_density,aleph/cell/spec.example.toml,1019
material.lamellipodium.kappa,material,,0.0728,pN.um^2,EXAMPLE,SOURCED,material.actin.kappa,material.actin.kappa,bound,bound_not_independent,UNASSIGNED,bound_alias,0,C3: lamellipodium flexural rigidity; builder reads material.actin.kappa,aleph/cell/spec.example.toml,1013
material.lamellipodium.radius,material,,0.004,um,EXAMPLE,SOURCED,material.actin.radius,material.actin.radius,bound,bound_not_independent,UNASSIGNED,bound_alias,0,C3: lamellipodium filament radius; builder reads material.actin.radius,aleph/cell/spec.example.toml,1001
material.lamina.E,material,,6000000.0,pN/um^2,EXAMPLE,SOURCED,material.if.E,material.if.E,bound,bound_not_independent,UNASSIGNED,bound_alias,0,"C3: builder reads material.if.E; lamina node mass comes from lamina.areal_density, not a volume density",aleph/cell/spec.example.toml,1097
material.lamina.radius,material,,0.005,um,EXAMPLE,SOURCED,material.if.radius,material.if.radius,bound,bound_not_independent,UNASSIGNED,bound_alias,0,C3: lamin filaments carry the IF class radius; builder reads material.if.radius,aleph/cell/spec.example.toml,1091
material.microtubule.EA,material,380000.0,380000.0,pN,EXAMPLE,EXAMPLE,,material.microtubule.EA,target,target_without_band,UNASSIGNED,declared_read_complement,3,"E ~1.2 GPa (Gittes 1993) x annulus pi(12.5^2-7.5^2) nm^2 = 314 nm^2; derived here, no EA row in the KB",aleph/cell/spec.example.toml,93
material.microtubule.kappa,material,20.0,20.0,pN.um^2,SOURCED,SOURCED,,material.microtubule.kappa,lognormal,sourced_without_spread,UNASSIGNED,declared_read_complement,2,Nedelec & Foethke 2007 NJP 9:427 p9; laws/units.KAPPA_MT,aleph/cell/spec.example.toml,99
material.microtubule.radius,material,0.0125,0.0125,um,SOURCED,SOURCED,,material.microtubule.radius,lognormal,sourced_without_spread,UNASSIGNED,declared_read_complement,1,MT outer diameter 25 nm; laws/microtubule.MT_RADIUS_UM,aleph/cell/spec.example.toml,87
material.microtubule_pop.EA,material,,380000.0,pN,EXAMPLE,EXAMPLE,material.microtubule.EA,material.microtubule.EA,bound,bound_not_independent,UNASSIGNED,bound_alias,0,C3: builder reads material.microtubule.EA,aleph/cell/spec.example.toml,1055
material.microtubule_pop.density,material,,1.35,pg/um^3,EXAMPLE,EXAMPLE,material.protein_density,material.protein_density,bound,bound_not_independent,UNASSIGNED,bound_alias,0,C3: builder reads material.protein_density,aleph/cell/spec.example.toml,1067
material.microtubule_pop.kappa,material,,20.0,pN.um^2,EXAMPLE,SOURCED,material.microtubule.kappa,material.microtubule.kappa,bound,bound_not_independent,UNASSIGNED,bound_alias,0,C3: builder reads material.microtubule.kappa,aleph/cell/spec.example.toml,1061
material.microtubule_pop.radius,material,,0.0125,um,EXAMPLE,SOURCED,material.microtubule.radius,material.microtubule.radius,bound,bound_not_independent,UNASSIGNED,bound_alias,0,C3: microtubule population radius; builder reads material.microtubule.radius,aleph/cell/spec.example.toml,1049
material.microvillus.EA,material,,44000.0,pN,EXAMPLE,SOURCED,material.actin.EA,material.actin.EA,bound,bound_not_independent,UNASSIGNED,bound_alias,0,C3: microvillus; builder reads material.actin.EA,aleph/cell/spec.example.toml,959
material.microvillus.density,material,,1.35,pg/um^3,EXAMPLE,EXAMPLE,material.protein_density,material.protein_density,bound,bound_not_independent,UNASSIGNED,bound_alias,0,C3: microvillus; builder reads material.protein_density,aleph/cell/spec.example.toml,971
material.microvillus.kappa,material,,0.0728,pN.um^2,EXAMPLE,SOURCED,material.actin.kappa,material.actin.kappa,bound,bound_not_independent,UNASSIGNED,bound_alias,0,C3: microvillus; builder reads material.actin.kappa,aleph/cell/spec.example.toml,965
material.microvillus.radius,material,,0.004,um,EXAMPLE,SOURCED,material.actin.radius,material.actin.radius,bound,bound_not_independent,UNASSIGNED,bound_alias,0,C3: microvillus; builder reads material.actin.radius,aleph/cell/spec.example.toml,953
material.nmii.density,material,,1.35,pg/um^3,EXAMPLE,EXAMPLE,material.protein_density,material.protein_density,bound,bound_not_independent,UNASSIGNED,bound_alias,0,C3: minifilament backbone/head mass density; builder reads material.protein_density (radii/EA/kappa are the nmii.* rows),aleph/cell/spec.example.toml,1103
material.protein_density,material,1.35,1.35,pg/um^3,EXAMPLE,EXAMPLE,,material.protein_density,target,target_without_band,UNASSIGNED,declared_read_complement,12,typical protein mass density 1.35 g/cm^3 = 1.35 pg/um^3; used for every strand node; not MCF7-measured,aleph/cell/spec.example.toml,63
material.sf_arc.EA,material,,44000.0,pN,EXAMPLE,SOURCED,material.actin.EA,material.actin.EA,bound,bound_not_independent,UNASSIGNED,bound_alias,0,C3: sf_arc axial modulus; builder reads material.actin.EA,aleph/cell/spec.example.toml,983
material.sf_arc.density,material,,1.35,pg/um^3,EXAMPLE,EXAMPLE,material.protein_density,material.protein_density,bound,bound_not_independent,UNASSIGNED,bound_alias,0,C3: sf_arc node mass density; builder reads material.protein_density,aleph/cell/spec.example.toml,995
material.sf_arc.kappa,material,,0.0728,pN.um^2,EXAMPLE,SOURCED,material.actin.kappa,material.actin.kappa,bound,bound_not_independent,UNASSIGNED,bound_alias,0,C3: sf_arc flexural rigidity; builder reads material.actin.kappa,aleph/cell/spec.example.toml,989
material.sf_arc.radius,material,,0.004,um,EXAMPLE,SOURCED,material.actin.radius,material.actin.radius,bound,bound_not_independent,UNASSIGNED,bound_alias,0,C3: sf_arc filament radius; builder reads material.actin.radius,aleph/cell/spec.example.toml,977
material.stress_fiber.EA,material,,44000.0,pN,EXAMPLE,SOURCED,material.actin.EA,material.actin.EA,bound,bound_not_independent,UNASSIGNED,bound_alias,0,C3: stress_fiber axial modulus; builder reads material.actin.EA,aleph/cell/spec.example.toml,911
material.stress_fiber.density,material,,1.35,pg/um^3,EXAMPLE,EXAMPLE,material.protein_density,material.protein_density,bound,bound_not_independent,UNASSIGNED,bound_alias,0,C3: stress_fiber node mass density; builder reads material.protein_density,aleph/cell/spec.example.toml,923
material.stress_fiber.kappa,material,,0.0728,pN.um^2,EXAMPLE,SOURCED,material.actin.kappa,material.actin.kappa,bound,bound_not_independent,UNASSIGNED,bound_alias,0,C3: stress_fiber flexural rigidity; builder reads material.actin.kappa,aleph/cell/spec.example.toml,917
material.stress_fiber.radius,material,,0.004,um,EXAMPLE,SOURCED,material.actin.radius,material.actin.radius,bound,bound_not_independent,UNASSIGNED,bound_alias,0,C3: stress_fiber filament radius; builder reads material.actin.radius,aleph/cell/spec.example.toml,905
membrane.area_modulus,membrane,200000.0,200000.0,pN/um,EXAMPLE,EXAMPLE,,membrane.area_modulus,target,target_without_band,UNASSIGNED,declared_read_complement,0,bilayer area-expansion modulus K_A ~0.2 N/m (Rawicz 2000). not in KB source_audit — register before SOURCED,aleph/cell/spec.example.toml,2052
membrane.areal_density,membrane,0.005,0.005,pg/um^2,EXAMPLE,EXAMPLE,,membrane.areal_density,target,target_without_band,UNASSIGNED,declared_read_complement,2,5 nm bilayer x ~1.0 pg/um^3,aleph/cell/spec.example.toml,187
membrane.channel.excluded_lipid_area,membrane,0.0001,0.0001,um^2,EXAMPLE,EXAMPLE,,membrane.channel.excluded_lipid_area,target,target_without_band,UNASSIGNED,declared_read_complement,1,"Exploratory lipid-excluding transmembrane protein area100nm^2. Distinct from total curved membrane footprint and conformation area INCREMENT. Assembly subtracts membrane.areal_density times this area from local lipid-node mass, then adds the independently sourced protein mass; refuses any nonpositive material mass. Not measured MCF7.",aleph/cell/spec.example.toml,2162
membrane.channel.hydrodynamic_radius,membrane,0.01,0.01,um,EXAMPLE,EXAMPLE,,membrane.channel.hydrodynamic_radius,target,target_without_band,UNASSIGNED,declared_read_complement,1,"Effective radius of the massive center-node translational hydrodynamic representation, not a spherical structural claim. Piezo dome dimensions are tens of nm (Guo and MacKinnon2017 DOI10.7554/eLife.33660); anisotropic shape/rotation is not represented by one center.",aleph/cell/spec.example.toml,2155
membrane.channel.initial_closed_fraction,membrane,0.7,0.7,1,EXAMPLE,EXAMPLE,,membrane.channel.initial_closed_fraction,target,target_without_band,UNASSIGNED,declared_read_complement,1,"Explicit preparation distribution, not inferred steady state. Remaining states: open fraction specified below and inactive remainder. All pores initially empty; no hidden stationary-oracle initialization.",aleph/cell/spec.example.toml,2169
membrane.channel.initial_open_fraction,membrane,0.02,0.02,1,EXAMPLE,EXAMPLE,,membrane.channel.initial_open_fraction,target,target_without_band,UNASSIGNED,declared_read_complement,1,"Explicit preparation distribution; closed+open must not exceed1, inactive is the remainder. Not a measured native occupancy.",aleph/cell/spec.example.toml,2176
membrane.channel.insertion_normal_stiffness,membrane,10000.0,10000.0,pN/um,SWEPT,SWEPT,,membrane.channel.insertion_normal_stiffness,loguniform,declared_range_unverified,UNASSIGNED,declared_read_complement,1,"Exploratory curvature of normal hydrophobic insertion energy, not a lateral tether or drag. Example quadratic confinement costs about20kBT at4nm displacement at310K; neither a measured Piezo stiffness nor a desorption model. Tangential center motion remains free in the global node/fluid solve.",aleph/cell/spec.example.toml,2183
membrane.channel.molecular_mass,membrane,860370.0,860370.0,Da,EXAMPLE,EXAMPLE,,membrane.channel.molecular_mass,target,target_without_band,UNASSIGNED,declared_read_complement,1,"Unmodified canonical human peptide trimer: UniProt Q92508 monomer286790Da times3; homotrimer architecture Ge2015 DOI10.1038/nature15247. External primary checked, KB registration pending. Glycosylation/isoform mass uncertainty is not identified; range exploratory.1Da=1.66053906892e-12pg.",aleph/cell/spec.example.toml,2148
membrane.channel_density,membrane,1.0,1.0,1/um^2,EXAMPLE,EXAMPLE,,membrane.channel_density,target,target_without_band,UNASSIGNED,declared_read_complement,1,mechanosensitive channel (Piezo1) density — PI-GAP (a target Aleph must find; the number is an initial point) (laws/piezo). not in KB source_audit — register before SOURCED,aleph/cell/spec.example.toml,2214
membrane.channel_population_enabled,membrane,0.0,0.0,1,EXAMPLE,EXAMPLE,,membrane.channel_population_enabled,target,target_without_band,UNASSIGNED,declared_read_complement,1,"switch, not a material value: 1 appends the channel PROTEIN POPULATION as massive nodes tied to the sheet (physics.surface_channels.massive_node_plan + physics.surface_insertion), at membrane.channel_density x built membrane area, count = floor(density*area + 0.5). The displaced lipid mass removed from the existing membrane nodes is count x membrane.channel.excluded_lipid_area x membrane.areal_density, distributed by the host face's barycentric weights; a build that would drive any node mass to zero or below is REFUSED, never clipped. The gating chemistry is NOT switched on by this row. Default 0 leaves the node table byte-identical.",aleph/cell/spec.example.toml,2190
membrane.curvature_law_enabled,membrane,0.0,0.0,1,EXAMPLE,EXAMPLE,,membrane.curvature_law_enabled,target,target_without_band,UNASSIGNED,declared_read_complement,0,"switch, not a material value: 1 hands this surface's bending to the Helfrich law (physics.surface_curvature; rigidity kept, reference = membrane.spontaneous_curvature) and writes kappa_bend = 0 in the hinge law, which the step then refuses to see nonzero; 2 additionally sets C0 to the as-built curvature (rest shape = built shape, for a stiff curved surface). Default 0 leaves the step exactly as it is today.",aleph/cell/spec.example.toml,2196
membrane.dilation_viscosity_2d,membrane,0.001,0.001,pN.s/um,SWEPT,SWEPT,,membrane.dilation_viscosity_2d,loguniform,declared_range_unverified,UNASSIGNED,declared_read_complement,0,"Independent area-dilation viscosity selected as an exploratory input under PI 2026-09-15 authorization; center 1e-3 and range 1e-5..1 are not a measurement or uncertainty interval. Do not alias shear. Vesicle pore-fit apparent viscosity may include omitted water friction (Ryham 2011, PMC3244058); no MCF7 source claim.",aleph/cell/spec.example.toml,2070
membrane.excess_area,membrane,0.15,0.15,1,SWEPT,SWEPT,,membrane.excess_area,uniform,declared_range_unverified,UNASSIGNED,declared_read_complement,2,"area0 = (1 + f) x built sphere area: the reservoir the membrane folds under tension/bending/ERM tethers (PLAN-2026-08-28-visual-realism §1). KB-GAP for MCF7: 6-20 % 'observed in most endothelial cells' (Langmuir 2025 10.1021/acs.langmuir.5c03244, clipped, NOT in source_audit); KB-DRAFT-3.B-24 reservoir strain 0.60 / 0.25 is self-labelled UNSOURCED. Value inside the endothelial band; PI decision E1",aleph/cell/spec.example.toml,193
membrane.excess_area_fraction,membrane,,0.15,1,EXAMPLE,SWEPT,membrane.excess_area,membrane.excess_area,bound,bound_not_independent,UNASSIGNED,bound_alias,0,C1 binding: the same quantity was declared SWEPT by the resolution lane (membrane.excess_area); the frontier alias follows it,aleph/cell/spec.example.toml,2202
membrane.hydraulic_conductivity,membrane,1.4e-07,1.4e-07,um^3/(pN.s),EXAMPLE,EXAMPLE,,membrane.hydraulic_conductivity,target,target_without_band,UNASSIGNED,declared_read_complement,1,Lp = Pf Vw / RT with Pf = 20 um/s (bilayer / cultured cell without strong aquaporin expression): 1.40e-13 m/(Pa.s) = 1.4e-7 um^3/(pN.s). The 0.1 that stood here until 2026-09-21 was a 1e6 UNIT SLIP against its own source text (1e-13 m/(Pa.s)). Volume relaxation time R/(3 Lp c RT) = 23 s. PI-GAP for MCF7; not in KB source_audit — register before SOURCED. PARAMETERS-2026-09-21,aleph/cell/spec.example.toml,2208
membrane.inplane_flow_enabled,membrane,0.0,0.0,1,EXAMPLE,EXAMPLE,,membrane.inplane_flow_enabled,target,target_without_band,UNASSIGNED,declared_read_complement,0,"switch, not a material value: 1 gives every membrane face a lipid COUNT as state and lets that material move between faces along the tension difference (physics.surface_count_flow), so the face-area constraint projects onto N_f x membrane.lipid_area_per_molecule instead of the area the face was built with (area_constraint_reference = 'count'). 0 leaves the build and the step byte-identical, which is the shipped value: this changes the membrane's constitutive behaviour and the merged head still has an unexplained membrane volume-flux instability on the device (INVENTORY E21/E22) that must be resolved before the default path carries it. Without it a tether cannot form and, under plate compression, the contact zone and the free zone cannot exchange membrane, so the membrane tension is artificially non-uniform in exactly the experiment that reads cortical tension.",aleph/cell/spec.example.toml,2108
membrane.inplane_friction,membrane,1000.0,1000.0,pN.s/um^3,EXAMPLE,EXAMPLE,,membrane.inplane_friction,target,target_without_band,UNASSIGNED,declared_read_complement,0,"PI-GAP, and a STAND-IN that is to be REPLACED rather than sourced. The in-plane flow law v = grad(sigma)/b needs a drag per unit area per unit in-plane velocity; membrane-cortex friction is reported around 1e8-1e9 Pa.s/m (tether-pulling and flow measurements of the Shi/Baumgart kind; 1 Pa.s/m = 1e-6 pN.s/um^3, so 1e2-1e3 in these units) — quoted from memory, NOT read in a paper here and NOT in the KB source_audit, hence EXAMPLE and hence a range that is exploratory and not a confidence interval. The PI's decision (OPTIONS-2026-09-21 item 3) is that this coefficient should EMERGE from the making and breaking of the explicit ERM relations that tie the bilayer to the cortex, the way composite viscosity must be an observable and not an input (directive 9). This row exists so the flow law can run before that emergence is built, and is to be deleted when it is.",aleph/cell/spec.example.toml,2114
membrane.kappa_bend,membrane,0.0828,0.0828,pN.um,SOURCED,SOURCED,,membrane.kappa_bend,lognormal,sourced_without_spread,UNASSIGNED,declared_read_complement,1,Helfrich bending rigidity 20 kBT (KB-3.B1.2); laws/membrane_surface,aleph/cell/spec.example.toml,175
membrane.kappa_gauss,membrane,-0.066,-0.066,pN.um,EXAMPLE,EXAMPLE,,membrane.kappa_gauss,target,target_without_band,UNASSIGNED,declared_read_complement,0,Gaussian rigidity ~ -0.8 kappa (Hu 2012); enters only through topology changes. not in KB source_audit — register before SOURCED,aleph/cell/spec.example.toml,2095
membrane.lipid_area_per_molecule,membrane,7e-07,7e-07,um^2,EXAMPLE,EXAMPLE,,membrane.lipid_area_per_molecule,target,target_without_band,UNASSIGNED,declared_read_complement,1,"Generic fluid phosphatidylcholine scale, not MCF7: Kucerka et al. J Membr Biol 2005 DOI 10.1007/s00232-005-7006-8 reports POPC 68.3 +/- 1.5 A^2 at 30 C. 0.7 nm^2 = 7e-7 um^2; range is exploratory, not that paper's confidence interval. Both leaflets contribute 2/a molecules per projected bilayer area.",aleph/cell/spec.example.toml,2101
membrane.lipid_diffusion,membrane,1.0,1.0,um^2/s,EXAMPLE,EXAMPLE,,membrane.lipid_diffusion,target,target_without_band,UNASSIGNED,declared_read_complement,1,lipid lateral diffusion ~1 um^2/s. not in KB source_audit — register before SOURCED,aleph/cell/spec.example.toml,2083
membrane.lipid_label_fraction,membrane,0.01,0.01,1,EXAMPLE,EXAMPLE,,membrane.lipid_label_fraction,target,target_without_band,UNASSIGNED,declared_read_complement,1,"Passive material identity label fraction chosen for an observable self-diffusion population. Labels are chemically identical and do not change total lipid mass or membrane free energy; this is a measurement choice, not an inferred composition fraction.",aleph/cell/spec.example.toml,2135
membrane.lipid_tracer_enabled,membrane,0.0,0.0,1,EXAMPLE,EXAMPLE,,membrane.lipid_tracer_enabled,target,target_without_band,UNASSIGNED,declared_read_complement,1,"switch, not a material value: 1 puts the labelled-tracer walk (physics.surface_diffusion) in the step AFTER the mechanical solve. The tracer exerts NO force and never enters the solve; at 0 no labels are allocated and the step is exactly as it is today.",aleph/cell/spec.example.toml,2142
membrane.lysis_strain,membrane,0.03,0.03,1,EXAMPLE,EXAMPLE,,membrane.lysis_strain,target,declared_band_unverified,UNASSIGNED,declared_read_complement,0,bilayer rupture at ~3-5% areal strain (Evans 2003). not in KB source_audit — register before SOURCED,aleph/cell/spec.example.toml,2058
membrane.mesh,membrane,,0.05,um,SOURCED,SWEPT,resolution.spacing,resolution.spacing,bound,bound_not_independent,UNASSIGNED,bound_alias,5,"same 50-100 nm band as the cortex; floor PI-approved 2026-08-25 (subdiv 8 at R=7.5, edge 35 nm). Bound to resolution.spacing 2026-08-28; its former sweep band [0.050, 0.100] is recorded on the target",aleph/cell/spec.example.toml,162
membrane.mu_2d,membrane,10.0,10.0,pN/um,EXAMPLE,EXAMPLE,,membrane.mu_2d,target,target_without_band,UNASSIGNED,declared_read_complement,2,"2D shear modulus of the surface's in-plane network; every mesh edge is a segment at K_edge = 4 mu_2d / sqrt(3) (rung 5 arm (e): a triangular edge network with axial K has shear modulus sqrt(3) K/4 and area modulus sqrt(3) K/2; PLAN-2026-09-03z §2.3, PLAN-2026-09-03ab §1), rest = as-built. 10 pN/um is the rung-10 rig's EXAMPLE value (rung-10 rig — a development experiment, dev/experiments/ladder/rung10_surface_support.SURFACE_MU_2D since Phase 4 (ffba0ee2)), the one Z1 measured (the surface's dt ceiling 1e-7 -> 1e-6, no inversions) — NOT a bilayer property (a fluid bilayer has no shear modulus; the spectrin/ERM-cortex contribution is the physical carrier and is KB-GAP). Replaces membrane.edge_k: the term is ON for every closed surface and K is DERIVED, never typed (R0' fold, RESULT-2026-09-03-w5-r0prime)",aleph/cell/spec.example.toml,200
membrane.pressure,membrane,40.0,40.0,pN/um^2,EXAMPLE,EXAMPLE,,membrane.pressure,target,target_without_band,UNASSIGNED,declared_read_complement,1,"turgor dP0 = 40 Pa HeLa proxy (laws/turgor_constants.TURGOR_DP0) — CONVENIENCE, not sourced for MCF7",aleph/cell/spec.example.toml,181
membrane.spontaneous_curvature,membrane,0.0,0.0,1/um,EXAMPLE,EXAMPLE,,membrane.spontaneous_curvature,target,target_without_band,UNASSIGNED,declared_read_complement,0,Helfrich spontaneous curvature; 0 = symmetric bilayer (PI-GAP for the real leaflet asymmetry). not in KB source_audit — register before SOURCED,aleph/cell/spec.example.toml,2089
membrane.surface_viscosity_enabled,membrane,0.0,0.0,1,EXAMPLE,EXAMPLE,,membrane.surface_viscosity_enabled,target,target_without_band,UNASSIGNED,declared_read_complement,1,"switch, not a material value: 1 puts the Boussinesq-Scriven face operator (physics.surface_viscosity) in the step, 0 leaves the step exactly as it is today. Default 0 so the shipped build is launch-identical; a material coefficient is never a switch.",aleph/cell/spec.example.toml,2077
membrane.tension,membrane,10.0,10.0,pN/um,SWEPT,SWEPT,,membrane.tension,uniform,declared_range_unverified,UNASSIGNED,declared_read_complement,1,"bilayer in-plane tension gamma_mem 10 pN/um, band 3-40 (KB-3.B1.1); laws/compartments.resolve_membrane",aleph/cell/spec.example.toml,168
membrane.viscosity_2d,membrane,0.001,0.001,pN.s/um,EXAMPLE,EXAMPLE,,membrane.viscosity_2d,target,target_without_band,UNASSIGNED,declared_read_complement,0,membrane surface viscosity ~1e-9 Pa.s.m (Saffman-Delbruck; Dimova 2006). not in KB source_audit — register before SOURCED,aleph/cell/spec.example.toml,2064
membrane.volume_modulus,membrane,773100.0,773100.0,pN/um^2,EXAMPLE,EXAMPLE,,membrane.volume_modulus,target,target_without_band,UNASSIGNED,declared_read_complement,0,"PI decision 2026-09-16 18:57: KEEP. DERIVED row — the enclosed-volume law p = p0 + K_V (V0 - V)/V0 (Surfaces.k_volume, 2026-09-16, RESULT-2026-09-15 s10.4): the linearised van 't Hoff law of an enclosed ideal solution, K_V = pi_internal = osmotic.internal x osmotic.pressure_per_mM = 300 mM x 2577 pN/um^2/mM (d pi / d ln V = -pi at fixed solute; water crosses on the osmotic time scale, which is far longer than these steps). DERIVED from the osmotic rows, not measured: change those and re-derive this.",aleph/cell/spec.example.toml,2046
membrane.wrinkle_wavelength,membrane,1.0,1.0,um,EXAMPLE,EXAMPLE,,membrane.wrinkle_wavelength,target,target_without_band,UNASSIGNED,declared_read_complement,3,"option (b) for the outer membrane (CONTRACT-2026-09-09 addendum, PI 2026-09-09): the excess area is carried as wrinkles of this correlation length so that area0, volume0, edge rests and the face-area constraint's built_area derive from ONE geometry (before: two, and they fought — FINDING-2026-09-08-membrane-area-reference). 1.0 um mirrors envelope.wrinkle_wavelength as the EXAMPLE; it is NOT the physical reservoir (microvilli are actin-made and must emerge, PI 2026-08-29; caveolae ~60-80 nm are sub-mesh: Pietuch 2013 BBA, Sinha 2011 Cell) — a rest-source unifier, to be SOURCED or replaced when those carriers land. Removing this row restores option (a)",aleph/cell/spec.example.toml,206
microtubule.catastrophe_rate,microtubule,0.05,0.05,1/s,EXAMPLE,EXAMPLE,,microtubule.catastrophe_rate,target,declared_band_unverified,UNASSIGNED,declared_read_complement,1,catastrophe frequency ~0.01-0.05 /s in cells. PI-GAP. not in KB source_audit — register before SOURCED,aleph/cell/spec.example.toml,2374
microtubule.count,microtubule,500,500,1,EXAMPLE,EXAMPLE,,microtubule.count,target,target_without_band,UNASSIGNED,declared_read_complement,1,proxy ~250-600 MTs per epithelial cell; MCF7 count absent (PI-GAP),aleph/cell/spec.example.toml,630
microtubule.dimer_rise,microtubule,0.008,0.008,um,EXAMPLE,EXAMPLE,,microtubule.dimer_rise,target,target_without_band,UNASSIGNED,declared_read_complement,1,"the lattice rise of one tubulin dimer, 8 nm — the end-stroke unit delta of the microtubule family, which is what makes growth_speed a DERIVED on-rate: k_on = growth_speed / (dimer_rise * tubulin_conc) [1/(uM.s)] and the shrink off-rate k_off_b = shrink_speed / dimer_rise [1/s]. LOAD HAZARD, stated where the number is: the on-law multiplies by exp(f*delta/kT), so with delta = 0.008 um and kT = 4.28e-3 pN.um (310 K) one pN of slot load is exp(1.87) = 6.5x and 10 pN is exp(18.7) = 1.3e8 — end_growth clamps the exponent at 50 (f = 26.8 pN), which is a runaway, not a limit. The microtubule family therefore runs under the DECLARED zero load (growth_load = 'zero', the live operating point for actin too); growth_load = 'stretch' is refused for it in assemble.wire_growth. not in KB source_audit — register before SOURCED",aleph/cell/spec.example.toml,2404
microtubule.dormant_fraction,microtubule,0.1,0.1,1,EXAMPLE,EXAMPLE,,microtubule.dormant_fraction,target,target_without_band,UNASSIGNED,declared_read_complement,1,"dormant node rows per live microtubule node for the growth insert pool, ceil(fraction x live); as cortex.dormant_fraction's clause (growth-wiring §4). Sizing, not a claim: at growth_speed 0.25 um/s and dimer_rise 0.008 um an end adds one NODE (seg 0.4 um) every ~1.6 s, so a 1 s row on the built arms uses far less than 0.1 of the family — and an exhausted pool COUNTS pool_exhausted, it does not silently stop",aleph/cell/spec.example.toml,650
microtubule.end_segment_band_hi,microtubule,2.0,2.0,1,EXAMPLE,EXAMPLE,,microtubule.end_segment_band_hi,target,target_without_band,UNASSIGNED,declared_read_complement,1,"upper edge of the microtubule end segment's band, in multiples of microtubule.seg: above it a dormant node is inserted at the midpoint. As actin_chem.end_segment_band_hi, and for the same directive-6 reason (2.0 x seg sits on fluid.spacing_factor)",aleph/cell/spec.example.toml,2398
microtubule.end_segment_band_lo,microtubule,0.5,0.5,1,EXAMPLE,EXAMPLE,,microtubule.end_segment_band_lo,target,target_without_band,UNASSIGNED,declared_read_complement,1,"lower edge of the microtubule end segment's rest-length band, in multiples of microtubule.seg: below it the end node is retired to the pool. Same fraction as actin_chem.end_segment_band_lo because no microtubule-specific value is sourced — the ROW is separate so the family does not read actin's, and so a sweep can move one without the other. end_growth refuses unless lo < hi/2 and dimer_rise <= (hi - lo) x seg",aleph/cell/spec.example.toml,2392
microtubule.growth_speed,microtubule,0.25,0.25,um/s,EXAMPLE,EXAMPLE,,microtubule.growth_speed,target,target_without_band,UNASSIGNED,declared_read_complement,1,in-cell plus-end growth ~10-20 um/min (EB tracking). PI-GAP for MCF7. not in KB source_audit — register before SOURCED,aleph/cell/spec.example.toml,2362
microtubule.mtoc_radius,microtubule,0.25,0.25,um,EXAMPLE,EXAMPLE,,microtubule.mtoc_radius,target,target_without_band,UNASSIGNED,declared_read_complement,2,centrosome ~0.5 um across,aleph/cell/spec.example.toml,642
microtubule.nucleation_rate,microtubule,0.1,0.1,1/s,EXAMPLE,EXAMPLE,,microtubule.nucleation_rate,target,target_without_band,UNASSIGNED,declared_read_complement,1,MTOC nucleation rate — PI-GAP (a target Aleph must find; the number is an initial point); count (microtubule.count) should DERIVE from this and the lifetime. not in KB source_audit — register before SOURCED,aleph/cell/spec.example.toml,2386
microtubule.rescue_rate,microtubule,0.05,0.05,1/s,EXAMPLE,EXAMPLE,,microtubule.rescue_rate,target,target_without_band,UNASSIGNED,declared_read_complement,1,rescue frequency ORDER OF MAGNITUDE. PI-GAP. not in KB source_audit — register before SOURCED,aleph/cell/spec.example.toml,2380
microtubule.seg,microtubule,,0.05,um,EXAMPLE,SWEPT,resolution.spacing,resolution.spacing,bound,bound_not_independent,UNASSIGNED,bound_alias,2,D1 DECIDED — PI 2026-08-29 00:34 KST 'proceed as recommended' (session ffn-cellsim-00): bead spacing = fluid cell (directive 6). History: PI 2026-08-24 set 0.5 um for the EXPLICIT engine ('50 nm bought nothing and set the timestep'); under the implicit solver that argument is gone and a 0.5 um segment was invisible to the fluid over 10 cells,aleph/cell/spec.example.toml,636
microtubule.shrink_speed,microtubule,0.5,0.5,um/s,EXAMPLE,EXAMPLE,,microtubule.shrink_speed,target,target_without_band,UNASSIGNED,declared_read_complement,1,shrinkage ~30 um/min. PI-GAP. not in KB source_audit — register before SOURCED,aleph/cell/spec.example.toml,2368
microtubule.tubulin_conc,microtubule,20.0,20.0,uM,EXAMPLE,EXAMPLE,,microtubule.tubulin_conc,target,declared_band_unverified,UNASSIGNED,declared_read_complement,1,free tubulin dimer ~10-20 uM. PI-GAP. not in KB source_audit — register before SOURCED,aleph/cell/spec.example.toml,2410
microvillus.areal_density,microvillus,0.0,0.0,1/um^2,SWEPT,SWEPT,,microvillus.areal_density,uniform,declared_range_unverified,UNASSIGNED,declared_read_complement,2,"PI 2026-08-29 01:45: default OFF — straight uniform 1 um tubes are a drawn shape, not a physical one; the axis stays (2/um^2 EXAMPLE was the E3 starting point) until actin bundles + membrane tension make the shape",aleph/cell/spec.example.toml,586
microvillus.filaments,microvillus,,20,1,EXAMPLE,EXAMPLE,filopodium.filaments,filopodium.filaments,bound,bound_not_independent,UNASSIGNED,bound_alias,1,core bundle 20-30 filaments; same band as the filopodium bundle,aleph/cell/spec.example.toml,605
microvillus.length,microvillus,1.0,1.0,um,EXAMPLE,EXAMPLE,,microvillus.length,target,declared_band_unverified,UNASSIGNED,declared_read_complement,1,microvilli 0.5-2 um long; MCF7 value KB-GAP,aleph/cell/spec.example.toml,593
microvillus.radius,microvillus,0.05,0.05,um,EXAMPLE,EXAMPLE,,microvillus.radius,target,target_without_band,UNASSIGNED,declared_read_complement,2,membrane tube radius ~50 nm (microvillus diameter ~0.1 um); the bundle (r ~0.025) sits one ERM reach inside it,aleph/cell/spec.example.toml,599
microvillus.seg,microvillus,,0.05,um,EXAMPLE,SWEPT,resolution.spacing,resolution.spacing,bound,bound_not_independent,UNASSIGNED,bound_alias,1,bead spacing = fluid cell (directive 6),aleph/cell/spec.example.toml,617
microvillus.spacing,microvillus,,0.012,um,EXAMPLE,EXAMPLE,stress_fiber.spacing,stress_fiber.spacing,bound,bound_not_independent,UNASSIGNED,bound_alias,1,espin / fimbrin / villin inter-filament spacing ~12 nm (KB-DRAFT-3-23: bundlers UNSOURCED); same 12 nm as the stress-fiber packing,aleph/cell/spec.example.toml,611
microvillus.tip_clearance,microvillus,0.05,0.05,um,EXAMPLE,EXAMPLE,,microvillus.tip_clearance,target,target_without_band,UNASSIGNED,declared_read_complement,1,core tip this far below the membrane cap (one fluid cell),aleph/cell/spec.example.toml,623
microvillus_bundler.k,microvillus_bundler,1000.0,1000.0,pN/um,EXAMPLE,EXAMPLE,,microvillus_bundler.k,target,target_without_band,UNASSIGNED,declared_read_complement,0,"microvillar bundler linker stiffness — UNKNOWN, PI-GAP (a target Aleph must find; the number is an initial point). The microvillar bundler is espin / fimbrin (I-plastin) / villin, NOT fascin: microvillus.spacing is 12 nm and that row's own source names those three, while fascin's sourced bundle spacing is 8 nm (filopodium.spacing, Courson & Rock 2010). NO rate constant for espin, fimbrin, I-plastin or villin exists anywhere in this corpus — searched 2026-09-21 over aleph/references, aleph/docs, aleph/laws and this file; every hit says UNSOURCED (KB-DRAFT-3-23, SE_REGISTRATION_CANDIDATES_2026-06-30, architecture_spec.py 'espin/fimbrin STAND-IN'). So the value here EQUALS the fascin row's value (PI 2026-09-21 20:51): it is where the search starts, not a measurement. Equal to fascin.k. not in KB source_audit — register before SOURCED",aleph/cell/spec.example.toml,4189
microvillus_bundler.k_off0,microvillus_bundler,0.1,0.1,1/s,EXAMPLE,EXAMPLE,,microvillus_bundler.k_off0,target,target_without_band,UNASSIGNED,declared_read_complement,0,"microvillar bundler unbinding rate at zero load — PI-GAP (a target Aleph must find; the number is an initial point). The microvillar bundler is espin / fimbrin (I-plastin) / villin, NOT fascin: microvillus.spacing is 12 nm and that row's own source names those three, while fascin's sourced bundle spacing is 8 nm (filopodium.spacing, Courson & Rock 2010). NO rate constant for espin, fimbrin, I-plastin or villin exists anywhere in this corpus — searched 2026-09-21 over aleph/references, aleph/docs, aleph/laws and this file; every hit says UNSOURCED (KB-DRAFT-3-23, SE_REGISTRATION_CANDIDATES_2026-06-30, architecture_spec.py 'espin/fimbrin STAND-IN'). So the value here EQUALS the fascin row's value (PI 2026-09-21 20:51): it is where the search starts, not a measurement. Equal to fascin.k_off0 (Aratyn 2007, ORDER OF MAGNITUDE). not in KB source_audit — register before SOURCED",aleph/cell/spec.example.toml,4183
microvillus_bundler.k_on,microvillus_bundler,1.0,1.0,1/s,EXAMPLE,EXAMPLE,,microvillus_bundler.k_on,target,target_without_band,UNASSIGNED,declared_read_complement,0,"microvillar bundler binding rate — PI-GAP (a target Aleph must find; the number is an initial point). The microvillar bundler is espin / fimbrin (I-plastin) / villin, NOT fascin: microvillus.spacing is 12 nm and that row's own source names those three, while fascin's sourced bundle spacing is 8 nm (filopodium.spacing, Courson & Rock 2010). NO rate constant for espin, fimbrin, I-plastin or villin exists anywhere in this corpus — searched 2026-09-21 over aleph/references, aleph/docs, aleph/laws and this file; every hit says UNSOURCED (KB-DRAFT-3-23, SE_REGISTRATION_CANDIDATES_2026-06-30, architecture_spec.py 'espin/fimbrin STAND-IN'). So the value here EQUALS the fascin row's value (PI 2026-09-21 20:51): it is where the search starts, not a measurement. Equal to fascin.k_on (Aratyn 2007 turnover ~s). not in KB source_audit — register before SOURCED",aleph/cell/spec.example.toml,4177
microvillus_bundler.length,microvillus_bundler,0.0085,0.0085,um,EXAMPLE,EXAMPLE,,microvillus_bundler.length,target,target_without_band,UNASSIGNED,declared_read_complement,0,"microvillar bundler centre-to-centre SPAN — PI-GAP (a target Aleph must find; the number is an initial point). The microvillar bundler is espin / fimbrin (I-plastin) / villin, NOT fascin: microvillus.spacing is 12 nm and that row's own source names those three, while fascin's sourced bundle spacing is 8 nm (filopodium.spacing, Courson & Rock 2010). NO rate constant for espin, fimbrin, I-plastin or villin exists anywhere in this corpus — searched 2026-09-21 over aleph/references, aleph/docs, aleph/laws and this file; every hit says UNSOURCED (KB-DRAFT-3-23, SE_REGISTRATION_CANDIDATES_2026-06-30, architecture_spec.py 'espin/fimbrin STAND-IN'). So the value here EQUALS the fascin row's value (PI 2026-09-21 20:51): it is where the search starts, not a measurement. Equal to fascin.length (8.1-8.5 nm, Courson & Rock 2010). cell/bonds._bundle_crosslink checks this span against the reach the 12 nm packing implies (shells 12.0 / 20.8 nm, reach 16.39 nm) and REFUSES a span past it. WARNING, reported not refused: 8.5 nm is 3.5 nm SHORTER than the 12 nm first shell this molecule is asked to bridge — the bond rests at the distance it formed at, so nothing is stretched and no force is injected, but a real espin / fimbrin / villin span would be about 12 nm and this row is where that number belongs when a source gives it. not in KB source_audit — register before SOURCED",aleph/cell/spec.example.toml,4201
microvillus_bundler.sites_per_node,microvillus_bundler,3.0,3.0,1,EXAMPLE,EXAMPLE,,microvillus_bundler.sites_per_node,target,target_without_band,UNASSIGNED,declared_read_complement,0,"crosslinker slots one microvillar core node carries, each holding a DIFFERENT neighbour filament (cell/bonds._bundle_crosslink, physics.kinetics sites_per_owner) — PI-GAP (a target Aleph must find; the number is an initial point). A hex-packed filament has up to 6 first-shell neighbours (cell/bonds.bundle_valence_limit measures it on the built packing and REFUSES more), and at 1 every node of a filament picked the same nearest neighbour and a 20-filament bundle came out as 3.235 components (INVENTORY-2026-09-21 E' B1). Chosen as the smallest valence at which the native tubes build measures ONE component per bundle; see that item for the 1 / 2 / 3 table. not in KB source_audit — register before SOURCED",aleph/cell/spec.example.toml,4207
microvillus_bundler.x_beta,microvillus_bundler,0.0004,0.0004,um,EXAMPLE,EXAMPLE,,microvillus_bundler.x_beta,target,target_without_band,UNASSIGNED,declared_read_complement,0,"microvillar bundler Bell length — UNKNOWN, PI-GAP (a target Aleph must find; the number is an initial point). The microvillar bundler is espin / fimbrin (I-plastin) / villin, NOT fascin: microvillus.spacing is 12 nm and that row's own source names those three, while fascin's sourced bundle spacing is 8 nm (filopodium.spacing, Courson & Rock 2010). NO rate constant for espin, fimbrin, I-plastin or villin exists anywhere in this corpus — searched 2026-09-21 over aleph/references, aleph/docs, aleph/laws and this file; every hit says UNSOURCED (KB-DRAFT-3-23, SE_REGISTRATION_CANDIDATES_2026-06-30, architecture_spec.py 'espin/fimbrin STAND-IN'). So the value here EQUALS the fascin row's value (PI 2026-09-21 20:51): it is where the search starts, not a measurement. Equal to fascin.x_beta, itself the same initial point as filamin.x_beta (Ferrer 2008), the only measured crosslinker Bell length in this file. not in KB source_audit — register before SOURCED",aleph/cell/spec.example.toml,4195
motor.consistency_tolerance,motor,2.0,2.0,1,EXAMPLE,EXAMPLE,,motor.consistency_tolerance,target,target_without_band,UNASSIGNED,declared_read_complement,1,"the RATIO band inside which velocity/k_off0 must agree with run_length (cell/bonds.check_motor_consistency). 2x is the scatter single-molecule motor numbers carry across assays and labs (buffer, ATP, load geometry, surface); a tighter band would refuse published rows, a looser one would accept a molecule that is not one. Declared as a band, not fitted: the shipped kinesin rows land at 1.25x and dynein at 1.00x",aleph/cell/spec.example.toml,3034
nmii.areal_density,nmii,0.625,0.625,1/um^2,SOURCED,SOURCED,,nmii.areal_density,lognormal,sourced_without_spread,UNASSIGNED,declared_read_complement,1,Nie 2015 — the only DIRECT cortical NMII minifilament areal density in the corpus (16-21/um^2 band is a back-calculated GAP target),aleph/cell/spec.example.toml,346
nmii.arm_kappa,nmii,0.01,0.01,pN.um^2,EXAMPLE,EXAMPLE,,nmii.arm_kappa,target,target_without_band,UNASSIGNED,declared_read_complement,2,head-arm orientation about pi/2,aleph/cell/spec.example.toml,412
nmii.arm_radius,nmii,0.002,0.002,um,EXAMPLE,EXAMPLE,,nmii.arm_radius,target,target_without_band,UNASSIGNED,declared_read_complement,1,"D5 DECIDED — PI 2026-08-29 00:34 KST: the head arm (S2 coiled coil, ~2 nm across) carries beads at the fluid cell; radius for their drag and mass. Unsourced",aleph/cell/spec.example.toml,388
nmii.arm_seg,nmii,,0.05,um,EXAMPLE,SWEPT,resolution.spacing,resolution.spacing,bound,bound_not_independent,UNASSIGNED,bound_alias,1,head-arm bead spacing = fluid cell (directive 6); the arm was one 0.2 um segment spanning 4 cells,aleph/cell/spec.example.toml,394
nmii.assembly_rate,nmii,0.03,0.03,1/s,EXAMPLE,EXAMPLE,,nmii.assembly_rate,target,target_without_band,UNASSIGNED,declared_read_complement,2,"minifilament assembly/exchange, FRAP t1/2 ~10-30 s ORDER OF MAGNITUDE. PI-GAP. READ (nmii-life lane, 2026-09-21): with nmii.disassembly_rate it is the two-state life of a whole minifilament OBJECT (physics/object_life), and the ratio ka/(ka+kd) is the stationary ASSEMBLED fraction, so the free pool the build carries as dormant objects is assembled x (kd/ka). not in KB source_audit — register before SOURCED",aleph/cell/spec.example.toml,2021
nmii.backbone_EA,nmii,44000.0,44000.0,pN,EXAMPLE,EXAMPLE,,nmii.backbone_EA,target,target_without_band,UNASSIGNED,declared_read_complement,1,assumed actin-like axial modulus for the tail bundle,aleph/cell/spec.example.toml,400
nmii.backbone_kappa,nmii,1.0,1.0,pN.um^2,EXAMPLE,EXAMPLE,,nmii.backbone_kappa,target,target_without_band,UNASSIGNED,declared_read_complement,1,stiff rod,aleph/cell/spec.example.toml,406
nmii.backbone_length,nmii,0.301,0.301,um,EXAMPLE,EXAMPLE,,nmii.backbone_length,target,target_without_band,UNASSIGNED,declared_read_complement,1,"Billington 2013 archived figure, PI-GAP status",aleph/cell/spec.example.toml,364
nmii.backbone_radius,nmii,0.008,0.008,um,EXAMPLE,EXAMPLE,,nmii.backbone_radius,target,target_without_band,UNASSIGNED,declared_read_complement,1,minifilament tail bundle ~16 nm across,aleph/cell/spec.example.toml,376
nmii.disassembly_rate,nmii,0.03,0.03,1/s,EXAMPLE,EXAMPLE,,nmii.disassembly_rate,target,target_without_band,UNASSIGNED,declared_read_complement,2,"as nmii.assembly_rate; PI-GAP. READ (nmii-life lane, 2026-09-21) as the rate at which an assembled minifilament object leaves the world, releasing every crossbridge relation it owns. Disassembly WITHOUT reassembly is not a partial implementation but a destructive one (95 % of the population gone in 100 s), so the two rows are wired as one law or not at all — physics/object_life.object_blocks refuses ka = 0 with kd > 0. not in KB source_audit — register before SOURCED",aleph/cell/spec.example.toml,2027
nmii.head_offset,nmii,0.2,0.2,um,EXAMPLE,EXAMPLE,,nmii.head_offset,target,target_without_band,UNASSIGNED,declared_read_complement,1,"archived, sourced to nothing (PI-GAP)",aleph/cell/spec.example.toml,370
nmii.head_radius,nmii,0.005,0.005,um,EXAMPLE,EXAMPLE,,nmii.head_radius,target,target_without_band,UNASSIGNED,declared_read_complement,1,motor domain ~10 nm,aleph/cell/spec.example.toml,382
nmii.heads_per_side,nmii,30,30,1,EXAMPLE,EXAMPLE,,nmii.heads_per_side,target,target_without_band,UNASSIGNED,declared_read_complement,1,"PI decision 6 test point (no band ratified); Billington 2013 28, Melli 2018 / Tripathi 2021 ~30 per end; AFINES 10",aleph/cell/spec.example.toml,358
nmii.isoform_iia_fraction,nmii,1.0,1.0,1,EXAMPLE,EXAMPLE,,nmii.isoform_iia_fraction,target,target_without_band,UNASSIGNED,declared_read_complement,5,"NMIIA:IIB ratio — MCF7 unknown; 1.0 = all IIA. PI-GAP. READ (nmii-life lane, 2026-09-21) by cell/build/nmii: the isoform is assigned PER MINIFILAMENT (co-assembly of mixed bipolar filaments is real, but no row in this file gives a mixing rule, so a per-head draw would be an invented law), deterministically in cell.seed, and the IIB minifilaments' heads own a second crossbridge kind reading the crossbridge.iib.* rows below. At 1.0 no IIB head exists, the second kind is not built, and the build is the pre-2026-09-21 one bit for bit. not in KB source_audit — register before SOURCED",aleph/cell/spec.example.toml,1965
nmii.lever_arm,nmii,0.0075,0.0075,um,EXAMPLE,EXAMPLE,,nmii.lever_arm,target,target_without_band,UNASSIGNED,declared_read_complement,2,myosin II lever arm ~7.5 nm (Howard 2001). not in KB source_audit — register before SOURCED,aleph/cell/spec.example.toml,2039
nmii.n_backbone,nmii,14,14,1,EXAMPLE,EXAMPLE,,nmii.n_backbone,target,target_without_band,UNASSIGNED,declared_read_complement,1,"archived HOOMD figure, I0-B3 PI-GAP (world/build/nmii.NMII_PI_GAPS)",aleph/cell/spec.example.toml,352
nmii.object_life,nmii,1,1,1,EXAMPLE,EXAMPLE,,nmii.object_life,target,target_without_band,UNASSIGNED,declared_read_complement,1,"nmii-life lane, 2026-09-21. 1 = the two rates above are a LAW: the build lays assembled AND dormant minifilament objects (total = assembled / (ka/(ka+kd))) and physics/object_life moves each object between the two states every step. 0 = the pre-2026-09-21 build, assembled objects only, no dormant reserve, bit for bit. SHIPPED AT 1 because the spec already declares both rates at a physiological value and the rule is to start at the physiological operating point — this is the row being wired, not a switch being flipped, and it CHANGES THE DEFAULT BUILD's node count (aleph/docs/v2_audit/INVENTORY-2026-09-21 E' N1). not in KB source_audit",aleph/cell/spec.example.toml,2033
nmii.rlc_phosphorylated_fraction,nmii,0.3,0.3,1,EXAMPLE,EXAMPLE,,nmii.rlc_phosphorylated_fraction,target,target_without_band,UNASSIGNED,declared_read_complement,3,"active (RLC-phosphorylated) fraction — PI-GAP (a target Aleph must find; the number is an initial point). WHICH READING THE BUILD TAKES (nmii-life lane, 2026-09-21, after three rows were found to claim one quantity): this row is HEAD COMPETENCE and nothing else — cell/bonds.kinetic_owners gives a crossbridge relation to only this fraction of heads, and the built OBJECT count does not depend on it. The clause that stood here until today — the one asserting that this row fixed the assembled-minifilament fraction, quoted verbatim as the sentinel _ASSEMBLY_CLAIM in cell/nmii_molecules.py and deliberately NOT repeated in this file, so that restoring it here is what trips the refusal — is the reading the build does NOT take: nmii.areal_density (SOURCED, Nie 2015) already counts ASSEMBLED minifilaments and nmii.assembly_rate/nmii.disassembly_rate already fix the assembled fraction at ka/(ka+kd) = 0.5, so applying this row to the object count as well would reduce one population twice and would declare one fraction to be both 0.3 and 0.5. NEITHER VALUE WAS CHANGED to reconcile them — the readings were made disjoint and cell/nmii_molecules.assembled_population refuses the double count with the numbers. not in KB source_audit — register before SOURCED",aleph/cell/spec.example.toml,2015
nucleus.eta_nucleoplasm,nucleus,52.0,52.0,pN.s/um^2,SOURCED,SOURCED,,nucleus.eta_nucleoplasm,lognormal,sourced_without_spread,UNASSIGNED,declared_read_complement,0,"bulk nucleoplasm viscosity ~52 Pa.s (Tseng 2004 JCS, KB SE561 — Anchor OK)",aleph/cell/spec.example.toml,2296
nucleus.g_prime_nucleoplasm,nucleus,18.0,18.0,pN/um^2,SOURCED,SOURCED,,nucleus.g_prime_nucleoplasm,lognormal,sourced_without_spread,UNASSIGNED,declared_read_complement,0,"nucleoplasm G' ~18 Pa, solid-like (Tseng 2004 JCS, KB SE561)",aleph/cell/spec.example.toml,2302
osmotic.external,osmotic,300.0,300.0,mM,EXAMPLE,EXAMPLE,,osmotic.external,target,target_without_band,UNASSIGNED,declared_read_complement,1,isotonic medium ~300 mOsm; the experiment context may override. not in KB source_audit — register before SOURCED,aleph/cell/spec.example.toml,2251
osmotic.external_water_volume,osmotic,1000000.0,1000000.0,um^3,EXAMPLE,EXAMPLE,,osmotic.external_water_volume,target,target_without_band,UNASSIGNED,declared_read_complement,1,"finite closed outside bath, 1e6 um^3 = 1 nL, ~1e5 x a cell: large enough that the outside concentration barely moves, finite so the two solute pools and the total water volume are conserved exactly. A real chamber volume replaces it. not in KB source_audit — register before SOURCED",aleph/cell/spec.example.toml,2283
osmotic.internal,osmotic,300.01552,300.01552,mM,EXAMPLE,EXAMPLE,,osmotic.internal,target,target_without_band,UNASSIGNED,declared_read_complement,1,isotonic medium + the rest-state osmotic difference that BALANCES the cell's mechanical pressure: dc = dP0 / RT = 40 Pa / 2577.48 Pa/mM = 0.015519 mM (dP0 = membrane.pressure's 40 Pa; Laplace 150 pN/um at R 7.5 um). Resolves the 09-15 contradiction (equal concentrations beside a declared turgor). PARAMETERS-2026-09-21; not in KB source_audit — register before SOURCED,aleph/cell/spec.example.toml,2245
osmotic.nucleoplasm,osmotic,,300.01552,mM,EXAMPLE,EXAMPLE,osmotic.internal,osmotic.internal,bound,bound_not_independent,UNASSIGNED,bound_alias,1,"the nucleoplasm is an enclosed ~300 mOsm solution too — the statement envelope.volume_modulus's own source row already makes. BOUND to osmotic.internal rather than given its own number: nothing here measures a nucleoplasm/cytosol osmotic offset, and inventing one would put a standing pressure across the envelope at t = 0. Unbind it the moment a measurement exists.",aleph/cell/spec.example.toml,2258
osmotic.pressure_per_mM,osmotic,2577.0,2577.0,pN/um^2/mM,SOURCED,SOURCED,,osmotic.pressure_per_mM,lognormal,sourced_without_spread,UNASSIGNED,declared_read_complement,2,"van 't Hoff RT at 310 K: 1 mM = 2577 Pa = 2577 pN/um^2 (1 Pa = 1 N/m^2 = 1e12 pN / 1e12 um^2 = 1 pN/um^2; the row said 2.577e-3, a 1e6 unit slip, corrected 2026-09-16 Session DT; physical constant)",aleph/cell/spec.example.toml,2264
osmotic.reference_temperature,osmotic,310.0,310.0,K,SOURCED,SOURCED,,osmotic.reference_temperature,point,point_not_sampling_axis,UNASSIGNED,declared_read_complement,1,"the declared reference of the unit conversion, not a biological parameter: osmotic.pressure_per_mM is R x this temperature (8.314 x 310 = 2577 Pa/mM), checked at build. Runtime pressure uses the actual kBT and molecule counts, so changing cell.temperature does not freeze RT here.",aleph/cell/spec.example.toml,2289
osmotic.reflection_coefficient,osmotic,1.0,1.0,1,EXAMPLE,EXAMPLE,,osmotic.reflection_coefficient,target,target_without_band,UNASSIGNED,declared_read_complement,2,sigma = 1 for impermeant solutes. not in KB source_audit — register before SOURCED,aleph/cell/spec.example.toml,2270
osmotic.water_permeation,osmotic,0,0,1,EXAMPLE,EXAMPLE,,osmotic.water_permeation,target,target_without_band,UNASSIGNED,declared_read_complement,0,"SWITCH, not a measurement: 1 binds cell/transport_build -> physics/surface_transport (face law q = n.(Vv - Ju), R = A/Lp, Pi = kBT(Nin/Vin - Nout/Vout) from the enclosed geometry). 0 = the shipped build, unchanged. With 1, membrane.pressure must be 0.0 (the declared turgor becomes the comparison target, not a second load) and StepConfig.fluid_volume_consistent must be false (this law replaces that numerical correction).",aleph/cell/spec.example.toml,2277
resolution.spacing,resolution,0.05,0.05,um,SWEPT,SWEPT,,resolution.spacing,uniform,declared_range_unverified,UNASSIGNED,declared_read_complement,1,"directive 6 (node spacing = fluid grid cell) as ONE input: every strand seg, every closed-surface mesh and fluid.dx are BOUND here. 0.05 default and {0.05, 0.1, 0.25} sweep = PI 2026-08-28 fluid.dx ruling; note the membrane band PI-approved 2026-08-25 was [0.05, 0.10] — at 0.25 the membrane realises subdiv 6 (0.14 um), PI to reconcile. PLAN-2026-08-28-resolution-uniformity §1",aleph/cell/spec.example.toml,30
sf_arc.filaments,sf_arc,0,0,1,SWEPT,SWEPT,,sf_arc.filaments,uniform,declared_range_unverified,UNASSIGNED,declared_read_complement,2,"SUSPENDED BASELINE = 0: PI decision 2026-09-07 21:49 (transcript 0185ec79, opus-driver) — adhesion-dependent family, and the built world has NO adhesion population (no clutch/integrin/FA/ECM/substrate nodes), so it stood without its cause; applied to the spec on PI go 2026-09-11 02:32 'ㄱㄱ' (lane-scopes transcript cdec934c, step 1 (b) option 1). Physiology: a transverse arc over the lamellum needs an adhesive substrate (Tinevez 2009 PNAS suspended L929: rounded cell, cortex + blebs only; micropipette aspiration measures this state). Band upper end = the former adherent value (20; band 7-30); the adherent cell is option 1 of the same decision, deferred until an adhesion population is built. Removes 2600 nodes from the native census.",aleph/cell/spec.example.toml,463
sf_arc.lift,sf_arc,0.4,0.4,um,EXAMPLE,EXAMPLE,,sf_arc.lift,target,target_without_band,UNASSIGNED,declared_read_complement,1,arc plane height above the basal plane; unsourced,aleph/cell/spec.example.toml,457
sf_arc.pitch,sf_arc,0.6,0.6,um,EXAMPLE,EXAMPLE,,sf_arc.pitch,target,target_without_band,UNASSIGNED,declared_read_complement,1,declared test point; no transverse-arc lamellar spacing in the Contract-Graph (world/build/sf_arc.ARC_PITCH_GAP),aleph/cell/spec.example.toml,451
sf_arc.seg,sf_arc,,0.05,um,EXAMPLE,SWEPT,cortex.seg,resolution.spacing,bound,bound_not_independent,UNASSIGNED,bound_alias,1,"C1 binding: the file said 'cortex step reused' — a value equal to another's is a binding, never a copy. Un-bind = give this population its own segment length",aleph/cell/spec.example.toml,476
sf_arc.spacing,sf_arc,,0.012,um,EXAMPLE,EXAMPLE,stress_fiber.spacing,stress_fiber.spacing,bound,bound_not_independent,UNASSIGNED,bound_alias,1,C1 binding: the file said 'as stress_fiber.spacing',aleph/cell/spec.example.toml,470
sim.dt,sim,1e-05,1e-05,s,EXAMPLE,EXAMPLE,,sim.dt,numerical,numerical_not_sampling_axis,UNASSIGNED,declared_read_complement,1,implicit elastic step: 1e5 x the explicit limit gamma/k ~ 1e-10 s of a solvent-dragged 50 nm actin segment; EXPLICIT stepping needs ~1e-11 s,aleph/cell/spec.example.toml,17
sim.fluid_iters,sim,20,20,1,EXAMPLE,EXAMPLE,,sim.fluid_iters,numerical,numerical_not_sampling_axis,UNASSIGNED,declared_read_complement,0,"outer Uzawa iterations per step; the achieved Stokes residual is recorded every step, never compared",aleph/cell/spec.example.toml,23
sim.inplane_count_floor_fraction,sim,0.05,0.05,1,EXAMPLE,EXAMPLE,,sim.inplane_count_floor_fraction,numerical,numerical_not_sampling_axis,UNASSIGNED,declared_read_complement,1,"positivity guard, not physics: no face may fall below this fraction of the count it was built with, because a face whose reference area reaches zero has no tension law left. Enforced by scaling each edge's one antisymmetric flux with its donor face's allowance, so the guard cannot create or destroy material the way clipping each face after the update would. One starved face therefore does not freeze the whole sheet. A run that reaches the floor is a run whose redistribution was limited, and the minimum donor allowance is in the record; it is not a failure of the step.",aleph/cell/spec.example.toml,2128
sim.inplane_flow_cg_iters,sim,64,64,1,EXAMPLE,EXAMPLE,,sim.inplane_flow_cg_iters,numerical,numerical_not_sampling_axis,UNASSIGNED,declared_read_complement,1,"numerical budget, not physics: the fixed Jacobi-PCG iteration count of the backward-Euler edge solve in physics.surface_count_flow. Explicit time stepping is unusable here — at the native spacing the fastest face pair relaxes in ~5e-7 s against a step of 1e-2 s — so the solve is implicit and run to a BUDGET, never to a tolerance that would need a host read inside the step. Conservation of the total count does not depend on this number (the unknown is the per-edge flux and every edge hands its two faces the same value with opposite signs); an under-solved step redistributes LESS, never more or from nowhere. 64 is a starting budget for a system whose condition number is about 1 + dt x lambda_max. The per-step record reports aggregate count/conservation diagnostics; the full per-face count is declared dynamic provider state, but continuation still requires recorder integration and a verified restore.",aleph/cell/spec.example.toml,2121
sim.surface_diffusion_max_crossings,sim,32,32,1,EXAMPLE,EXAMPLE,,sim.surface_diffusion_max_crossings,numerical,numerical_not_sampling_axis,UNASSIGNED,declared_read_complement,1,Numerical triangle-unfolding budget per label and physical step. Exhaustion retains the pending displacement and a sticky diagnostic; no density is reduced or path silently discarded. Native timestep/crossing convergence is unmeasured.,aleph/cell/spec.example.toml,10
stress_fiber.filaments,stress_fiber,0,0,1,SWEPT,SWEPT,,stress_fiber.filaments,uniform,declared_range_unverified,UNASSIGNED,declared_read_complement,2,"SUSPENDED BASELINE = 0: PI decision 2026-09-07 21:49 (transcript 0185ec79, opus-driver) — adhesion-dependent family, and the built world has NO adhesion population (no clutch/integrin/FA/ECM/substrate nodes), so it stood without its cause; applied to the spec on PI go 2026-09-11 02:32 'ㄱㄱ' (lane-scopes transcript cdec934c, step 1 (b) option 1). Physiology: a ventral stress fibre (its count derives from the basal disc, stress_fiber.pitch) needs an adhesive substrate (Tinevez 2009 PNAS suspended L929: rounded cell, cortex + blebs only; micropipette aspiration measures this state). Band upper end = the former adherent value (20; laws/architecture_spec.STRESS_FIBER band 7-30); the adherent cell is option 1 of the same decision, deferred until an adhesion population is built. Removes 9240 nodes from the native census.",aleph/cell/spec.example.toml,425
stress_fiber.pitch,stress_fiber,0.5,0.5,um,EXAMPLE,EXAMPLE,,stress_fiber.pitch,target,target_without_band,UNASSIGNED,declared_read_complement,1,PI-GAP; world/geometry.footprint default; count derives from the basal disc,aleph/cell/spec.example.toml,419
stress_fiber.sarcomere,stress_fiber,1.0,1.0,um,EXAMPLE,EXAMPLE,,stress_fiber.sarcomere,target,declared_band_unverified,UNASSIGNED,declared_read_complement,1,"Hotulainen 2006 0.5-1.4 um, PI-gated swept; RECORDED, places nothing (STATE.md (e) 5)",aleph/cell/spec.example.toml,444
stress_fiber.seg,stress_fiber,,0.05,um,EXAMPLE,SWEPT,cortex.seg,resolution.spacing,bound,bound_not_independent,UNASSIGNED,bound_alias,1,"C1 binding: the file said 'cortex step reused' — a value equal to another's is a binding, never a copy. Un-bind = give this population its own segment length",aleph/cell/spec.example.toml,438
stress_fiber.spacing,stress_fiber,0.012,0.012,um,EXAMPLE,EXAMPLE,,stress_fiber.spacing,target,target_without_band,UNASSIGNED,declared_read_complement,1,"~12 nm inter-filament packing, PI-gated (architecture_spec.bundle_spacing_um)",aleph/cell/spec.example.toml,432
substrate.stiffness,substrate,5000.0,5000.0,pN/um^2,EXAMPLE,EXAMPLE,,substrate.stiffness,target,target_without_band,UNASSIGNED,declared_absent_in_specimen,0,"5 kPa PAA-like substrate (Phase-1 contract in the KB, deprecated) — the independent variable of the traction observable. not in KB source_audit — register before SOURCED",aleph/cell/spec.example.toml,2562
substrate.thickness,substrate,50.0,50.0,um,EXAMPLE,EXAMPLE,,substrate.thickness,target,target_without_band,UNASSIGNED,declared_absent_in_specimen,0,gel thickness ~50 um; thin-gel corrections below ~10 um. not in KB source_audit — register before SOURCED,aleph/cell/spec.example.toml,2568
transport.dynein_cargo_fraction,transport,0.6,0.6,1,EXAMPLE,EXAMPLE,,transport.dynein_cargo_fraction,target,target_without_band,UNASSIGNED,declared_read_complement,0,EXAMPLE partition of the finite dynein complex pool into DDB-like cargo transport and cortical pulling species. Copied verbatim from codex/bio-wiring-20260915 transport_inputs.fragment.toml,aleph/cell/spec.example.toml,3554
transport.kinesin_cargo_fraction,transport,0.8,0.8,1,EXAMPLE,EXAMPLE,,transport.kinesin_cargo_fraction,target,target_without_band,UNASSIGNED,declared_read_complement,0,EXAMPLE partition of the finite kinesin complex pool into KIF5-like cargo dimers and kinesin-5 sliding tetramers; cell state/species abundance inference input. Copied verbatim from codex/bio-wiring-20260915 transport_inputs.fragment.toml,aleph/cell/spec.example.toml,3548
